Cases_CaseNumber,Products_ProductID,Products_Department,CaseTasks_Department
451908,DIGBRUXCRN,C&B,CAD DESIGN
451908,DIGBRUXCRN,C&B,BUSOFF
451908,DIGBRUXCRN,C&B,C&B
451908,DIGBRUXCRN,C&B,FIXED QC
451908,DIGBRUXCRN,C&B,SCHEDULING
451908,DIGBRUXCRN,C&B,SINTER
451908,DIGBRUXCRN,C&B,STAINGLZ
452043,DENAO4TMPD,CHAIRSIDE SERVICES,CHAIRSIDE SERVICES
452055,ART-EVQC-CLSHD,MISC,BUSOFF
452055,ART-EVQC-CLSHD,MISC,OUTSRCBUS
452055,ART-EVQC-CLSHD,MISC,PRINTING
452055,ART-EVQC-CLSHD,MISC,PARTIAL
452055,ART-EVQC-CLSHD,MISC,REMQC
452055,ART-EVQC-CLSHD,MISC,Removables
452055,ART-EVQC-CLSHD,MISC,SCHEDULING
452055,DIGMODCADREM,Removables,BUSOFF
452055,DIGMODCADREM,Removables,OUTSRCBUS
452055,DIGMODCADREM,Removables,PARTIAL
452055,DIGMODCADREM,Removables,Removables
452055,DIGMODCADREM,Removables,PRINTING
452055,PARTIALDUR,PARTIAL,BUSOFF
452055,DIGMODCADREM,Removables,REMQC
452055,PARTIALDUR,PARTIAL,REMQC
452055,DIGMODCADREM,Removables,SCHEDULING
452055,PARTIALDUR,PARTIAL,SCHEDULING
452055,PARTIALDUR,PARTIAL,OUTSRCBUS
452055,PARTIALDUR,PARTIAL,PARTIAL
452055,PARTIALDUR,PARTIAL,PRINTING
452055,PARTIALDUR,PARTIAL,Removables
449216,,,
451950,DENPROCNM,Removables,BUSOFF
451950,DENPROCNM,Removables,OUTSRCBUS
451950,DENPROCNM,Removables,Removables
451950,DENPROCNM,Removables,PARTIAL
451950,DENPROCNM,Removables,REMQC
451950,DENPROCNM,Removables,SCHEDULING
451950,INFCONT,MISC,OUTSRCBUS
451950,INFCONT,MISC,BUSOFF
451950,INFCONT,MISC,REMQC
451950,INFCONT,MISC,PARTIAL
451950,INFCONT,MISC,SCHEDULING
451950,INFCONT,MISC,Removables
451950,MODSTOREM,Removables,OUTSRCBUS
451950,MODSTOREM,Removables,BUSOFF
451950,MODSTOREM,Removables,Removables
451950,MODSTOREM,Removables,PARTIAL
451950,PARCASTFIN,PARTIAL,BUSOFF
451950,MODSTOREM,Removables,REMQC
451950,PARCASTFIN,PARTIAL,OUTSRCBUS
451950,MODSTOREM,Removables,SCHEDULING
451950,PARCASTFIN,PARTIAL,Removables
451950,PARCASTFIN,PARTIAL,PARTIAL
451950,PARCASTFIN,PARTIAL,REMQC
451950,PARCASTFIN,PARTIAL,SCHEDULING
451950,PARCASTSET,PARTIAL,PARTIAL
451950,PARCASTSET,PARTIAL,BUSOFF
451950,PARCASTSET,PARTIAL,SCHEDULING
451950,PARCASTSET,PARTIAL,OUTSRCBUS
451950,PARCASTSET,PARTIAL,Removables
451950,PARCASTSET,PARTIAL,REMQC
448070,DIGBRUXCRN,C&B,
451914,CRAHSC,SPLINTS,BUSOFF
451914,CRAHSC,SPLINTS,PRINTING
451914,CRAHSC,SPLINTS,SCHEDULING
451914,CRAHSC,SPLINTS,Removables
451914,DIGMODCADREM,Removables,SCHEDULING
451914,CRAHSC,SPLINTS,SPLINTS
451914,DIGMODCADREM,Removables,SPLINTS
451914,DIGMODCADREM,Removables,BUSOFF
451914,DIGMODCADREM,Removables,PRINTING
451914,DIGMODCADREM,Removables,Removables
449846,DENAO4ZIRC,CHAIRSIDE SERVICES,REMQC
449846,DENAO4ZIRC,CHAIRSIDE SERVICES,BUSOFF
449846,DENAO4ZIRC,CHAIRSIDE SERVICES,CHAIRSIDE SERVICES
449846,DENAO4ZIRC,CHAIRSIDE SERVICES,SCHEDULING
449846,INFCONT,MISC,BUSOFF
449846,INFCONT,MISC,CHAIRSIDE SERVICES
449846,INFCONT,MISC,REMQC
449846,INFCONT,MISC,SCHEDULING
451799,ART-EVQC-CLSCN,MISC,BUSOFF
451799,ART-EVQC-CLSCN,MISC,CAD DESIGN
451799,ART-EVQC-CLSCN,MISC,C&B
451799,ART-EVQC-CLSCN,MISC,FIXED QC
451799,DIGBRUXCRN,C&B,CAD DESIGN
451799,ART-EVQC-CLSCN,MISC,SCHEDULING
451799,DIGBRUXCRN,C&B,SCHEDULING
451799,ART-EVQC-CLSCN,MISC,SINTER
451799,DIGBRUXCRN,C&B,SINTER
451799,ART-EVQC-CLSCN,MISC,STAINGLZ
451799,DIGBRUXCRN,C&B,STAINGLZ
451799,DIGBRUXCRN,C&B,BUSOFF
451799,DIGBRUXCRN,C&B,C&B
451799,DIGBRUXCRN,C&B,FIXED QC
452024,DIGBRUXCRN,C&B,BUSOFF
452024,DIGBRUXCRN,C&B,BUILD MODEL
452024,DIGBRUXCRN,C&B,C&B
452024,DIGBRUXCRN,C&B,CAD DESIGN
452024,DIGBRUXCRN,C&B,FIXED MODELS
452024,DIGBRUXCRN,C&B,Fixed QC
452024,DIGBRUXCRN,C&B,PRINT STUDY MODELS
452024,DIGBRUXCRN,C&B,SCHEDULING
452024,DIGMODCADFIX,C&B,CAD DESIGN
452024,DIGBRUXCRN,C&B,SINTER
452024,DIGMODCADFIX,C&B,FIXED MODELS
452024,DIGBRUXCRN,C&B,STAINGLZ
452024,DIGMODCADFIX,C&B,SCHEDULING
452024,DIGMODCADFIX,C&B,BUILD MODEL
452024,DIGMODCADFIX,C&B,STAINGLZ
452024,DIGMODCADFIX,C&B,BUSOFF
452024,DIGMODCADFIX,C&B,C&B
452024,DIGMODCADFIX,C&B,Fixed QC
452024,DIGMODCADFIX,C&B,PRINT STUDY MODELS
452024,DIGMODCADFIX,C&B,SINTER
451739,ASC,IMPLANTS,BUSOFF
451739,ASC,IMPLANTS,Fixed QC
451739,ASC,IMPLANTS,C&B
451739,ASC,IMPLANTS,PORCELAIN
451739,ASC,IMPLANTS,CAD DESIGN
451739,ASC,IMPLANTS,PRINTING
451739,ASC,IMPLANTS,CUSTSHADE
451739,ASC,IMPLANTS,Scan Abutments
451739,ASC,IMPLANTS,Die Trim
451739,ASC,IMPLANTS,SINTER
451739,ASC,IMPLANTS,FIXED MODELS
451739,ASC,IMPLANTS,STAINGLZ
451739,ASC,IMPLANTS,Impl Eval/Set TA
451739,ATLTIABUTSMT,IMPLANTS,CAD DESIGN
451739,ASC,IMPLANTS,IMPLANTS
451739,ATLTIABUTSMT,IMPLANTS,Die Trim
451739,ASC,IMPLANTS,SCHEDULING
451739,ATLTIABUTSMT,IMPLANTS,Fixed QC
451739,ATLTIABUTSMT,IMPLANTS,BUSOFF
451739,ATLTIABUTSMT,IMPLANTS,Scan Abutments
451739,ATLTIABUTSMT,IMPLANTS,C&B
451739,ATLTIABUTSMT,IMPLANTS,SCHEDULING
451739,ATLTIABUTSMT,IMPLANTS,CUSTSHADE
451739,ATLTIABUTSMT,IMPLANTS,SINTER
451739,ATLTIABUTSMT,IMPLANTS,FIXED MODELS
451739,ATLTIABUTSMT,IMPLANTS,STAINGLZ
451739,ATLTIABUTSMT,IMPLANTS,Impl Eval/Set TA
451739,CRNCS,C&B,BUSOFF
451739,ATLTIABUTSMT,IMPLANTS,IMPLANTS
451739,CRNCS,C&B,C&B
451739,ATLTIABUTSMT,IMPLANTS,PORCELAIN
451739,CRNCS,C&B,Die Trim
451739,ATLTIABUTSMT,IMPLANTS,PRINTING
451739,CRNCS,C&B,Fixed QC
451739,CRNCS,C&B,CAD DESIGN
451739,CRNCS,C&B,Impl Eval/Set TA
451739,CRNCS,C&B,CUSTSHADE
451739,CRNCS,C&B,PRINTING
451739,CRNCS,C&B,FIXED MODELS
451739,CRNCS,C&B,SCHEDULING
451739,CRNCS,C&B,IMPLANTS
451739,CRNCS,C&B,SINTER
451739,CRNCS,C&B,PORCELAIN
451739,CRNCS,C&B,STAINGLZ
451739,CRNCS,C&B,Scan Abutments
451739,DIGANALOG,IMPLANT PT,BUSOFF
451739,DIGANALOG,IMPLANT PT,CAD DESIGN
451739,DIGANALOG,IMPLANT PT,C&B
451739,DIGANALOG,IMPLANT PT,CUSTSHADE
451739,DIGANALOG,IMPLANT PT,FIXED MODELS
451739,DIGANALOG,IMPLANT PT,Die Trim
451739,DIGANALOG,IMPLANT PT,IMPLANTS
451739,DIGANALOG,IMPLANT PT,Fixed QC
451739,DIGANALOG,IMPLANT PT,PRINTING
451739,DIGANALOG,IMPLANT PT,Impl Eval/Set TA
451739,DIGANALOG,IMPLANT PT,SCHEDULING
451739,DIGANALOG,IMPLANT PT,PORCELAIN
451739,DIGDWXDWU,C&B,BUSOFF
451739,DIGANALOG,IMPLANT PT,Scan Abutments
451739,DIGDWXDWU,C&B,C&B
451739,DIGANALOG,IMPLANT PT,SINTER
451739,DIGDWXDWU,C&B,Fixed QC
451739,DIGANALOG,IMPLANT PT,STAINGLZ
451739,DIGDWXDWU,C&B,Impl Eval/Set TA
451739,DIGDWXDWU,C&B,CAD DESIGN
451739,DIGDWXDWU,C&B,IMPLANTS
451739,DIGDWXDWU,C&B,CUSTSHADE
451739,DIGDWXDWU,C&B,PRINTING
451739,DIGDWXDWU,C&B,Die Trim
451739,DIGDWXDWU,C&B,SCHEDULING
451739,DIGDWXDWU,C&B,FIXED MODELS
451739,DIGLAYCRN,C&B,CAD DESIGN
451739,DIGDWXDWU,C&B,PORCELAIN
451739,DIGLAYCRN,C&B,Fixed QC
451739,DIGDWXDWU,C&B,Scan Abutments
451739,DIGLAYCRN,C&B,PORCELAIN
451739,DIGDWXDWU,C&B,SINTER
451739,DIGLAYCRN,C&B,PRINTING
451739,DIGDWXDWU,C&B,STAINGLZ
451739,DIGLAYCRN,C&B,Scan Abutments
451739,DIGLAYCRN,C&B,BUSOFF
451739,DIGLAYCRN,C&B,SCHEDULING
451739,DIGLAYCRN,C&B,C&B
451739,DIGLAYCRN,C&B,SINTER
451739,DIGLAYCRN,C&B,CUSTSHADE
451739,DIGLAYCRN,C&B,STAINGLZ
451739,DIGLAYCRN,C&B,Die Trim
451739,DIGLAYCRN,C&B,FIXED MODELS
451739,DIGLAYCRN,C&B,Impl Eval/Set TA
451739,DIGLAYCRN,C&B,IMPLANTS
451896,CRNBRUX,C&B,Brux Porcelain
451896,CRNBRUX,C&B,CAD Mill crown/coping
451896,CRNBRUX,C&B,C&B
451896,CRNBRUX,C&B,Die Trim
451896,CRNBRUX,C&B,FINISHING
451896,CRNBRUX,C&B,Outsource Design full contour
451896,CRNBRUX,C&B,FIXED MODELS
451896,CRNZIRCBR,C&B,Brux Porcelain
451896,CRNBRUX,C&B,FIXED QC
451896,CRNZIRCBR,C&B,Invoice and Ship
451896,CRNBRUX,C&B,Invoice and Ship
451896,CRNZIRCBR,C&B,Sinter
451896,CRNBRUX,C&B,Scan for crowns
451896,CRNZIRCBR,C&B,Stain & Glaze
451896,CRNBRUX,C&B,SCHEDULING
451896,CRNBRUX,C&B,Sinter
451896,CRNBRUX,C&B,Stain & Glaze
451896,CRNZIRCBR,C&B,C&B
451896,CRNZIRCBR,C&B,CAD Mill crown/coping
451896,CRNZIRCBR,C&B,Die Trim
451896,CRNZIRCBR,C&B,FINISHING
451896,CRNZIRCBR,C&B,FIXED MODELS
451896,CRNZIRCBR,C&B,FIXED QC
451896,CRNZIRCBR,C&B,Outsource Design full contour
451896,CRNZIRCBR,C&B,Scan for crowns
451896,CRNZIRCBR,C&B,SCHEDULING
445533,DIGBRUXCRN,C&B,CAD DESIGN
445533,DIGBRUXCRN,C&B,BUSOFF
445533,DIGBRUXCRN,C&B,FIXED QC
445533,DIGBRUXCRN,C&B,C&B
445533,DIGBRUXCRN,C&B,SCHEDULING
445533,DIGBRUXCRN,C&B,SINTER
445533,DIGBRUXCRN,C&B,STAINGLZ
451021,INFCONT,MISC,PRINTING
451021,INFCONT,MISC,BUSOFF
451021,INFCONT,MISC,Removables
451021,INFCONT,MISC,CAD DESIGN
451021,INFCONT,MISC,SCHEDULING
451021,INFCONT,MISC,IMPLANTS
451021,MODSTOREM,Removables,CAD DESIGN
451021,MODSTOREM,Removables,BUSOFF
451021,MODSTOREM,Removables,IMPLANTS
451021,MODSTOREM,Removables,PRINTING
451021,MODSTOREM,Removables,Removables
451021,MODSTOREM,Removables,SCHEDULING
451021,SGADDSITE,Surgical Guides,IMPLANTS
451021,SGADDSITE,Surgical Guides,BUSOFF
451021,SGADDSITE,Surgical Guides,PRINTING
451021,SGADDSITE,Surgical Guides,CAD DESIGN
451021,SGADDSITE,Surgical Guides,Removables
451021,SGADDSITE,Surgical Guides,SCHEDULING
451021,SGSTNTBSKY,Surgical Guides,CAD DESIGN
451021,SGSTNTBSKY,Surgical Guides,BUSOFF
451021,SGSTNTBSKY,Surgical Guides,IMPLANTS
451021,SGSTNTBSKY,Surgical Guides,SCHEDULING
451021,SGSTNTBSKY,Surgical Guides,PRINTING
451021,SGSTNTBSKY,Surgical Guides,Removables
451303,DIGBRUXCRN,C&B,
451902,CRNBRUX,C&B,Brux Porcelain
451902,CRNBRUX,C&B,C&B
451902,CRNBRUX,C&B,Die Trim
451902,CRNBRUX,C&B,CAD Mill crown/coping
451902,CRNBRUX,C&B,FIXED MODELS
451902,CRNBRUX,C&B,CEMENT
451902,CRNBRUX,C&B,Invoice and Ship
451902,CRNBRUX,C&B,FIXED QC
451902,CRNBRUX,C&B,Outsource Design full contour
451902,CRNBRUX,C&B,Scan for crowns
451902,CRNBRUX,C&B,Sinter
451902,CRNBRUX,C&B,SCHEDULING
451902,CRNBRUX,C&B,Stain & Glaze
451902,IMPSCRDES,IMPLANTS,Brux Porcelain
451902,IMPSCRDES,IMPLANTS,Die Trim
451902,IMPSCRDES,IMPLANTS,C&B
451902,IMPSCRDES,IMPLANTS,FIXED MODELS
451902,IMPSCRDES,IMPLANTS,CAD Mill crown/coping
451902,IMPSCRDES,IMPLANTS,Invoice and Ship
451902,IMPSCRDES,IMPLANTS,CEMENT
451902,IMPSCRDES,IMPLANTS,Outsource Design full contour
451902,IMPSCRDES,IMPLANTS,FIXED QC
451902,IMPSCRDES,IMPLANTS,Sinter
451902,IMPSCRDES,IMPLANTS,Scan for crowns
451902,IMPSCRDES,IMPLANTS,Stain & Glaze
451902,IMPSCRDES,IMPLANTS,SCHEDULING
451843,DIGEZZCRN,C&B,Brux Porcelain
451843,DIGEZZCRN,C&B,CAD Mill crown/coping
451843,DIGEZZCRN,C&B,BUILD MODEL
451843,DIGEZZCRN,C&B,DIGITAL SCAN REVIEW
451843,DIGEZZCRN,C&B,Fixed QC
451843,DIGEZZCRN,C&B,FIXED MODELS
451843,DIGEZZCRN,C&B,Invoice and Ship
451843,DIGEZZCRN,C&B,Outsource Design full contour
451843,DIGEZZCRN,C&B,Sinter
451843,DIGEZZCRN,C&B,PRINT STUDY MODELS
451843,DIGEZZCRN,C&B,Stain & Glaze
451843,DIGEZZCRN,C&B,SCHEDULING
451843,DIGMODCADFIX,C&B,CAD Mill crown/coping
451843,DIGMODCADFIX,C&B,Brux Porcelain
451843,DIGMODCADFIX,C&B,DIGITAL SCAN REVIEW
451843,DIGMODCADFIX,C&B,BUILD MODEL
451843,DIGMODCADFIX,C&B,FIXED MODELS
451843,DIGMODCADFIX,C&B,PRINT STUDY MODELS
451843,DIGMODCADFIX,C&B,Fixed QC
451843,DIGMODCADFIX,C&B,Sinter
451843,DIGMODCADFIX,C&B,Invoice and Ship
451843,DIGMODCADFIX,C&B,Outsource Design full contour
451843,DIGMODCADFIX,C&B,SCHEDULING
451843,DIGMODCADFIX,C&B,Stain & Glaze
451092,ASC,IMPLANTS,CAD Mill crown/coping
451092,ASC,IMPLANTS,Brux Porcelain
451092,ASC,IMPLANTS,Fixed QC
451092,ASC,IMPLANTS,FIXED MODELS
451092,ASC,IMPLANTS,IMPLANTS
451092,ASC,IMPLANTS,Impl Eval/Set TA
451092,ASC,IMPLANTS,Scan Abutments
451092,ASC,IMPLANTS,Invoice and Ship
451092,ASC,IMPLANTS,SCHEDULING
451092,ASC,IMPLANTS,Outsource Design full contour
451092,DIGANALOG,IMPLANT PT,FIXED MODELS
451092,ASC,IMPLANTS,Sinter
451092,DIGANALOG,IMPLANT PT,IMPLANTS
451092,ASC,IMPLANTS,Stain & Glaze
451092,DIGANALOG,IMPLANT PT,Invoice and Ship
451092,ASC,IMPLANTS,Tissue Trim
451092,DIGANALOG,IMPLANT PT,Outsource Design full contour
451092,DIGANALOG,IMPLANT PT,Brux Porcelain
451092,DIGANALOG,IMPLANT PT,Scan Abutments
451092,DIGANALOG,IMPLANT PT,CAD Mill crown/coping
451092,DIGANALOG,IMPLANT PT,Stain & Glaze
451092,DIGANALOG,IMPLANT PT,Fixed QC
451092,DIGANALOG,IMPLANT PT,Tissue Trim
451092,DIGANALOG,IMPLANT PT,Impl Eval/Set TA
451092,DIGEZZCRN,C&B,Brux Porcelain
451092,DIGANALOG,IMPLANT PT,SCHEDULING
451092,DIGEZZCRN,C&B,Fixed QC
451092,DIGANALOG,IMPLANT PT,Sinter
451092,DIGEZZCRN,C&B,Impl Eval/Set TA
451092,DIGEZZCRN,C&B,CAD Mill crown/coping
451092,DIGEZZCRN,C&B,Tissue Trim
451092,DIGEZZCRN,C&B,FIXED MODELS
451092,SCREWRETCRN,IMPLANTS,Brux Porcelain
451092,DIGEZZCRN,C&B,IMPLANTS
451092,SCREWRETCRN,IMPLANTS,Impl Eval/Set TA
451092,DIGEZZCRN,C&B,Invoice and Ship
451092,SCREWRETCRN,IMPLANTS,IMPLANTS
451092,DIGEZZCRN,C&B,Outsource Design full contour
451092,SCREWRETCRN,IMPLANTS,Scan Abutments
451092,DIGEZZCRN,C&B,Scan Abutments
451092,SCREWRETCRN,IMPLANTS,Sinter
451092,DIGEZZCRN,C&B,SCHEDULING
451092,SCREWRETCRN,IMPLANTS,Tissue Trim
451092,DIGEZZCRN,C&B,Sinter
451092,DIGEZZCRN,C&B,Stain & Glaze
451092,SCREWRETCRN,IMPLANTS,CAD Mill crown/coping
451092,SCREWRETCRN,IMPLANTS,FIXED MODELS
451092,SCREWRETCRN,IMPLANTS,Fixed QC
451092,SCREWRETCRN,IMPLANTS,Invoice and Ship
451092,SCREWRETCRN,IMPLANTS,Outsource Design full contour
451092,SCREWRETCRN,IMPLANTS,SCHEDULING
451092,SCREWRETCRN,IMPLANTS,Stain & Glaze
452056,DIGEZZCRN,C&B,BUILD MODEL
452056,DIGEZZCRN,C&B,Brux Porcelain
452056,DIGEZZCRN,C&B,FIXED MODELS
452056,DIGEZZCRN,C&B,CAD Mill crown/coping
452056,DIGEZZCRN,C&B,Outsource Design full contour
452056,DIGEZZCRN,C&B,DIGITAL SCAN REVIEW
452056,DIGEZZCRN,C&B,PRINT STUDY MODELS
452056,DIGEZZCRN,C&B,Fixed QC
452056,DIGMODCADFIX,C&B,CAD Mill crown/coping
452056,DIGEZZCRN,C&B,Invoice and Ship
452056,DIGMODCADFIX,C&B,FIXED MODELS
452056,DIGEZZCRN,C&B,SCHEDULING
452056,DIGMODCADFIX,C&B,Invoice and Ship
452056,DIGEZZCRN,C&B,Sinter
452056,DIGMODCADFIX,C&B,Outsource Design full contour
452056,DIGEZZCRN,C&B,Stain & Glaze
452056,DIGMODCADFIX,C&B,PRINT STUDY MODELS
452056,DIGMODCADFIX,C&B,Brux Porcelain
452056,DIGMODCADFIX,C&B,SCHEDULING
452056,DIGMODCADFIX,C&B,BUILD MODEL
452056,DIGMODCADFIX,C&B,Stain & Glaze
452056,DIGMODCADFIX,C&B,DIGITAL SCAN REVIEW
452056,DIGMODCADFIX,C&B,Fixed QC
452056,DIGMODCADFIX,C&B,Sinter
450252,CRNZIRCBR,C&B,Design abutment
450252,CRNZIRCBR,C&B,BUSOFF
450252,CRNZIRCBR,C&B,Impl Eval/Set TA
450252,CRNZIRCBR,C&B,C&B
450252,CRNZIRCBR,C&B,Impl. Abut. QC
450252,CRNZIRCBR,C&B,CAD DESIGN
450252,CRNZIRCBR,C&B,IMPLANT PT
450252,CRNZIRCBR,C&B,Die Trim
450252,CRNZIRCBR,C&B,Scan Abutments
450252,CRNZIRCBR,C&B,FINISHING
450252,CRNZIRCBR,C&B,SINTER
450252,CRNZIRCBR,C&B,FIXED MODELS
450252,CRNZIRCBR,C&B,STAINGLZ
450252,CRNZIRCBR,C&B,FIXED QC
450252,CRNZIRCBR,C&B,Tissue Trim
450252,CRNZIRCBR,C&B,IMPLANTS
450252,DIGANALOG,IMPLANT PT,BUSOFF
450252,CRNZIRCBR,C&B,SCHEDULING
450252,DIGANALOG,IMPLANT PT,C&B
450252,DIGANALOG,IMPLANT PT,CAD DESIGN
450252,DIGANALOG,IMPLANT PT,FINISHING
450252,DIGANALOG,IMPLANT PT,Design abutment
450252,DIGANALOG,IMPLANT PT,FIXED QC
450252,DIGANALOG,IMPLANT PT,Die Trim
450252,DIGANALOG,IMPLANT PT,Scan Abutments
450252,DIGANALOG,IMPLANT PT,FIXED MODELS
450252,DIGANALOG,IMPLANT PT,SCHEDULING
450252,DIGANALOG,IMPLANT PT,Impl Eval/Set TA
450252,DIGANALOG,IMPLANT PT,STAINGLZ
450252,DIGANALOG,IMPLANT PT,Impl. Abut. QC
450252,DIGBRUXCRN,C&B,BUSOFF
450252,DIGANALOG,IMPLANT PT,IMPLANT PT
450252,DIGBRUXCRN,C&B,C&B
450252,DIGANALOG,IMPLANT PT,IMPLANTS
450252,DIGBRUXCRN,C&B,Die Trim
450252,DIGANALOG,IMPLANT PT,SINTER
450252,DIGBRUXCRN,C&B,FINISHING
450252,DIGANALOG,IMPLANT PT,Tissue Trim
450252,DIGBRUXCRN,C&B,FIXED MODELS
450252,DIGBRUXCRN,C&B,CAD DESIGN
450252,DIGBRUXCRN,C&B,FIXED QC
450252,DIGBRUXCRN,C&B,Design abutment
450252,DIGBRUXCRN,C&B,IMPLANTS
450252,DIGBRUXCRN,C&B,Impl Eval/Set TA
450252,DIGBRUXCRN,C&B,SCHEDULING
450252,DIGBRUXCRN,C&B,Impl. Abut. QC
450252,STRASC,IMPLANT PT,BUSOFF
450252,DIGBRUXCRN,C&B,IMPLANT PT
450252,STRASC,IMPLANT PT,C&B
450252,DIGBRUXCRN,C&B,Scan Abutments
450252,STRASC,IMPLANT PT,FINISHING
450252,DIGBRUXCRN,C&B,SINTER
450252,STRASC,IMPLANT PT,FIXED QC
450252,DIGBRUXCRN,C&B,STAINGLZ
450252,STRASC,IMPLANT PT,Scan Abutments
450252,DIGBRUXCRN,C&B,Tissue Trim
450252,STRASC,IMPLANT PT,SCHEDULING
450252,STRASC,IMPLANT PT,CAD DESIGN
450252,STRASC,IMPLANT PT,STAINGLZ
450252,STRASC,IMPLANT PT,Design abutment
450252,STRSMT,IMPLANTS,BUSOFF
450252,STRASC,IMPLANT PT,Die Trim
450252,STRSMT,IMPLANTS,C&B
450252,STRASC,IMPLANT PT,FIXED MODELS
450252,STRSMT,IMPLANTS,Design abutment
450252,STRASC,IMPLANT PT,Impl Eval/Set TA
450252,STRSMT,IMPLANTS,Die Trim
450252,STRASC,IMPLANT PT,Impl. Abut. QC
450252,STRSMT,IMPLANTS,FIXED QC
450252,STRASC,IMPLANT PT,IMPLANT PT
450252,STRSMT,IMPLANTS,Impl Eval/Set TA
450252,STRASC,IMPLANT PT,IMPLANTS
450252,STRSMT,IMPLANTS,IMPLANT PT
450252,STRASC,IMPLANT PT,SINTER
450252,STRSMT,IMPLANTS,Tissue Trim
450252,STRASC,IMPLANT PT,Tissue Trim
450252,STRSMT,IMPLANTS,CAD DESIGN
450252,STRSMT,IMPLANTS,FINISHING
450252,STRSMT,IMPLANTS,FIXED MODELS
450252,STRSMT,IMPLANTS,Impl. Abut. QC
450252,STRSMT,IMPLANTS,IMPLANTS
450252,STRSMT,IMPLANTS,Scan Abutments
450252,STRSMT,IMPLANTS,SCHEDULING
450252,STRSMT,IMPLANTS,SINTER
450252,STRSMT,IMPLANTS,STAINGLZ
452064,CRNBRUX,C&B,CAD Mill crown/coping
452064,CRNBRUX,C&B,Brux Porcelain
452064,CRNBRUX,C&B,Die Trim
452064,CRNBRUX,C&B,C&B
452064,CRNBRUX,C&B,Outsource Design full contour
452064,CRNBRUX,C&B,FIXED MODELS
452064,INFCONT,MISC,Brux Porcelain
452064,CRNBRUX,C&B,FIXED QC
452064,INFCONT,MISC,C&B
452064,CRNBRUX,C&B,Invoice and Ship
452064,INFCONT,MISC,CAD Mill crown/coping
452064,CRNBRUX,C&B,Scan for crowns
452064,INFCONT,MISC,FIXED QC
452064,CRNBRUX,C&B,SCHEDULING
452064,INFCONT,MISC,Invoice and Ship
452064,CRNBRUX,C&B,Sinter
452064,INFCONT,MISC,Scan for crowns
452064,CRNBRUX,C&B,Stain & Glaze
452064,INFCONT,MISC,SCHEDULING
452064,INFCONT,MISC,Die Trim
452064,INFCONT,MISC,Stain & Glaze
452064,INFCONT,MISC,FIXED MODELS
452064,INFCONT,MISC,Outsource Design full contour
452064,INFCONT,MISC,Sinter
451668,DIGANALOG,IMPLANT PT,CAD DESIGN
451668,DIGANALOG,IMPLANT PT,BUSOFF
451668,DIGANALOG,IMPLANT PT,FIXED MODELS
451668,DIGANALOG,IMPLANT PT,C&B
451668,DIGANALOG,IMPLANT PT,SCHEDULING
451668,DIGANALOG,IMPLANT PT,FIXED QC
451668,DIGANALOG,IMPLANT PT,STAINGLZ
451668,DIGANALOG,IMPLANT PT,Impl Eval/Set TA
451668,DIGBRUXCRN,C&B,CAD DESIGN
451668,DIGANALOG,IMPLANT PT,IMPLANTS
451668,DIGBRUXCRN,C&B,Impl Eval/Set TA
451668,DIGANALOG,IMPLANT PT,Scan Abutments
451668,DIGBRUXCRN,C&B,SCHEDULING
451668,DIGANALOG,IMPLANT PT,SINTER
451668,SCREWRETCRN,IMPLANTS,CAD DESIGN
451668,DIGANALOG,IMPLANT PT,Tissue Trim
451668,SCREWRETCRN,IMPLANTS,FIXED QC
451668,DIGBRUXCRN,C&B,BUSOFF
451668,SCREWRETCRN,IMPLANTS,Scan Abutments
451668,DIGBRUXCRN,C&B,C&B
451668,SCREWRETCRN,IMPLANTS,SINTER
451668,DIGBRUXCRN,C&B,FIXED MODELS
451668,SCREWRETCRN,IMPLANTS,STAINGLZ
451668,DIGBRUXCRN,C&B,FIXED QC
451668,SCREWRETCRN,IMPLANTS,Tissue Trim
451668,DIGBRUXCRN,C&B,IMPLANTS
451668,DIGBRUXCRN,C&B,Scan Abutments
451668,DIGBRUXCRN,C&B,SINTER
451668,DIGBRUXCRN,C&B,STAINGLZ
451668,DIGBRUXCRN,C&B,Tissue Trim
451668,SCREWRETCRN,IMPLANTS,BUSOFF
451668,SCREWRETCRN,IMPLANTS,C&B
451668,SCREWRETCRN,IMPLANTS,FIXED MODELS
451668,SCREWRETCRN,IMPLANTS,Impl Eval/Set TA
451668,SCREWRETCRN,IMPLANTS,IMPLANTS
451668,SCREWRETCRN,IMPLANTS,SCHEDULING
451786,DENAO4TMPD,CHAIRSIDE SERVICES,CHAIRSIDE SERVICES
451791,CRNBRUX,C&B,Brux Porcelain
451791,CRNBRUX,C&B,CAD Mill crown/coping
451791,CRNBRUX,C&B,C&B
451791,CRNBRUX,C&B,FIXED MODELS
451791,CRNBRUX,C&B,Die Trim
451791,CRNBRUX,C&B,IMPLANTS
451791,CRNBRUX,C&B,Fixed QC
451791,CRNBRUX,C&B,Invoice and Ship
451791,CRNBRUX,C&B,Impl Eval/Set TA
451791,CRNBRUX,C&B,Outsource Design full contour
451791,CRNBRUX,C&B,Tissue Trim
451791,CRNBRUX,C&B,Scan Abutments
451791,INFCONT,MISC,CAD Mill crown/coping
451791,CRNBRUX,C&B,Scan for crowns
451791,INFCONT,MISC,Die Trim
451791,CRNBRUX,C&B,SCHEDULING
451791,INFCONT,MISC,Fixed QC
451791,CRNBRUX,C&B,Sinter
451791,INFCONT,MISC,Invoice and Ship
451791,CRNBRUX,C&B,Stain & Glaze
451791,INFCONT,MISC,Outsource Design full contour
451791,INFCONT,MISC,Brux Porcelain
451791,INFCONT,MISC,Scan for crowns
451791,INFCONT,MISC,C&B
451791,INFCONT,MISC,SCHEDULING
451791,INFCONT,MISC,FIXED MODELS
451791,INFCONT,MISC,Stain & Glaze
451791,INFCONT,MISC,Impl Eval/Set TA
451791,STRSR,IMPLANTS,Die Trim
451791,INFCONT,MISC,IMPLANTS
451791,STRSR,IMPLANTS,FIXED MODELS
451791,INFCONT,MISC,Scan Abutments
451791,STRSR,IMPLANTS,Impl Eval/Set TA
451791,INFCONT,MISC,Sinter
451791,STRSR,IMPLANTS,IMPLANTS
451791,INFCONT,MISC,Tissue Trim
451791,STRSR,IMPLANTS,Outsource Design full contour
451791,STRSR,IMPLANTS,Brux Porcelain
451791,STRSR,IMPLANTS,Tissue Trim
451791,STRSR,IMPLANTS,C&B
451791,STRSR,IMPLANTS,CAD Mill crown/coping
451791,STRSR,IMPLANTS,Fixed QC
451791,STRSR,IMPLANTS,Invoice and Ship
451791,STRSR,IMPLANTS,Scan Abutments
451791,STRSR,IMPLANTS,Scan for crowns
451791,STRSR,IMPLANTS,SCHEDULING
451791,STRSR,IMPLANTS,Sinter
451791,STRSR,IMPLANTS,Stain & Glaze
440701,DIGBRUXCRN,C&B,BUSOFF
440701,DIGBRUXCRN,C&B,CAD DESIGN
440701,DIGBRUXCRN,C&B,C&B
440701,DIGBRUXCRN,C&B,FIXED QC
440701,DIGBRUXCRN,C&B,SCHEDULING
440701,DIGBRUXCRN,C&B,SINTER
440701,DIGBRUXCRN,C&B,STAINGLZ
444142,ART-EVQC-CLSCN,MISC,BUSOFF
444142,ART-EVQC-CLSCN,MISC,Finish CRA
444142,ART-EVQC-CLSCN,MISC,Dup Model
444142,ART-EVQC-CLSCN,MISC,Process CRA
444142,ART-EVQC-CLSCN,MISC,PRINTING
444142,ART-EVQC-CLSCN,MISC,Removables
444142,ART-EVQC-CLSCN,MISC,Rem Model
444142,ART-EVQC-CLSCN,MISC,SCHEDULING
444142,CRA,SPLINTS,BUSOFF
444142,ART-EVQC-CLSCN,MISC,Splint QC
444142,CRA,SPLINTS,Dup Model
444142,ART-EVQC-CLSCN,MISC,Wax CRA
444142,CRA,SPLINTS,SCHEDULING
444142,CRA,SPLINTS,Finish CRA
444142,DIGMODCADREM,Removables,BUSOFF
444142,CRA,SPLINTS,PRINTING
444142,DIGMODCADREM,Removables,Dup Model
444142,CRA,SPLINTS,Process CRA
444142,DIGMODCADREM,Removables,PRINTING
444142,CRA,SPLINTS,Rem Model
444142,DIGMODCADREM,Removables,Process CRA
444142,CRA,SPLINTS,Removables
444142,DIGMODCADREM,Removables,SCHEDULING
444142,CRA,SPLINTS,Splint QC
444142,CRA,SPLINTS,Wax CRA
444142,DIGMODCADREM,Removables,Finish CRA
444142,DIGMODCADREM,Removables,Rem Model
444142,DIGMODCADREM,Removables,Removables
444142,DIGMODCADREM,Removables,Splint QC
444142,DIGMODCADREM,Removables,Wax CRA
451766,CRNEZZ,C&B,Brux Porcelain
451766,CRNEZZ,C&B,C&B
451766,CRNEZZ,C&B,Fixed QC
451766,CRNEZZ,C&B,CAD Mill crown/coping
451766,CRNEZZ,C&B,Invoice and Ship
451766,CRNEZZ,C&B,Die Trim
451766,CRNEZZ,C&B,Scan for crowns
451766,CRNEZZ,C&B,FIXED MODELS
451766,CRNEZZ,C&B,Sinter
451766,CRNEZZ,C&B,Outsource Design full contour
451766,CRNEZZ,C&B,Stain & Glaze
451766,CRNEZZ,C&B,SCHEDULING
444698,DIGDRCLCRN,C&B,BUSOFF
444698,DIGDRCLCRN,C&B,CTS
444698,DIGDRCLCRN,C&B,C&B
444698,DIGDRCLCRN,C&B,SCHEDULING
451615,CRNBRUX,C&B,Brux Porcelain
451615,CRNBRUX,C&B,C&B
451615,CRNBRUX,C&B,FIXED QC
451615,CRNBRUX,C&B,CAD Mill crown/coping
451615,CRNBRUX,C&B,Invoice and Ship
451615,CRNBRUX,C&B,Die Trim
451615,CRNBRUX,C&B,Scan for crowns
451615,CRNBRUX,C&B,FIXED MODELS
451615,CRNBRUX,C&B,SCHEDULING
451615,CRNBRUX,C&B,Outsource Design full contour
451615,CRNBRUX,C&B,Sinter
451615,CRNBRUX,C&B,Stain & Glaze
451863,DIGBRUXCRN,C&B,BUSOFF
451863,DIGBRUXCRN,C&B,C&B
451863,DIGBRUXCRN,C&B,CAD DESIGN
451863,DIGBRUXCRN,C&B,FIXED QC
451863,DIGBRUXCRN,C&B,SCHEDULING
451863,DIGBRUXCRN,C&B,SINTER
451863,DIGBRUXCRN,C&B,STAINGLZ
448456,DIGBRUXCRN,C&B,
452077,CRNBRUX,C&B,C&B
452077,CRNBRUX,C&B,Brux Porcelain
452077,CRNBRUX,C&B,CAD Mill crown/coping
452077,CRNBRUX,C&B,Die Trim
452077,CRNBRUX,C&B,FIXED QC
452077,CRNBRUX,C&B,FIXED MODELS
452077,CRNBRUX,C&B,Invoice and Ship
452077,CRNBRUX,C&B,Impl Eval/Set TA
452077,CRNBRUX,C&B,Scan Abutments
452077,CRNBRUX,C&B,IMPLANTS
452077,CRNBRUX,C&B,Scan for crowns
452077,CRNBRUX,C&B,Outsource Design full contour
452077,CRNBRUX,C&B,SCHEDULING
452077,CRNBRUX,C&B,Sinter
452077,CRNBRUX,C&B,Stain & Glaze
452077,CRNBRUX,C&B,Tissue Trim
452077,INFCONT,MISC,Brux Porcelain
452077,INFCONT,MISC,C&B
452077,INFCONT,MISC,FIXED QC
452077,INFCONT,MISC,CAD Mill crown/coping
452077,INFCONT,MISC,Invoice and Ship
452077,INFCONT,MISC,Die Trim
452077,INFCONT,MISC,Scan Abutments
452077,INFCONT,MISC,FIXED MODELS
452077,INFCONT,MISC,Scan for crowns
452077,INFCONT,MISC,Impl Eval/Set TA
452077,INFCONT,MISC,Sinter
452077,INFCONT,MISC,IMPLANTS
452077,INFCONT,MISC,Tissue Trim
452077,INFCONT,MISC,Outsource Design full contour
452077,SCREWRETCRN,IMPLANTS,Brux Porcelain
452077,INFCONT,MISC,SCHEDULING
452077,SCREWRETCRN,IMPLANTS,FIXED QC
452077,INFCONT,MISC,Stain & Glaze
452077,SCREWRETCRN,IMPLANTS,Invoice and Ship
452077,SCREWRETCRN,IMPLANTS,C&B
452077,SCREWRETCRN,IMPLANTS,Scan Abutments
452077,SCREWRETCRN,IMPLANTS,CAD Mill crown/coping
452077,SCREWRETCRN,IMPLANTS,Scan for crowns
452077,SCREWRETCRN,IMPLANTS,Die Trim
452077,SCREWRETCRN,IMPLANTS,SCHEDULING
452077,SCREWRETCRN,IMPLANTS,FIXED MODELS
452077,SCREWRETCRN,IMPLANTS,Sinter
452077,SCREWRETCRN,IMPLANTS,Impl Eval/Set TA
452077,SCREWRETCRN,IMPLANTS,Stain & Glaze
452077,SCREWRETCRN,IMPLANTS,IMPLANTS
452077,SCREWRETCRN,IMPLANTS,Outsource Design full contour
452077,SCREWRETCRN,IMPLANTS,Tissue Trim
451648,CRNCUSTSTA,C&B,CUSTSHADE
451648,CRNCUSTSTA,C&B,BUILD MODEL
451648,CRNCUSTSTA,C&B,FIXED MODELS
451648,CRNCUSTSTA,C&B,CAD Mill crown/coping
451648,CRNCUSTSTA,C&B,Invoice and Ship
451648,CRNCUSTSTA,C&B,Die Trim
451648,CRNCUSTSTA,C&B,Outsource Design full contour
451648,CRNCUSTSTA,C&B,DIGITAL SCAN REVIEW
451648,CRNCUSTSTA,C&B,PRINT STUDY MODELS
451648,CRNCUSTSTA,C&B,Emax mono porcelain
451648,CRNCUSTSTA,C&B,SCHEDULING
451648,CRNCUSTSTA,C&B,Fixed QC
451648,DIGEMAXL,C&B,BUILD MODEL
451648,CRNCUSTSTA,C&B,Scan for crowns
451648,DIGEMAXL,C&B,Die Trim
451648,DIGEMAXL,C&B,CAD Mill crown/coping
451648,DIGEMAXL,C&B,DIGITAL SCAN REVIEW
451648,DIGEMAXL,C&B,CUSTSHADE
451648,DIGEMAXL,C&B,Emax mono porcelain
451648,DIGEMAXL,C&B,FIXED MODELS
451648,DIGEMAXL,C&B,Fixed QC
451648,DIGEMAXL,C&B,Invoice and Ship
451648,DIGEMAXL,C&B,Outsource Design full contour
451648,DIGEMAXL,C&B,PRINT STUDY MODELS
451648,DIGMODCADFIX,C&B,CAD Mill crown/coping
451648,DIGEMAXL,C&B,Scan for crowns
451648,DIGMODCADFIX,C&B,Die Trim
451648,DIGEMAXL,C&B,SCHEDULING
451648,DIGMODCADFIX,C&B,Emax mono porcelain
451648,DIGMODCADFIX,C&B,BUILD MODEL
451648,DIGMODCADFIX,C&B,Fixed QC
451648,DIGMODCADFIX,C&B,CUSTSHADE
451648,DIGMODCADFIX,C&B,PRINT STUDY MODELS
451648,DIGMODCADFIX,C&B,DIGITAL SCAN REVIEW
451648,DIGMODCADFIX,C&B,SCHEDULING
451648,DIGMODCADFIX,C&B,FIXED MODELS
451648,DIGMODCADFIX,C&B,Invoice and Ship
451648,DIGMODCADFIX,C&B,Outsource Design full contour
451648,DIGMODCADFIX,C&B,Scan for crowns
451619,DENAO4,CHAIRSIDE SERVICES,CHAIRSIDE SERVICES
451845,CRNCS,C&B,CAD Mill crown/coping
451845,CRNCS,C&B,Brux Porcelain
451845,CRNCS,C&B,FIXED MODELS
451845,CRNCS,C&B,CUSTSHADE
451845,CRNCS,C&B,Fixed QC
451845,CRNCS,C&B,Sinter
451845,CRNCS,C&B,Invoice and Ship
451845,DIGEZZCRN,C&B,CAD Mill crown/coping
451845,CRNCS,C&B,Outsource Design full contour
451845,DIGEZZCRN,C&B,CUSTSHADE
451845,CRNCS,C&B,PORCELAIN
451845,DIGEZZCRN,C&B,FIXED MODELS
451845,CRNCS,C&B,SCHEDULING
451845,DIGEZZCRN,C&B,Outsource Design full contour
451845,CRNCS,C&B,Stain & Glaze
451845,DIGEZZCRN,C&B,Brux Porcelain
451845,DIGEZZCRN,C&B,Fixed QC
451845,DIGEZZCRN,C&B,Invoice and Ship
451845,DIGEZZCRN,C&B,PORCELAIN
451845,DIGEZZCRN,C&B,SCHEDULING
451845,DIGEZZCRN,C&B,Sinter
451845,DIGEZZCRN,C&B,Stain & Glaze
441788,,,
451525,DIGANALOG,IMPLANT PT,BUSOFF
451525,DIGANALOG,IMPLANT PT,CAD DESIGN
451525,DIGANALOG,IMPLANT PT,C&B
451525,DIGANALOG,IMPLANT PT,SINTER
451525,DIGANALOG,IMPLANT PT,FIXED QC
451525,DIGANALOG,IMPLANT PT,STAINGLZ
451525,DIGANALOG,IMPLANT PT,IMPLANTS
451525,DIGBRUXCRN,C&B,CAD DESIGN
451525,DIGBRUXCRN,C&B,BUSOFF
451525,DIGBRUXCRN,C&B,FIXED QC
451525,DIGBRUXCRN,C&B,C&B
451525,DIGBRUXCRN,C&B,SINTER
451525,DIGBRUXCRN,C&B,IMPLANTS
451525,DIGBRUXCRN,C&B,STAINGLZ
451525,SMTCRN,IMPLANTS,CAD DESIGN
451525,SMTCRN,IMPLANTS,BUSOFF
451525,SMTCRN,IMPLANTS,STAINGLZ
451525,SMTCRN,IMPLANTS,C&B
451525,SMTCRN,IMPLANTS,FIXED QC
451525,SMTCRN,IMPLANTS,IMPLANTS
451525,SMTCRN,IMPLANTS,SINTER
451123,CRNBRUX,C&B,BUSOFF
451123,CRNBRUX,C&B,Brux Porcelain
451123,CRNBRUX,C&B,C&B
451123,CRNBRUX,C&B,CAD DESIGN
451123,CRNBRUX,C&B,CAD Mill crown/coping
451123,CRNBRUX,C&B,Die Trim
451123,CRNBRUX,C&B,CAD SCANNING
451123,CRNBRUX,C&B,Sinter
451123,CRNBRUX,C&B,DIETRIM
451123,CRNBRUX,C&B,Stain & Glaze
451123,CRNBRUX,C&B,FINISHING
451123,CRNEZZ,C&B,CAD DESIGN
451123,CRNBRUX,C&B,FIXED MODELS
451123,CRNEZZ,C&B,Die Trim
451123,CRNBRUX,C&B,FIXED QC
451123,CRNEZZ,C&B,FIXED MODELS
451123,CRNBRUX,C&B,IMPLANTS
451123,CRNEZZ,C&B,IMPLANTS
451123,CRNBRUX,C&B,Outsource Design full contour
451123,CRNEZZ,C&B,Outsource Design full contour
451123,CRNBRUX,C&B,Scan for crowns
451123,CRNEZZ,C&B,Sinter
451123,CRNEZZ,C&B,Brux Porcelain
451123,CRNZIRCBR,C&B,Brux Porcelain
451123,CRNEZZ,C&B,BUSOFF
451123,CRNZIRCBR,C&B,BUSOFF
451123,CRNEZZ,C&B,C&B
451123,CRNZIRCBR,C&B,C&B
451123,CRNEZZ,C&B,CAD Mill crown/coping
451123,CRNZIRCBR,C&B,CAD SCANNING
451123,CRNEZZ,C&B,CAD SCANNING
451123,CRNZIRCBR,C&B,Die Trim
451123,CRNEZZ,C&B,DIETRIM
451123,CRNZIRCBR,C&B,FIXED QC
451123,CRNEZZ,C&B,FINISHING
451123,INFCONT,MISC,BUSOFF
451123,CRNEZZ,C&B,FIXED QC
451123,INFCONT,MISC,C&B
451123,CRNEZZ,C&B,Scan for crowns
451123,INFCONT,MISC,CAD Mill crown/coping
451123,CRNEZZ,C&B,Stain & Glaze
451123,INFCONT,MISC,CAD SCANNING
451123,CRNZIRCBR,C&B,CAD DESIGN
451123,INFCONT,MISC,FIXED MODELS
451123,CRNZIRCBR,C&B,CAD Mill crown/coping
451123,INFCONT,MISC,IMPLANTS
451123,CRNZIRCBR,C&B,DIETRIM
451123,INFCONT,MISC,Outsource Design full contour
451123,CRNZIRCBR,C&B,FINISHING
451123,INFCONT,MISC,Stain & Glaze
451123,CRNZIRCBR,C&B,FIXED MODELS
451123,SMTCRN,IMPLANTS,BUSOFF
451123,CRNZIRCBR,C&B,IMPLANTS
451123,SMTCRN,IMPLANTS,C&B
451123,CRNZIRCBR,C&B,Outsource Design full contour
451123,SMTCRN,IMPLANTS,CAD Mill crown/coping
451123,CRNZIRCBR,C&B,Scan for crowns
451123,SMTCRN,IMPLANTS,CAD SCANNING
451123,CRNZIRCBR,C&B,Sinter
451123,SMTCRN,IMPLANTS,DIETRIM
451123,CRNZIRCBR,C&B,Stain & Glaze
451123,SMTCRN,IMPLANTS,FIXED MODELS
451123,INFCONT,MISC,Brux Porcelain
451123,SMTCRN,IMPLANTS,IMPLANTS
451123,INFCONT,MISC,CAD DESIGN
451123,SMTCRN,IMPLANTS,Outsource Design full contour
451123,INFCONT,MISC,Die Trim
451123,SMTCRN,IMPLANTS,Stain & Glaze
451123,INFCONT,MISC,DIETRIM
451123,TIABUT,IMPLANTS,Brux Porcelain
451123,INFCONT,MISC,FINISHING
451123,TIABUT,IMPLANTS,CAD DESIGN
451123,INFCONT,MISC,FIXED QC
451123,TIABUT,IMPLANTS,Sinter
451123,INFCONT,MISC,Scan for crowns
451123,INFCONT,MISC,Sinter
451123,SMTCRN,IMPLANTS,Brux Porcelain
451123,SMTCRN,IMPLANTS,CAD DESIGN
451123,SMTCRN,IMPLANTS,Die Trim
451123,SMTCRN,IMPLANTS,FINISHING
451123,SMTCRN,IMPLANTS,FIXED QC
451123,SMTCRN,IMPLANTS,Scan for crowns
451123,SMTCRN,IMPLANTS,Sinter
451123,TIABUT,IMPLANTS,BUSOFF
451123,TIABUT,IMPLANTS,C&B
451123,TIABUT,IMPLANTS,CAD Mill crown/coping
451123,TIABUT,IMPLANTS,CAD SCANNING
451123,TIABUT,IMPLANTS,Die Trim
451123,TIABUT,IMPLANTS,DIETRIM
451123,TIABUT,IMPLANTS,FINISHING
451123,TIABUT,IMPLANTS,FIXED MODELS
451123,TIABUT,IMPLANTS,FIXED QC
451123,TIABUT,IMPLANTS,IMPLANTS
451123,TIABUT,IMPLANTS,Outsource Design full contour
451123,TIABUT,IMPLANTS,Scan for crowns
451123,TIABUT,IMPLANTS,Stain & Glaze
451715,INFCONT,MISC,BUSOFF
451715,INFCONT,MISC,SCHEDULING
451715,INFCONT,MISC,CAD DESIGN
451715,MODSTOREM,Removables,CAD DESIGN
451715,INFCONT,MISC,IMPLANTS
451715,MODSTOREM,Removables,IMPLANTS
451715,INFCONT,MISC,PRINTING
451715,MODSTOREM,Removables,SCHEDULING
451715,INFCONT,MISC,Removables
451715,SGADDSITE,Surgical Guides,CAD DESIGN
451715,MODSTOREM,Removables,BUSOFF
451715,SGADDSITE,Surgical Guides,Removables
451715,MODSTOREM,Removables,PRINTING
451715,SGSTNTBSKY,Surgical Guides,CAD DESIGN
451715,MODSTOREM,Removables,Removables
451715,SGSTNTBSKY,Surgical Guides,SCHEDULING
451715,SGADDSITE,Surgical Guides,BUSOFF
451715,SGADDSITE,Surgical Guides,IMPLANTS
451715,SGADDSITE,Surgical Guides,PRINTING
451715,SGADDSITE,Surgical Guides,SCHEDULING
451715,SGSTNTBSKY,Surgical Guides,BUSOFF
451715,SGSTNTBSKY,Surgical Guides,IMPLANTS
451715,SGSTNTBSKY,Surgical Guides,PRINTING
451715,SGSTNTBSKY,Surgical Guides,Removables
451124,DIGBRUXCRN,C&B,
451934,CRNEZZ,C&B,Brux Porcelain
451934,CRNEZZ,C&B,C&B
451934,CRNEZZ,C&B,Die Trim
451934,CRNEZZ,C&B,CAD Mill crown/coping
451934,CRNEZZ,C&B,Fixed QC
451934,CRNEZZ,C&B,FIXED MODELS
451934,CRNEZZ,C&B,Scan for crowns
451934,CRNEZZ,C&B,Invoice and Ship
451934,CRNEZZ,C&B,Sinter
451934,CRNEZZ,C&B,Outsource Design full contour
451934,INFCONT,MISC,Brux Porcelain
451934,CRNEZZ,C&B,SCHEDULING
451934,INFCONT,MISC,CAD Mill crown/coping
451934,CRNEZZ,C&B,Stain & Glaze
451934,INFCONT,MISC,FIXED MODELS
451934,INFCONT,MISC,C&B
451934,INFCONT,MISC,Invoice and Ship
451934,INFCONT,MISC,Die Trim
451934,INFCONT,MISC,Outsource Design full contour
451934,INFCONT,MISC,Fixed QC
451934,INFCONT,MISC,Scan for crowns
451934,INFCONT,MISC,Sinter
451934,INFCONT,MISC,SCHEDULING
451934,INFCONT,MISC,Stain & Glaze
451959,CRNBRUX,C&B,C&B
451959,CRNBRUX,C&B,Brux Porcelain
451959,CRNBRUX,C&B,FIXED QC
451959,CRNBRUX,C&B,CAD Mill crown/coping
451959,CRNBRUX,C&B,Outsource Design full contour
451959,CRNBRUX,C&B,Die Trim
451959,CRNBRUX,C&B,Sinter
451959,CRNBRUX,C&B,FIXED MODELS
451959,CRNBRUX,C&B,Invoice and Ship
451959,CRNBRUX,C&B,Scan for crowns
451959,CRNBRUX,C&B,SCHEDULING
451959,CRNBRUX,C&B,Stain & Glaze
451973,ART-EVQC-CLMI,MISC,CAD DESIGN
451973,ART-EVQC-CLMI,MISC,BUSOFF
451973,ART-EVQC-CLMI,MISC,SINTER
451973,ART-EVQC-CLMI,MISC,C&B
451973,ART-EVQC-CLMI,MISC,STAINGLZ
451973,ART-EVQC-CLMI,MISC,FIXED QC
451973,DIGBRUXCRN,C&B,BUSOFF
451973,ART-EVQC-CLMI,MISC,SCHEDULING
451973,DIGBRUXCRN,C&B,C&B
451973,DIGBRUXCRN,C&B,CAD DESIGN
451973,DIGBRUXCRN,C&B,FIXED QC
451973,DIGBRUXCRN,C&B,SCHEDULING
451973,DIGBRUXCRN,C&B,SINTER
451973,DIGBRUXCRN,C&B,STAINGLZ
451313,CRADUAL,SPLINTS,ORTHO
451313,CRADUAL,SPLINTS,BUSOFF
451313,CRADUAL,SPLINTS,OUTSRCBUS
451313,CRADUAL,SPLINTS,REMQC
451313,CRADUAL,SPLINTS,PROCSPLINT
451313,CRADUAL,SPLINTS,SCHEDULING
451313,CRADUAL,SPLINTS,SPLINTS
451313,DELIVERY,DELIVERY,BUSOFF
451313,DELIVERY,DELIVERY,OUTSRCBUS
451313,DELIVERY,DELIVERY,ORTHO
451313,DELIVERY,DELIVERY,PROCSPLINT
451313,DELIVERY,DELIVERY,SCHEDULING
451313,DELIVERY,DELIVERY,REMQC
451313,INFCONT,MISC,ORTHO
451313,DELIVERY,DELIVERY,SPLINTS
451313,INFCONT,MISC,OUTSRCBUS
451313,INFCONT,MISC,BUSOFF
451313,INFCONT,MISC,PROCSPLINT
451313,INFCONT,MISC,REMQC
451313,INFCONT,MISC,SPLINTS
451313,INFCONT,MISC,SCHEDULING
451313,ORTHAWLEY,ORTHO,BUSOFF
451313,ORTHAWLEY,ORTHO,OUTSRCBUS
451313,ORTHAWLEY,ORTHO,ORTHO
451313,ORTHAWLEY,ORTHO,PROCSPLINT
451313,ORTHAWLEY,ORTHO,SPLINTS
451313,ORTHAWLEY,ORTHO,REMQC
451313,ORTHAWLEY,ORTHO,SCHEDULING
450605,DENCLSPCLR,Removables,OUTSRCBUS
450605,DENCLSPCLR,Removables,BUSOFF
450605,DENCLSPCLR,Removables,PARTIAL
450605,DENCLSPCLR,Removables,REMQC
450605,DENCLSPCLR,Removables,Removables
450605,DENCLSPCLR,Removables,SCHEDULING
450605,INFCONT,MISC,BUSOFF
450605,INFCONT,MISC,OUTSRCBUS
450605,INFCONT,MISC,PARTIAL
450605,INFCONT,MISC,Removables
450605,INFCONT,MISC,REMQC
450605,PARCASTSET,PARTIAL,OUTSRCBUS
450605,INFCONT,MISC,SCHEDULING
450605,PARCASTSET,PARTIAL,Removables
450605,PARCASTSET,PARTIAL,BUSOFF
450605,PARCASTSET,PARTIAL,REMQC
450605,PARCASTSET,PARTIAL,PARTIAL
450605,PARCASTSET,PARTIAL,SCHEDULING
451918,CRNBRUX,C&B,C&B
451918,CRNBRUX,C&B,Brux Porcelain
451918,CRNBRUX,C&B,Die Trim
451918,CRNBRUX,C&B,CAD Mill crown/coping
451918,CRNBRUX,C&B,FIXED QC
451918,CRNBRUX,C&B,FIXED MODELS
451918,CRNBRUX,C&B,Sinter
451918,CRNBRUX,C&B,Invoice and Ship
451918,INFCONT,MISC,Brux Porcelain
451918,CRNBRUX,C&B,Outsource Design full contour
451918,INFCONT,MISC,CAD Mill crown/coping
451918,CRNBRUX,C&B,Scan for crowns
451918,INFCONT,MISC,Die Trim
451918,CRNBRUX,C&B,SCHEDULING
451918,INFCONT,MISC,FIXED QC
451918,CRNBRUX,C&B,Stain & Glaze
451918,INFCONT,MISC,SCHEDULING
451918,INFCONT,MISC,C&B
451918,INFCONT,MISC,FIXED MODELS
451918,INFCONT,MISC,Invoice and Ship
451918,INFCONT,MISC,Outsource Design full contour
451918,INFCONT,MISC,Scan for crowns
451918,INFCONT,MISC,Sinter
451918,INFCONT,MISC,Stain & Glaze
451112,CRNCS,C&B,Brux Porcelain
451112,CRNCS,C&B,C&B
451112,CRNCS,C&B,CUSTSHADE
451112,CRNCS,C&B,CAD Mill crown/coping
451112,CRNCS,C&B,Fixed QC
451112,CRNCS,C&B,Die Trim
451112,CRNCS,C&B,Invoice and Ship
451112,CRNCS,C&B,FIXED MODELS
451112,CRNCS,C&B,Scan for crowns
451112,CRNCS,C&B,Outsource Design full contour
451112,CRNCS,C&B,Sinter
451112,CRNCS,C&B,PORCELAIN
451112,CRNCS,C&B,Stain & Glaze
451112,CRNCS,C&B,SCHEDULING
451112,CRNEZZ,C&B,Brux Porcelain
451112,CRNEZZ,C&B,C&B
451112,CRNEZZ,C&B,CUSTSHADE
451112,CRNEZZ,C&B,CAD Mill crown/coping
451112,CRNEZZ,C&B,PORCELAIN
451112,CRNEZZ,C&B,Die Trim
451112,CRNEZZ,C&B,Sinter
451112,CRNEZZ,C&B,FIXED MODELS
451112,CRNEZZ,C&B,Fixed QC
451112,CRNEZZ,C&B,Invoice and Ship
451112,CRNEZZ,C&B,Outsource Design full contour
451112,CRNEZZ,C&B,Scan for crowns
451112,CRNEZZ,C&B,SCHEDULING
451112,CRNEZZ,C&B,Stain & Glaze
452059,CRAHSC,SPLINTS,BUSOFF
452059,CRAHSC,SPLINTS,PRINTING
452059,CRAHSC,SPLINTS,SCHEDULING
452059,CRAHSC,SPLINTS,Removables
452059,DIGMODCADREM,Removables,SPLINTS
452059,CRAHSC,SPLINTS,SPLINTS
452059,DIGMODCADREM,Removables,BUSOFF
452059,DIGMODCADREM,Removables,PRINTING
452059,DIGMODCADREM,Removables,Removables
452059,DIGMODCADREM,Removables,SCHEDULING
446764,DIGBRUXCRN,C&B,CAD DESIGN
446764,DIGBRUXCRN,C&B,BUSOFF
446764,DIGBRUXCRN,C&B,FIXED QC
446764,DIGBRUXCRN,C&B,C&B
446764,DIGBRUXCRN,C&B,SCHEDULING
446764,DIGBRUXCRN,C&B,SINTER
446764,DIGBRUXCRN,C&B,STAINGLZ
451637,CRABSPLIN,SPLINTS,BUSOFF
451637,CRABSPLIN,SPLINTS,OUTSRCBUS
451637,CRABSPLIN,SPLINTS,PRINTING
451637,CRABSPLIN,SPLINTS,SCHEDULING
451637,CRABSPLIN,SPLINTS,Removables
451637,DIGMODCADREM,Removables,BUSOFF
451637,CRABSPLIN,SPLINTS,SPLINTS
451637,DIGMODCADREM,Removables,PRINTING
451637,DIGMODCADREM,Removables,OUTSRCBUS
451637,DIGMODCADREM,Removables,Removables
451637,DIGMODCADREM,Removables,SCHEDULING
451637,DIGMODCADREM,Removables,SPLINTS
451972,DIGBRUXCRN,C&B,CAD DESIGN
451972,DIGBRUXCRN,C&B,BUSOFF
451972,DIGBRUXCRN,C&B,SCHEDULING
451972,DIGBRUXCRN,C&B,C&B
451972,DIGBRUXCRN,C&B,STAINGLZ
451972,DIGBRUXCRN,C&B,FIXED QC
451972,DIGBRUXCRN,C&B,SINTER
451151,PARTLESS PROTOYPE,CHAIRSIDE SERVICES,CHAIRSIDE SERVICES
451728,DENCLASP,Removables,BUSOFF
451728,DIGFLIP1-5,PARTIAL,BUSOFF
451728,DENCLASP,Removables,PRINTING
451728,DIGFLIP1-5,PARTIAL,PRINTING
451728,DENCLASP,Removables,Removables
451728,DIGFLIP1-5,PARTIAL,Removables
451728,DENCLASP,Removables,REMQC
451728,DIGMODCADREM,Removables,Removables
451728,DIGFLIP1-5,PARTIAL,REMQC
451728,DIGMODCADREM,Removables,REMQC
451728,DIGMODCADREM,Removables,BUSOFF
451728,DTARTICA1,Removables,BUSOFF
451728,DIGMODCADREM,Removables,PRINTING
451728,DTARTICA1,Removables,PRINTING
451728,DTARTICA1,Removables,Removables
451728,DTARTICA1,Removables,REMQC
451926,CRNBRUX,C&B,Brux Porcelain
451926,CRNBRUX,C&B,C&B
451926,CRNBRUX,C&B,FIXED MODELS
451926,CRNBRUX,C&B,CAD Mill crown/coping
451926,CRNBRUX,C&B,Invoice and Ship
451926,CRNBRUX,C&B,Die Trim
451926,CRNBRUX,C&B,Outsource Design full contour
451926,CRNBRUX,C&B,FIXED QC
451926,CRNBRUX,C&B,SCHEDULING
451926,CRNBRUX,C&B,Scan for crowns
451926,CRNBRUX,C&B,Sinter
451926,INFCONT,MISC,Brux Porcelain
451926,CRNBRUX,C&B,Stain & Glaze
451926,INFCONT,MISC,CAD Mill crown/coping
451926,INFCONT,MISC,C&B
451926,INFCONT,MISC,Die Trim
451926,INFCONT,MISC,FIXED MODELS
451926,INFCONT,MISC,FIXED QC
451926,INFCONT,MISC,Invoice and Ship
451926,INFCONT,MISC,SCHEDULING
451926,INFCONT,MISC,Outsource Design full contour
451926,INFCONT,MISC,Scan for crowns
451926,INFCONT,MISC,Sinter
451926,INFCONT,MISC,Stain & Glaze
452020,DIGEZZCRN,C&B,Brux Porcelain
452020,DIGEZZCRN,C&B,FIXED MODELS
452020,DIGEZZCRN,C&B,CAD Mill crown/coping
452020,DIGEZZCRN,C&B,Invoice and Ship
452020,DIGEZZCRN,C&B,Fixed QC
452020,DIGEZZCRN,C&B,Outsource Design full contour
452020,DIGEZZCRN,C&B,SCHEDULING
452020,DIGEZZCRN,C&B,Stain & Glaze
452020,DIGEZZCRN,C&B,Sinter
445200,DIGMODCADREM,Removables,PARTIAL
445200,DIGMODCADREM,Removables,BUSOFF
445200,DIGMODCADREM,Removables,PRINTING
445200,DIGMODCADREM,Removables,REMQC
445200,DIGMODCADREM,Removables,Removables
445200,DIGMODCADREM,Removables,SCHEDULING
445200,PARTIALDUR,PARTIAL,BUSOFF
445200,PARTIALDUR,PARTIAL,PARTIAL
445200,PARTIALDUR,PARTIAL,PRINTING
445200,PARTIALDUR,PARTIAL,Removables
445200,PARTIALDUR,PARTIAL,REMQC
445200,PARTIALDUR,PARTIAL,SCHEDULING
447784,CRNCS,C&B,CUSTSHADE
447784,CRNCS,C&B,BUSOFF
447784,CRNCS,C&B,PORCELAIN
447784,CRNCS,C&B,C&B
447784,CRNEMXADRG,C&B,BUSOFF
447784,CRNCS,C&B,FIXED QC
447784,CRNEMXADRG,C&B,C&B
447784,CRNCS,C&B,SCHEDULING
447784,CRNEMXADRG,C&B,CUSTSHADE
447784,CRNEMXADRG,C&B,FIXED QC
447784,CRNEMXADRG,C&B,PORCELAIN
447784,CRNEMXADRG,C&B,SCHEDULING
451011,DENPROC,Removables,BUSOFF
451011,DENPROC,Removables,Removables
451011,DENPROC,Removables,REMQC
451011,DENPROCNM,Removables,BUSOFF
451011,DENPROC,Removables,SCHEDULING
451011,DENPROCNM,Removables,Removables
451011,DENPROCNM,Removables,REMQC
451011,INFCONT,MISC,Removables
451011,DENPROCNM,Removables,SCHEDULING
451011,INFCONT,MISC,REMQC
451011,INFCONT,MISC,BUSOFF
451011,INFCONT,MISC,SCHEDULING
452001,ART-EVQC-CLSCN,MISC,BUSOFF
452001,ART-EVQC-CLSCN,MISC,CAD DESIGN
452001,ART-EVQC-CLSCN,MISC,C&B
452001,DIGBRUXCRN,C&B,BUSOFF
452001,ART-EVQC-CLSCN,MISC,FIXED QC
452001,DIGBRUXCRN,C&B,C&B
452001,ART-EVQC-CLSCN,MISC,SCHEDULING
452001,DIGBRUXCRN,C&B,CAD DESIGN
452001,ART-EVQC-CLSCN,MISC,SINTER
452001,DIGBRUXCRN,C&B,FIXED QC
452001,ART-EVQC-CLSCN,MISC,STAINGLZ
452001,DIGBRUXCRN,C&B,SCHEDULING
452001,DIGBRUXCRN,C&B,SINTER
452001,DIGBRUXCRN,C&B,STAINGLZ
448272,CRNEZZ,C&B,C&B
448272,CRNEZZ,C&B,Brux Porcelain
448272,CRNEZZ,C&B,CAD Mill crown/coping
448272,CRNEZZ,C&B,Die Trim
448272,CRNEZZ,C&B,Fixed QC
448272,CRNEZZ,C&B,FIXED MODELS
448272,CRNEZZ,C&B,Invoice and Ship
448272,CRNEZZ,C&B,Outsource Design full contour
448272,CRNEZZ,C&B,Scan for crowns
448272,CRNEZZ,C&B,Sinter
448272,CRNEZZ,C&B,SCHEDULING
448272,CRNEZZ,C&B,Stain & Glaze
452018,DIGEZZCRN,C&B,Brux Porcelain
452018,DIGEZZCRN,C&B,Fixed QC
452018,DIGEZZCRN,C&B,CAD Mill crown/coping
452018,DIGEZZCRN,C&B,Sinter
452018,DIGEZZCRN,C&B,FIXED MODELS
452018,DIGEZZCRN,C&B,Invoice and Ship
452018,DIGEZZCRN,C&B,Outsource Design full contour
452018,DIGEZZCRN,C&B,SCHEDULING
452018,DIGEZZCRN,C&B,Stain & Glaze
451260,DENPROC,Removables,BUSOFF
451260,DENPROC,Removables,Removables
451260,DENPROC,Removables,REMQC
451260,INFCONT,MISC,Removables
451260,DENPROC,Removables,SCHEDULING
451260,INFCONT,MISC,BUSOFF
451260,INFCONT,MISC,REMQC
451260,INFCONT,MISC,SCHEDULING
452075,CRNBRUX,C&B,C&B
452075,CRNBRUX,C&B,Brux Porcelain
452075,CRNBRUX,C&B,CAD Mill crown/coping
452075,CRNBRUX,C&B,Die Trim
452075,CRNBRUX,C&B,FIXED QC
452075,CRNBRUX,C&B,FIXED MODELS
452075,CRNBRUX,C&B,Scan for crowns
452075,CRNBRUX,C&B,Invoice and Ship
452075,CRNBRUX,C&B,SCHEDULING
452075,CRNBRUX,C&B,Outsource Design full contour
452075,INFCONT,MISC,Brux Porcelain
452075,CRNBRUX,C&B,Sinter
452075,INFCONT,MISC,Die Trim
452075,CRNBRUX,C&B,Stain & Glaze
452075,INFCONT,MISC,FIXED QC
452075,INFCONT,MISC,C&B
452075,INFCONT,MISC,Scan for crowns
452075,INFCONT,MISC,CAD Mill crown/coping
452075,INFCONT,MISC,Sinter
452075,INFCONT,MISC,FIXED MODELS
452075,INFCONT,MISC,Invoice and Ship
452075,INFCONT,MISC,Outsource Design full contour
452075,INFCONT,MISC,SCHEDULING
452075,INFCONT,MISC,Stain & Glaze
451342,CRNZILAYA,C&B,C&B
451342,CRNZILAYA,C&B,BUSOFF
451342,CRNZILAYA,C&B,Impl Eval/Set TA
451342,CRNZILAYA,C&B,CAD DESIGN
451342,CRNZILAYA,C&B,IMPLANTS
451342,CRNZILAYA,C&B,CAD SCANNING
451342,CRNZILAYA,C&B,SINTER
451342,CRNZILAYA,C&B,DIETRIM
451342,CRNZILAYA,C&B,Tissue Trim
451342,CRNZILAYA,C&B,FIXED QC
451342,GENIMPLPART,IMPLANT PT,BUSOFF
451342,CRNZILAYA,C&B,Scan Abutments
451342,GENIMPLPART,IMPLANT PT,C&B
451342,CRNZILAYA,C&B,SCHEDULING
451342,GENIMPLPART,IMPLANT PT,CAD SCANNING
451342,CRNZILAYA,C&B,STAINGLZ
451342,GENIMPLPART,IMPLANT PT,DIETRIM
451342,GENIMPLPART,IMPLANT PT,CAD DESIGN
451342,GENIMPLPART,IMPLANT PT,FIXED QC
451342,GENIMPLPART,IMPLANT PT,Impl Eval/Set TA
451342,GENIMPLPART,IMPLANT PT,IMPLANTS
451342,GENIMPLPART,IMPLANT PT,Scan Abutments
451342,GENIMPLPART,IMPLANT PT,SCHEDULING
451342,GENIMPLPART,IMPLANT PT,SINTER
451342,INFCONT,MISC,CAD DESIGN
451342,GENIMPLPART,IMPLANT PT,STAINGLZ
451342,INFCONT,MISC,FIXED QC
451342,GENIMPLPART,IMPLANT PT,Tissue Trim
451342,INFCONT,MISC,Impl Eval/Set TA
451342,INFCONT,MISC,BUSOFF
451342,INFCONT,MISC,Scan Abutments
451342,INFCONT,MISC,C&B
451342,INFCONT,MISC,SINTER
451342,INFCONT,MISC,CAD SCANNING
451342,INFCONT,MISC,STAINGLZ
451342,INFCONT,MISC,DIETRIM
451342,INFCONT,MISC,Tissue Trim
451342,INFCONT,MISC,IMPLANTS
451342,SCREWRETCRN,IMPLANTS,CAD DESIGN
451342,INFCONT,MISC,SCHEDULING
451342,SCREWRETCRN,IMPLANTS,FIXED QC
451342,SCREWRETCRN,IMPLANTS,BUSOFF
451342,SCREWRETCRN,IMPLANTS,Scan Abutments
451342,SCREWRETCRN,IMPLANTS,C&B
451342,SCREWRETCRN,IMPLANTS,SCHEDULING
451342,SCREWRETCRN,IMPLANTS,CAD SCANNING
451342,SCREWRETCRN,IMPLANTS,SINTER
451342,SCREWRETCRN,IMPLANTS,DIETRIM
451342,SCREWRETCRN,IMPLANTS,STAINGLZ
451342,SCREWRETCRN,IMPLANTS,Impl Eval/Set TA
451342,SCREWRETCRN,IMPLANTS,IMPLANTS
451342,SCREWRETCRN,IMPLANTS,Tissue Trim
451621,ART-EVQC-CLPD,MISC,BUSOFF
451621,ART-EVQC-CLPD,MISC,PRINTING
451621,ART-EVQC-CLPD,MISC,SCHEDULING
451621,ART-EVQC-CLPD,MISC,Removables
451621,DIGMODCADREM,Removables,BUSOFF
451621,DIGMODCADREM,Removables,Removables
451621,DIGMODCADREM,Removables,PRINTING
451621,DIGMODCADREM,Removables,SCHEDULING
443039,DIGANALOG,IMPLANT PT,Fixed QC
443039,DIGANALOG,IMPLANT PT,Brux Porcelain
443039,DIGANALOG,IMPLANT PT,Impl Eval/Set TA
443039,DIGANALOG,IMPLANT PT,CAD Mill crown/coping
443039,DIGANALOG,IMPLANT PT,IMPLANTS
443039,DIGANALOG,IMPLANT PT,FIXED MODELS
443039,DIGANALOG,IMPLANT PT,Outsource Design full contour
443039,DIGANALOG,IMPLANT PT,Invoice and Ship
443039,DIGANALOG,IMPLANT PT,Scan Abutments
443039,DIGANALOG,IMPLANT PT,SCHEDULING
443039,DIGANALOG,IMPLANT PT,Sinter
443039,DIGANALOG,IMPLANT PT,Stain & Glaze
443039,DIGANALOG,IMPLANT PT,Tissue Trim
443039,DIGEZZCRN,C&B,Impl Eval/Set TA
443039,DIGEZZCRN,C&B,Brux Porcelain
443039,DIGEZZCRN,C&B,Outsource Design full contour
443039,DIGEZZCRN,C&B,CAD Mill crown/coping
443039,DIGEZZCRN,C&B,Sinter
443039,DIGEZZCRN,C&B,FIXED MODELS
443039,DIGEZZCRN,C&B,Tissue Trim
443039,DIGEZZCRN,C&B,Fixed QC
443039,SCREWRETCRN,IMPLANTS,Brux Porcelain
443039,DIGEZZCRN,C&B,IMPLANTS
443039,SCREWRETCRN,IMPLANTS,Fixed QC
443039,DIGEZZCRN,C&B,Invoice and Ship
443039,SCREWRETCRN,IMPLANTS,Scan Abutments
443039,DIGEZZCRN,C&B,Scan Abutments
443039,SCREWRETCRN,IMPLANTS,Sinter
443039,DIGEZZCRN,C&B,SCHEDULING
443039,SCREWRETCRN,IMPLANTS,Tissue Trim
443039,DIGEZZCRN,C&B,Stain & Glaze
443039,SCREWRETCRN,IMPLANTS,CAD Mill crown/coping
443039,SCREWRETCRN,IMPLANTS,FIXED MODELS
443039,SCREWRETCRN,IMPLANTS,Impl Eval/Set TA
443039,SCREWRETCRN,IMPLANTS,IMPLANTS
443039,SCREWRETCRN,IMPLANTS,Invoice and Ship
443039,SCREWRETCRN,IMPLANTS,Outsource Design full contour
443039,SCREWRETCRN,IMPLANTS,SCHEDULING
443039,SCREWRETCRN,IMPLANTS,Stain & Glaze
451751,DIGBRUXCRN,C&B,CAD DESIGN
451751,DIGBRUXCRN,C&B,BUSOFF
451751,DIGBRUXCRN,C&B,SCHEDULING
451751,DIGBRUXCRN,C&B,C&B
451751,DIGBRUXCRN,C&B,SINTER
451751,DIGBRUXCRN,C&B,FIXED QC
451751,DIGBRUXCRN,C&B,STAINGLZ
451869,DENCLASP,Removables,BUSOFF
451869,DENCLASP,Removables,Removables
451869,DENCLASP,Removables,PRINTING
451869,DENCLASP,Removables,REMQC
451869,DIGFLIP1-5,PARTIAL,BUSOFF
451869,DIGFLIP1-5,PARTIAL,Removables
451869,DIGFLIP1-5,PARTIAL,PRINTING
451869,DIGFLIP1-5,PARTIAL,REMQC
451869,DIGMODCADREM,Removables,BUSOFF
451869,DIGMODCADREM,Removables,PRINTING
451869,DIGMODCADREM,Removables,REMQC
451869,DIGMODCADREM,Removables,Removables
451869,DTARTICP1,Removables,BUSOFF
451869,DTARTICP1,Removables,REMQC
451869,DTARTICP1,Removables,PRINTING
451869,DTARTICP1,Removables,Removables
451873,,,
451921,ART-EVQC-CLDR,MISC,BUSOFF
451921,ART-EVQC-CLDR,MISC,CAD DESIGN
451921,ART-EVQC-CLDR,MISC,C&B
451921,ART-EVQC-CLDR,MISC,CAD SCANNING
451921,ART-EVQC-CLDR,MISC,FIXED QC
451921,ART-EVQC-CLDR,MISC,DIETRIM
451921,ART-EVQC-CLPD,MISC,CAD DESIGN
451921,ART-EVQC-CLDR,MISC,FINISHING
451921,ART-EVQC-CLPD,MISC,CAD SCANNING
451921,ART-EVQC-CLDR,MISC,OUTSRCBUS
451921,ART-EVQC-CLPD,MISC,DIETRIM
451921,ART-EVQC-CLDR,MISC,SCHEDULING
451921,ART-EVQC-CLPD,MISC,FINISHING
451921,ART-EVQC-CLPD,MISC,BUSOFF
451921,ART-EVQC-CLPD,MISC,FIXED QC
451921,ART-EVQC-CLPD,MISC,C&B
451921,ART-EVQC-CLPD,MISC,SCHEDULING
451921,ART-EVQC-CLPD,MISC,OUTSRCBUS
451921,DIGFCCRN,C&B,FINISHING
451921,DIGFCCRN,C&B,BUSOFF
451921,DIGFCCRN,C&B,FIXED QC
451921,DIGFCCRN,C&B,C&B
451921,DIGFCCRN,C&B,OUTSRCBUS
451921,DIGFCCRN,C&B,CAD DESIGN
451921,DIGFCCRN,C&B,CAD SCANNING
451921,DIGFCCRN,C&B,DIETRIM
451921,DIGFCCRN,C&B,SCHEDULING
451516,SGSTNTBSKY,Surgical Guides,CAD DESIGN
451516,SGSTNTBSKY,Surgical Guides,BUSOFF
451516,SGSTNTBSKY,Surgical Guides,Removables
451516,SGSTNTBSKY,Surgical Guides,IMPLANTS
451516,SGSTNTBSKY,Surgical Guides,PRINTING
451516,SGSTNTBSKY,Surgical Guides,SCHEDULING
451787,DENBB,Removables,Removables
451787,DENBB,Removables,BUSOFF
451787,INFCONT,MISC,BUSOFF
451787,DENBB,Removables,REMQC
451787,INFCONT,MISC,Removables
451787,DENBB,Removables,SCHEDULING
451787,INFCONT,MISC,REMQC
451787,INFCONT,MISC,SCHEDULING
451020,INFCONT,MISC,IMPLANTS
451020,INFCONT,MISC,BUSOFF
451020,INFCONT,MISC,PRINTING
451020,INFCONT,MISC,CAD DESIGN
451020,INFCONT,MISC,Removables
451020,INFCONT,MISC,SCHEDULING
451020,MODSTOREM,Removables,BUSOFF
451020,MODSTOREM,Removables,CAD DESIGN
451020,MODSTOREM,Removables,IMPLANTS
451020,MODSTOREM,Removables,Removables
451020,MODSTOREM,Removables,PRINTING
451020,SGSTNTBSKY,Surgical Guides,CAD DESIGN
451020,MODSTOREM,Removables,SCHEDULING
451020,SGSTNTBSKY,Surgical Guides,Removables
451020,SGSTNTBSKY,Surgical Guides,BUSOFF
451020,SGSTNTBSKY,Surgical Guides,IMPLANTS
451020,SGSTNTBSKY,Surgical Guides,PRINTING
451020,SGSTNTBSKY,Surgical Guides,SCHEDULING
451837,DIGCRATHERM,SPLINTS,
451837,DIGCRATHERM,SPLINTS,BUSOFF
451837,DIGCRATHERM,SPLINTS,Removables
451837,DIGCRATHERM,SPLINTS,PRINTING
451837,DIGCRATHERM,SPLINTS,SPLINTS
451837,DIGCRATHERM,SPLINTS,SCHEDULING
451837,DIGMODCADREM,Removables,
451837,DIGMODCADREM,Removables,BUSOFF
451837,DIGMODCADREM,Removables,PRINTING
451837,DIGMODCADREM,Removables,SCHEDULING
451837,DIGMODCADREM,Removables,Removables
451837,DIGMODCADREM,Removables,SPLINTS
447265,DIGBRUXCRN,C&B,
451056,PARTIALDUR,PARTIAL,BUSOFF
451056,INFCONT,MISC,BUSOFF
451056,PARTIALDUR,PARTIAL,REMQC
451056,INFCONT,MISC,PARTIAL
451056,PARTIALDUR,PARTIAL,SCHEDULING
451056,INFCONT,MISC,REMQC
451056,INFCONT,MISC,SCHEDULING
451056,PARTIALDUR,PARTIAL,PARTIAL
451570,DIGDENTRY,Removables,BUSOFF
451570,DENREPCOM,Removables,BUSOFF
451570,DTARTICA1,Removables,BUSOFF
451570,DENREPCOM,Removables,PRINTING
451570,DTARTICA1,Removables,PRINTING
451570,DENREPCOM,Removables,Removables
451570,DTARTICA1,Removables,Removables
451570,DIGDENTRY,Removables,PRINTING
451570,DIGDENTRY,Removables,Removables
451570,DIGMODCADREM,Removables,BUSOFF
451570,DIGMODCADREM,Removables,PRINTING
451570,DIGMODCADREM,Removables,Removables
451982,DENAO4HYT,CHAIRSIDE SERVICES,CHAIRSIDE SERVICES
451982,DENAO4HYT,CHAIRSIDE SERVICES,BUSOFF
451982,DENAO4HYT,CHAIRSIDE SERVICES,REMQC
451982,INFCONT,MISC,BUSOFF
451982,DENAO4HYT,CHAIRSIDE SERVICES,SCHEDULING
451982,INFCONT,MISC,REMQC
451982,INFCONT,MISC,CHAIRSIDE SERVICES
451982,INFCONT,MISC,SCHEDULING
451690,DIGBRUXCRN,C&B,CEMENT
451690,DIGBRUXCRN,C&B,BUSOFF
451690,DIGBRUXCRN,C&B,SINTER
451690,DIGBRUXCRN,C&B,C&B
451690,DIGBRUXCRN,C&B,STAINGLZ
451690,DIGBRUXCRN,C&B,CAD DESIGN
451690,IMPSCRDES,IMPLANTS,BUSOFF
451690,DIGBRUXCRN,C&B,FIXED QC
451690,IMPSCRDES,IMPLANTS,C&B
451690,DIGBRUXCRN,C&B,SCHEDULING
451690,IMPSCRDES,IMPLANTS,SCHEDULING
451690,IMPSCRDES,IMPLANTS,CAD DESIGN
451690,IMPSCRDES,IMPLANTS,CEMENT
451690,IMPSCRDES,IMPLANTS,FIXED QC
451690,IMPSCRDES,IMPLANTS,SINTER
451690,IMPSCRDES,IMPLANTS,STAINGLZ
450969,DENLINGBAR,Removables,BUSOFF
450969,DENLINGBAR,Removables,FINISHING
450969,INFCONT,MISC,Removables
450969,DENLINGBAR,Removables,FIXED QC
450969,DENLINGBAR,Removables,Removables
450969,DENLINGBAR,Removables,SCHEDULING
450969,INFCONT,MISC,BUSOFF
450969,INFCONT,MISC,FINISHING
450969,INFCONT,MISC,FIXED QC
450969,INFCONT,MISC,SCHEDULING
450477,DENFULLEC,Removables,
451649,CRNBRUX,C&B,Brux Porcelain
451649,CRNBRUX,C&B,C&B
451649,CRNBRUX,C&B,CAD Mill crown/coping
451649,CRNBRUX,C&B,FIXED MODELS
451649,CRNBRUX,C&B,Die Trim
451649,CRNBRUX,C&B,Outsource Design full contour
451649,CRNBRUX,C&B,FIXED QC
451649,CRNBRUX,C&B,Scan for crowns
451649,CRNBRUX,C&B,Invoice and Ship
451649,CRNBRUX,C&B,Sinter
451649,CRNBRUX,C&B,SCHEDULING
451649,INFCONT,MISC,Brux Porcelain
451649,CRNBRUX,C&B,Stain & Glaze
451649,INFCONT,MISC,C&B
451649,INFCONT,MISC,CAD Mill crown/coping
451649,INFCONT,MISC,Die Trim
451649,INFCONT,MISC,FIXED MODELS
451649,INFCONT,MISC,FIXED QC
451649,INFCONT,MISC,Invoice and Ship
451649,INFCONT,MISC,Outsource Design full contour
451649,INFCONT,MISC,Scan for crowns
451649,INFCONT,MISC,SCHEDULING
451649,INFCONT,MISC,Sinter
451649,INFCONT,MISC,Stain & Glaze
446784,INFCONT,MISC,CAD DESIGN
446784,INFCONT,MISC,BUSOFF
446784,INFCONT,MISC,Removables
446784,INFCONT,MISC,IMPLANTS
446784,INFCONT,MISC,SCHEDULING
446784,INFCONT,MISC,PRINTING
446784,MODSTOREM,Removables,CAD DESIGN
446784,MODSTOREM,Removables,BUSOFF
446784,MODSTOREM,Removables,IMPLANTS
446784,MODSTOREM,Removables,PRINTING
446784,MODSTOREM,Removables,SCHEDULING
446784,MODSTOREM,Removables,Removables
446784,SGADDSITE,Surgical Guides,CAD DESIGN
446784,SGADDSITE,Surgical Guides,BUSOFF
446784,SGADDSITE,Surgical Guides,IMPLANTS
446784,SGADDSITE,Surgical Guides,PRINTING
446784,SGADDSITE,Surgical Guides,Removables
446784,SGADDSITE,Surgical Guides,SCHEDULING
446784,SGSTNTBSKY,Surgical Guides,CAD DESIGN
446784,SGSTNTBSKY,Surgical Guides,BUSOFF
446784,SGSTNTBSKY,Surgical Guides,IMPLANTS
446784,SGSTNTBSKY,Surgical Guides,PRINTING
446784,SGSTNTBSKY,Surgical Guides,SCHEDULING
446784,SGSTNTBSKY,Surgical Guides,Removables
451625,DIGANALOG,IMPLANT PT,CAD DESIGN
451625,DIGANALOG,IMPLANT PT,BUSOFF
451625,DIGANALOG,IMPLANT PT,FIXED MODELS
451625,DIGANALOG,IMPLANT PT,C&B
451625,DIGANALOG,IMPLANT PT,Impl Eval/Set TA
451625,DIGANALOG,IMPLANT PT,Fixed QC
451625,DIGANALOG,IMPLANT PT,IMPLANTS
451625,DIGANALOG,IMPLANT PT,Scan Abutments
451625,DIGANALOG,IMPLANT PT,Tissue Trim
451625,DIGANALOG,IMPLANT PT,SCHEDULING
451625,DIGBRUXCRN,C&B,CAD DESIGN
451625,DIGANALOG,IMPLANT PT,SINTER
451625,DIGBRUXCRN,C&B,FIXED MODELS
451625,DIGANALOG,IMPLANT PT,STAINGLZ
451625,DIGBRUXCRN,C&B,SINTER
451625,DIGBRUXCRN,C&B,BUSOFF
451625,DIGBRUXCRN,C&B,Tissue Trim
451625,DIGBRUXCRN,C&B,C&B
451625,SCREWRETCRN,IMPLANTS,BUSOFF
451625,DIGBRUXCRN,C&B,Fixed QC
451625,SCREWRETCRN,IMPLANTS,C&B
451625,DIGBRUXCRN,C&B,Impl Eval/Set TA
451625,SCREWRETCRN,IMPLANTS,Fixed QC
451625,DIGBRUXCRN,C&B,IMPLANTS
451625,SCREWRETCRN,IMPLANTS,Impl Eval/Set TA
451625,DIGBRUXCRN,C&B,Scan Abutments
451625,SCREWRETCRN,IMPLANTS,IMPLANTS
451625,DIGBRUXCRN,C&B,SCHEDULING
451625,SCREWRETCRN,IMPLANTS,SINTER
451625,DIGBRUXCRN,C&B,STAINGLZ
451625,SCREWRETCRN,IMPLANTS,Tissue Trim
451625,SCREWRETCRN,IMPLANTS,CAD DESIGN
451625,SCREWRETCRN,IMPLANTS,FIXED MODELS
451625,SCREWRETCRN,IMPLANTS,Scan Abutments
451625,SCREWRETCRN,IMPLANTS,SCHEDULING
451625,SCREWRETCRN,IMPLANTS,STAINGLZ
451910,DIGEZZCRN,C&B,FIXED MODELS
451910,DIGEZZCRN,C&B,Brux Porcelain
451910,DIGEZZCRN,C&B,Invoice and Ship
451910,DIGEZZCRN,C&B,CAD Mill crown/coping
451910,DIGEZZCRN,C&B,Outsource Design full contour
451910,DIGEZZCRN,C&B,Fixed QC
451910,DIGEZZCRN,C&B,SCHEDULING
451910,DIGEZZCRN,C&B,Sinter
451910,DIGEZZCRN,C&B,Stain & Glaze
452021,DENREPCOM,Removables,REMQC
452021,DENREPCOM,Removables,BUSOFF
452021,DENREPCOM,Removables,SCHEDULING
452021,DENREPCOM,Removables,Removables
452021,INFCONT,MISC,Removables
452021,INFCONT,MISC,BUSOFF
452021,INFCONT,MISC,REMQC
452021,INFCONT,MISC,SCHEDULING
452051,CRNZIRCBR,C&B,BUSOFF
452051,CRNZIRCBR,C&B,CAD DESIGN
452051,CRNZIRCBR,C&B,C&B
452051,CRNZIRCBR,C&B,FINISHING
452051,CRNZIRCBR,C&B,FIXED QC
452051,CRNZIRCBR,C&B,SCHEDULING
452051,CRNZIRCBR,C&B,SINTER
452051,CRNZIRCBR,C&B,STAINGLZ
452051,DIGBRUXCRN,C&B,BUSOFF
452051,DIGBRUXCRN,C&B,C&B
452051,DIGBRUXCRN,C&B,CAD DESIGN
452051,DIGBRUXCRN,C&B,FINISHING
452051,DIGBRUXCRN,C&B,FIXED QC
452051,DIGBRUXCRN,C&B,SCHEDULING
452051,DIGBRUXCRN,C&B,SINTER
452051,DIGBRUXCRN,C&B,STAINGLZ
452002,DELIVERY,DELIVERY,BUSOFF
452002,DELIVERY,DELIVERY,CAD DESIGN
452002,DELIVERY,DELIVERY,C&B
452002,DELIVERY,DELIVERY,FIXED QC
452002,DELIVERY,DELIVERY,SCHEDULING
452002,DELIVERY,DELIVERY,SINTER
452002,DIGBRUXCRN,C&B,CAD DESIGN
452002,DELIVERY,DELIVERY,STAINGLZ
452002,DIGBRUXCRN,C&B,FIXED QC
452002,DIGBRUXCRN,C&B,BUSOFF
452002,DIGBRUXCRN,C&B,SCHEDULING
452002,DIGBRUXCRN,C&B,C&B
452002,DIGBRUXCRN,C&B,SINTER
452002,DIGBRUXCRN,C&B,STAINGLZ
446467,,,
451632,DIGMODCADREM,Removables,CAD DESIGN
451632,DIGMODCADREM,Removables,BUSOFF
451632,DIGMODCADREM,Removables,PRINTING
451632,DIGMODCADREM,Removables,IMPLANTS
451632,DIGMODCADREM,Removables,SCHEDULING
451632,DIGMODCADREM,Removables,Removables
451632,SGSTNTBSKY,Surgical Guides,CAD DESIGN
451632,SGSTNTBSKY,Surgical Guides,BUSOFF
451632,SGSTNTBSKY,Surgical Guides,Removables
451632,SGSTNTBSKY,Surgical Guides,IMPLANTS
451632,SGSTNTBSKY,Surgical Guides,PRINTING
451632,SGSTNTBSKY,Surgical Guides,SCHEDULING
451566,CRNBRUX,C&B,C&B
451566,CRNBRUX,C&B,Brux Porcelain
451566,CRNBRUX,C&B,FIXED MODELS
451566,CRNBRUX,C&B,CAD Mill crown/coping
451566,CRNBRUX,C&B,FIXED QC
451566,CRNBRUX,C&B,Die Trim
451566,CRNBRUX,C&B,Outsource Design full contour
451566,CRNBRUX,C&B,Invoice and Ship
451566,CRNBRUX,C&B,Sinter
451566,CRNBRUX,C&B,Scan for crowns
451566,DELIVERY,DELIVERY,Brux Porcelain
451566,CRNBRUX,C&B,SCHEDULING
451566,DELIVERY,DELIVERY,C&B
451566,CRNBRUX,C&B,Stain & Glaze
451566,DELIVERY,DELIVERY,CAD Mill crown/coping
451566,DELIVERY,DELIVERY,FIXED MODELS
451566,DELIVERY,DELIVERY,Die Trim
451566,DELIVERY,DELIVERY,Invoice and Ship
451566,DELIVERY,DELIVERY,FIXED QC
451566,DELIVERY,DELIVERY,Outsource Design full contour
451566,DELIVERY,DELIVERY,Scan for crowns
451566,DELIVERY,DELIVERY,Stain & Glaze
451566,DELIVERY,DELIVERY,SCHEDULING
451566,INFCONT,MISC,Brux Porcelain
451566,DELIVERY,DELIVERY,Sinter
451566,INFCONT,MISC,C&B
451566,INFCONT,MISC,CAD Mill crown/coping
451566,INFCONT,MISC,FIXED MODELS
451566,INFCONT,MISC,Die Trim
451566,INFCONT,MISC,FIXED QC
451566,INFCONT,MISC,Outsource Design full contour
451566,INFCONT,MISC,Invoice and Ship
451566,INFCONT,MISC,Scan for crowns
451566,INFCONT,MISC,SCHEDULING
451566,INFCONT,MISC,Sinter
451566,INFCONT,MISC,Stain & Glaze
451611,CRNBRUX,C&B,C&B
451611,CRNBRUX,C&B,Brux Porcelain
451611,CRNBRUX,C&B,FIXED MODELS
451611,CRNBRUX,C&B,CAD Mill crown/coping
451611,CRNBRUX,C&B,Invoice and Ship
451611,CRNBRUX,C&B,Die Trim
451611,CRNBRUX,C&B,Scan for crowns
451611,CRNBRUX,C&B,FIXED QC
451611,CRNBRUX,C&B,SCHEDULING
451611,CRNBRUX,C&B,Outsource Design full contour
451611,CRNBRUX,C&B,Sinter
451611,INFCONT,MISC,CAD Mill crown/coping
451611,CRNBRUX,C&B,Stain & Glaze
451611,INFCONT,MISC,FIXED MODELS
451611,INFCONT,MISC,Brux Porcelain
451611,INFCONT,MISC,FIXED QC
451611,INFCONT,MISC,C&B
451611,INFCONT,MISC,Invoice and Ship
451611,INFCONT,MISC,Die Trim
451611,INFCONT,MISC,Scan for crowns
451611,INFCONT,MISC,Outsource Design full contour
451611,INFCONT,MISC,SCHEDULING
451611,INFCONT,MISC,Sinter
451611,INFCONT,MISC,Stain & Glaze
452004,DIGBRUXCRN,C&B,SINTER
452004,DIGBRUXCRN,C&B,BUSOFF
452004,DIGBRUXCRN,C&B,C&B
452004,DIGBRUXCRN,C&B,CAD DESIGN
452004,DIGBRUXCRN,C&B,FIXED QC
452004,DIGBRUXCRN,C&B,SCHEDULING
452004,DIGBRUXCRN,C&B,STAINGLZ
452014,CRNBRUX,C&B,C&B
452014,CRNBRUX,C&B,Brux Porcelain
452014,CRNBRUX,C&B,CAD Mill crown/coping
452014,CRNBRUX,C&B,FIXED QC
452014,CRNBRUX,C&B,Die Trim
452014,CRNBRUX,C&B,Invoice and Ship
452014,CRNBRUX,C&B,FIXED MODELS
452014,CRNBRUX,C&B,Scan for crowns
452014,CRNBRUX,C&B,Outsource Design full contour
452014,CRNBRUX,C&B,Sinter
452014,CRNBRUX,C&B,SCHEDULING
452014,CRNBRUX,C&B,Stain & Glaze
451990,DIGBRUXCRN,C&B,CAD DESIGN
451990,DIGBRUXCRN,C&B,BUILD MODEL
451990,DIGBRUXCRN,C&B,FIXED MODELS
451990,DIGBRUXCRN,C&B,BUSOFF
451990,DIGBRUXCRN,C&B,PRINT STUDY MODELS
451990,DIGBRUXCRN,C&B,C&B
451990,DIGBRUXCRN,C&B,SCHEDULING
451990,DIGBRUXCRN,C&B,Fixed QC
451990,DIGBRUXCRN,C&B,SINTER
451990,DIGMODCADFIX,C&B,BUILD MODEL
451990,DIGBRUXCRN,C&B,STAINGLZ
451990,DIGMODCADFIX,C&B,CAD DESIGN
451990,DIGMODCADFIX,C&B,BUSOFF
451990,DIGMODCADFIX,C&B,Fixed QC
451990,DIGMODCADFIX,C&B,C&B
451990,DIGMODCADFIX,C&B,SCHEDULING
451990,DIGMODCADFIX,C&B,FIXED MODELS
451990,DIGMODCADFIX,C&B,SINTER
451990,DIGMODCADFIX,C&B,PRINT STUDY MODELS
451990,DIGMODCADFIX,C&B,STAINGLZ
451775,CRNBRUX,C&B,C&B
451775,CRNBRUX,C&B,Brux Porcelain
451775,CRNBRUX,C&B,Die Trim
451775,CRNBRUX,C&B,CAD Mill crown/coping
451775,CRNBRUX,C&B,FIXED MODELS
451775,CRNBRUX,C&B,FINISHING
451775,CRNBRUX,C&B,Outsource Design full contour
451775,CRNBRUX,C&B,FIXED QC
451775,CRNZIRCBR,C&B,Brux Porcelain
451775,CRNBRUX,C&B,Invoice and Ship
451775,CRNZIRCBR,C&B,Die Trim
451775,CRNBRUX,C&B,Scan for crowns
451775,CRNZIRCBR,C&B,FIXED QC
451775,CRNBRUX,C&B,SCHEDULING
451775,CRNZIRCBR,C&B,Scan for crowns
451775,CRNBRUX,C&B,Sinter
451775,CRNZIRCBR,C&B,Sinter
451775,CRNBRUX,C&B,Stain & Glaze
451775,INFCONT,MISC,C&B
451775,CRNZIRCBR,C&B,C&B
451775,INFCONT,MISC,CAD Mill crown/coping
451775,CRNZIRCBR,C&B,CAD Mill crown/coping
451775,INFCONT,MISC,FINISHING
451775,CRNZIRCBR,C&B,FINISHING
451775,INFCONT,MISC,FIXED QC
451775,CRNZIRCBR,C&B,FIXED MODELS
451775,INFCONT,MISC,Invoice and Ship
451775,CRNZIRCBR,C&B,Invoice and Ship
451775,INFCONT,MISC,Outsource Design full contour
451775,CRNZIRCBR,C&B,Outsource Design full contour
451775,INFCONT,MISC,Scan for crowns
451775,CRNZIRCBR,C&B,SCHEDULING
451775,INFCONT,MISC,SCHEDULING
451775,CRNZIRCBR,C&B,Stain & Glaze
451775,INFCONT,MISC,Stain & Glaze
451775,INFCONT,MISC,Brux Porcelain
451775,INFCONT,MISC,Die Trim
451775,INFCONT,MISC,FIXED MODELS
451775,INFCONT,MISC,Sinter
451812,CRNBRUX,C&B,C&B
451812,CRNBRUX,C&B,Brux Porcelain
451812,CRNBRUX,C&B,FIXED QC
451812,CRNBRUX,C&B,CAD Mill crown/coping
451812,CRNBRUX,C&B,Outsource Design full contour
451812,CRNBRUX,C&B,Die Trim
451812,CRNBRUX,C&B,Sinter
451812,CRNBRUX,C&B,FIXED MODELS
451812,CRNBRUX,C&B,Invoice and Ship
451812,CRNBRUX,C&B,Scan for crowns
451812,CRNBRUX,C&B,SCHEDULING
451812,CRNBRUX,C&B,Stain & Glaze
451877,DIGBRUXCRN,C&B,BUSOFF
451877,DIGBRUXCRN,C&B,C&B
451877,DIGBRUXCRN,C&B,CAD DESIGN
451877,DIGBRUXCRN,C&B,FIXED QC
451877,DIGBRUXCRN,C&B,SCHEDULING
451877,DIGBRUXCRN,C&B,SINTER
451877,DIGBRUXCRN,C&B,STAINGLZ
452034,CRNBRUX,C&B,C&B
452034,CRNBRUX,C&B,Brux Porcelain
452034,CRNBRUX,C&B,CAD Mill crown/coping
452034,CRNBRUX,C&B,Sinter
452034,CRNBRUX,C&B,Die Trim
452034,CRNBRUX,C&B,FIXED MODELS
452034,CRNBRUX,C&B,FIXED QC
452034,CRNBRUX,C&B,Invoice and Ship
452034,CRNBRUX,C&B,Outsource Design full contour
452034,CRNBRUX,C&B,Scan for crowns
452034,CRNBRUX,C&B,SCHEDULING
452034,CRNBRUX,C&B,Stain & Glaze
448733,CRNBRUX,C&B,C&B
448733,CRNBRUX,C&B,Brux Porcelain
448733,CRNBRUX,C&B,CAD Mill crown/coping
448733,CRNBRUX,C&B,Fixed QC
448733,CRNBRUX,C&B,Die Trim
448733,CRNBRUX,C&B,Invoice and Ship
448733,CRNBRUX,C&B,FIXED MODELS
448733,CRNBRUX,C&B,Scan Abutments
448733,CRNBRUX,C&B,Impl Eval/Set TA
448733,CRNBRUX,C&B,Scan for crowns
448733,CRNBRUX,C&B,IMPLANTS
448733,CRNBRUX,C&B,Sinter
448733,CRNBRUX,C&B,Outsource Design full contour
448733,CRNBRUX,C&B,Stain & Glaze
448733,CRNBRUX,C&B,SCHEDULING
448733,CRNBRUX,C&B,Tissue Trim
448733,INFCONT,MISC,Brux Porcelain
448733,INFCONT,MISC,Die Trim
448733,INFCONT,MISC,C&B
448733,INFCONT,MISC,FIXED MODELS
448733,INFCONT,MISC,CAD Mill crown/coping
448733,INFCONT,MISC,Impl Eval/Set TA
448733,INFCONT,MISC,Fixed QC
448733,INFCONT,MISC,IMPLANTS
448733,INFCONT,MISC,Invoice and Ship
448733,INFCONT,MISC,Outsource Design full contour
448733,INFCONT,MISC,Scan Abutments
448733,INFCONT,MISC,Tissue Trim
448733,INFCONT,MISC,Scan for crowns
448733,SCREWRETCRN,IMPLANTS,Brux Porcelain
448733,INFCONT,MISC,SCHEDULING
448733,SCREWRETCRN,IMPLANTS,C&B
448733,INFCONT,MISC,Sinter
448733,SCREWRETCRN,IMPLANTS,Die Trim
448733,INFCONT,MISC,Stain & Glaze
448733,SCREWRETCRN,IMPLANTS,Impl Eval/Set TA
448733,SCREWRETCRN,IMPLANTS,CAD Mill crown/coping
448733,SCREWRETCRN,IMPLANTS,Outsource Design full contour
448733,SCREWRETCRN,IMPLANTS,FIXED MODELS
448733,SCREWRETCRN,IMPLANTS,Sinter
448733,SCREWRETCRN,IMPLANTS,Fixed QC
448733,SCREWRETCRN,IMPLANTS,Tissue Trim
448733,SCREWRETCRN,IMPLANTS,IMPLANTS
448733,SCREWRETCRN,IMPLANTS,Invoice and Ship
448733,SCREWRETCRN,IMPLANTS,Scan Abutments
448733,SCREWRETCRN,IMPLANTS,Scan for crowns
448733,SCREWRETCRN,IMPLANTS,SCHEDULING
448733,SCREWRETCRN,IMPLANTS,Stain & Glaze
451643,CRNEZZ,C&B,Brux Porcelain
451643,CRNEZZ,C&B,C&B
451643,CRNEZZ,C&B,Die Trim
451643,CRNEZZ,C&B,CAD Mill crown/coping
451643,CRNEZZ,C&B,Fixed QC
451643,CRNEZZ,C&B,FIXED MODELS
451643,CRNEZZ,C&B,Scan for crowns
451643,CRNEZZ,C&B,Invoice and Ship
451643,CRNEZZ,C&B,SCHEDULING
451643,CRNEZZ,C&B,Outsource Design full contour
451643,CRNEZZ,C&B,Sinter
451643,CRNEZZ,C&B,Stain & Glaze
451797,DIGBRUXCRN,C&B,CAD DESIGN
451797,DIGBRUXCRN,C&B,BUSOFF
451797,DIGBRUXCRN,C&B,FIXED QC
451797,DIGBRUXCRN,C&B,C&B
451797,DIGBRUXCRN,C&B,SCHEDULING
451797,DIGBRUXCRN,C&B,SINTER
451797,DIGBRUXCRN,C&B,STAINGLZ
451034,,,
451600,INFCONT,MISC,Removables
451600,DENBB,Removables,BUSOFF
451600,DENBB,Removables,Removables
451600,DENCUSTRAY,Removables,BUSOFF
451600,DENCUSTRAY,Removables,Removables
451600,INFCONT,MISC,BUSOFF
451600,MODSTOREM,Removables,BUSOFF
451600,MODSTOREM,Removables,Removables
447081,PARTLESS PROTOYPE,CHAIRSIDE SERVICES,CHAIRSIDE SERVICES
451839,DIGEZZCRN,C&B,Brux Porcelain
451839,DIGEZZCRN,C&B,FIXED MODELS
451839,DIGEZZCRN,C&B,CAD Mill crown/coping
451839,DIGEZZCRN,C&B,Invoice and Ship
451839,DIGEZZCRN,C&B,Fixed QC
451839,DIGEZZCRN,C&B,Outsource Design full contour
451839,DIGEZZCRN,C&B,SCHEDULING
451839,DIGEZZCRN,C&B,Sinter
451839,DIGEZZCRN,C&B,Stain & Glaze
440900,DIGANALOG,IMPLANT PT,BUSOFF
440900,DIGANALOG,IMPLANT PT,CAD DESIGN
440900,DIGANALOG,IMPLANT PT,C&B
440900,DIGANALOG,IMPLANT PT,FIXED MODELS
440900,DIGANALOG,IMPLANT PT,FIXED QC
440900,DIGANALOG,IMPLANT PT,Impl Eval/Set TA
440900,DIGANALOG,IMPLANT PT,Scan Abutments
440900,DIGANALOG,IMPLANT PT,IMPLANTS
440900,DIGANALOG,IMPLANT PT,SCHEDULING
440900,DIGANALOG,IMPLANT PT,SINTER
440900,DIGANALOG,IMPLANT PT,STAINGLZ
440900,DIGANALOG,IMPLANT PT,Tissue Trim
440900,DIGBRUXCRN,C&B,BUSOFF
440900,DIGBRUXCRN,C&B,CAD DESIGN
440900,DIGBRUXCRN,C&B,C&B
440900,DIGBRUXCRN,C&B,Scan Abutments
440900,DIGBRUXCRN,C&B,FIXED MODELS
440900,DIGBRUXCRN,C&B,SINTER
440900,DIGBRUXCRN,C&B,FIXED QC
440900,DIGBRUXCRN,C&B,STAINGLZ
440900,DIGBRUXCRN,C&B,Impl Eval/Set TA
440900,DIGBRUXCRN,C&B,Tissue Trim
440900,DIGBRUXCRN,C&B,IMPLANTS
440900,DIGDRCLCRN,C&B,CAD DESIGN
440900,DIGBRUXCRN,C&B,SCHEDULING
440900,DIGDRCLCRN,C&B,FIXED MODELS
440900,DIGDRCLCRN,C&B,BUSOFF
440900,DIGDRCLCRN,C&B,IMPLANTS
440900,DIGDRCLCRN,C&B,C&B
440900,DIGDRCLCRN,C&B,Scan Abutments
440900,DIGDRCLCRN,C&B,FIXED QC
440900,DIGDRCLCRN,C&B,SCHEDULING
440900,DIGDRCLCRN,C&B,Impl Eval/Set TA
440900,DIGDRCLCRN,C&B,STAINGLZ
440900,DIGDRCLCRN,C&B,SINTER
440900,SCREWRETCRN,IMPLANTS,BUSOFF
440900,DIGDRCLCRN,C&B,Tissue Trim
440900,SCREWRETCRN,IMPLANTS,C&B
440900,SCREWRETCRN,IMPLANTS,CAD DESIGN
440900,SCREWRETCRN,IMPLANTS,FIXED QC
440900,SCREWRETCRN,IMPLANTS,FIXED MODELS
440900,SCREWRETCRN,IMPLANTS,Impl Eval/Set TA
440900,SCREWRETCRN,IMPLANTS,SCHEDULING
440900,SCREWRETCRN,IMPLANTS,IMPLANTS
440900,SCREWRETCRN,IMPLANTS,STAINGLZ
440900,SCREWRETCRN,IMPLANTS,Scan Abutments
440900,SCREWRETCRN,IMPLANTS,SINTER
440900,SCREWRETCRN,IMPLANTS,Tissue Trim
451308,CRNEMAXM,C&B,CAD DESIGN
451308,CRNEMAXM,C&B,BUSOFF
451308,CRNEMAXM,C&B,PORCELAIN
451308,CRNEMAXM,C&B,C&B
451308,INFCONT,MISC,BUSOFF
451308,CRNEMAXM,C&B,CAD SCANNING
451308,INFCONT,MISC,C&B
451308,CRNEMAXM,C&B,DIETRIM
451308,INFCONT,MISC,CAD SCANNING
451308,CRNEMAXM,C&B,FIXED QC
451308,INFCONT,MISC,DIETRIM
451308,CRNEMAXM,C&B,SCHEDULING
451308,INFCONT,MISC,CAD DESIGN
451308,INFCONT,MISC,FIXED QC
451308,INFCONT,MISC,PORCELAIN
451308,INFCONT,MISC,SCHEDULING
451840,DIGBRUXCRN,C&B,BUSOFF
451840,DIGBRUXCRN,C&B,CAD DESIGN
451840,DIGBRUXCRN,C&B,C&B
451840,DIGBRUXCRN,C&B,SINTER
451840,DIGBRUXCRN,C&B,FIXED QC
451840,DIGBRUXCRN,C&B,STAINGLZ
451840,DIGBRUXCRN,C&B,SCHEDULING
450943,DIGMODCADREM,Removables,OUTSRCBUS
450943,DIGMODCADREM,Removables,BUSOFF
450943,DIGMODCADREM,Removables,Removables
450943,DIGMODCADREM,Removables,PARTIAL
450943,PARCASTSET,PARTIAL,BUSOFF
450943,DIGMODCADREM,Removables,PRINTING
450943,PARCASTSET,PARTIAL,PARTIAL
450943,DIGMODCADREM,Removables,REMQC
450943,PARCASTSET,PARTIAL,PRINTING
450943,DIGMODCADREM,Removables,SCHEDULING
450943,PARCASTSET,PARTIAL,SCHEDULING
450943,PARCASTSET,PARTIAL,OUTSRCBUS
450943,PARCASTSET,PARTIAL,Removables
450943,PARCASTSET,PARTIAL,REMQC
452026,DIGANALOG,IMPLANT PT,FIXED MODELS
452026,DIGANALOG,IMPLANT PT,BUILD MODEL
452026,DIGANALOG,IMPLANT PT,Invoice and Ship
452026,DIGANALOG,IMPLANT PT,DIGITAL SCAN REVIEW
452026,DIGANALOG,IMPLANT PT,PRINT STUDY MODELS
452026,DIGANALOG,IMPLANT PT,Fixed QC
452026,DIGANALOG,IMPLANT PT,SCHEDULING
452026,DIGMODCADFIX,C&B,BUILD MODEL
452026,DIGMODCADFIX,C&B,DIGITAL SCAN REVIEW
452026,DIGMODCADFIX,C&B,FIXED MODELS
452026,DIGMODCADFIX,C&B,Fixed QC
452026,DIGMODCADFIX,C&B,Invoice and Ship
452026,DIGMODCADFIX,C&B,SCHEDULING
452026,DIGMODCADFIX,C&B,PRINT STUDY MODELS
451993,CRA,SPLINTS,Dup Model
451993,CRA,SPLINTS,BUSOFF
451993,CRA,SPLINTS,Finish CRA
451993,CRA,SPLINTS,PRINTING
451993,CRA,SPLINTS,Rem Model
451993,CRA,SPLINTS,Process CRA
451993,CRA,SPLINTS,SCHEDULING
451993,CRA,SPLINTS,Removables
451993,CRA,SPLINTS,Splint QC
451993,DIGMODCADREM,Removables,PRINTING
451993,CRA,SPLINTS,Wax CRA
451993,DIGMODCADREM,Removables,Process CRA
451993,DIGMODCADREM,Removables,BUSOFF
451993,DIGMODCADREM,Removables,Removables
451993,DIGMODCADREM,Removables,Dup Model
451993,DIGMODCADREM,Removables,Finish CRA
451993,DIGMODCADREM,Removables,Rem Model
451993,DIGMODCADREM,Removables,SCHEDULING
451993,DIGMODCADREM,Removables,Splint QC
451993,DIGMODCADREM,Removables,Wax CRA
451994,CRNBRUX,C&B,C&B
451994,CRNBRUX,C&B,Brux Porcelain
451994,CRNBRUX,C&B,CAD Mill crown/coping
451994,CRNBRUX,C&B,Die Trim
451994,CRNBRUX,C&B,FIXED MODELS
451994,CRNBRUX,C&B,Invoice and Ship
451994,CRNBRUX,C&B,FIXED QC
451994,CRNBRUX,C&B,SCHEDULING
451994,CRNBRUX,C&B,Outsource Design full contour
451994,CRNBRUX,C&B,Sinter
451994,CRNBRUX,C&B,Scan for crowns
451994,CRNBRUX,C&B,Stain & Glaze
451680,,,
451618,DENAO4ZIRC,CHAIRSIDE SERVICES,BUSOFF
451618,DENAO4ZIRC,CHAIRSIDE SERVICES,CAD DESIGN
451618,DENAO4ZIRC,CHAIRSIDE SERVICES,CEMENT
451618,DENAO4ZIRC,CHAIRSIDE SERVICES,CHAIRSIDE SERVICES
451618,DENAO4ZIRC,CHAIRSIDE SERVICES,FINISHING
451618,DENAO4ZIRC,CHAIRSIDE SERVICES,Removables
451618,DENAO4ZIRC,CHAIRSIDE SERVICES,FIXED QC
451618,DENDRCALLR,Removables,CAD DESIGN
451618,DENAO4ZIRC,CHAIRSIDE SERVICES,REMQC
451618,DENDRCALLR,Removables,CHAIRSIDE SERVICES
451618,DENAO4ZIRC,CHAIRSIDE SERVICES,SCHEDULING
451618,DENDRCALLR,Removables,Removables
451618,DENAO4ZIRC,CHAIRSIDE SERVICES,SINTER
451618,DENEVALREM,Removables,CAD DESIGN
451618,DENAO4ZIRC,CHAIRSIDE SERVICES,STAINGLZ
451618,DENEVALREM,Removables,Removables
451618,DENDRCALLR,Removables,BUSOFF
451618,DENEVALREM,Removables,SINTER
451618,DENDRCALLR,Removables,CEMENT
451618,DENDRCALLR,Removables,FINISHING
451618,DENDRCALLR,Removables,FIXED QC
451618,DENDRCALLR,Removables,REMQC
451618,DENDRCALLR,Removables,SCHEDULING
451618,DENDRCALLR,Removables,SINTER
451618,DENDRCALLR,Removables,STAINGLZ
451618,DENEVALREM,Removables,BUSOFF
451618,DENEVALREM,Removables,CEMENT
451618,DENEVALREM,Removables,CHAIRSIDE SERVICES
451618,DENEVALREM,Removables,FINISHING
451618,DENEVALREM,Removables,FIXED QC
451618,DENEVALREM,Removables,REMQC
451618,DENEVALREM,Removables,SCHEDULING
451618,DENEVALREM,Removables,STAINGLZ
451867,DIGMODCADREM,Removables,PRINTING
451867,DIGMODCADREM,Removables,BUSOFF
451867,DIGMODCADREM,Removables,Removables
451867,DIGMODCADREM,Removables,PARTIAL
451867,PARTIALDUR,PARTIAL,REMQC
451867,DIGMODCADREM,Removables,REMQC
451867,PARTIALDUR,PARTIAL,SCHEDULING
451867,DIGMODCADREM,Removables,SCHEDULING
451867,PARTIALDUR,PARTIAL,BUSOFF
451867,PARTIALDUR,PARTIAL,PARTIAL
451867,PARTIALDUR,PARTIAL,PRINTING
451867,PARTIALDUR,PARTIAL,Removables
451942,DIGBRUXCRN,C&B,BUSOFF
451942,DIGBRUXCRN,C&B,SINTER
451942,DIGBRUXCRN,C&B,C&B
451942,DIGBRUXCRN,C&B,CAD DESIGN
451942,DIGBRUXCRN,C&B,FIXED QC
451942,DIGBRUXCRN,C&B,SCHEDULING
451942,DIGBRUXCRN,C&B,STAINGLZ
452081,ART-EVQC-CLPD,MISC,BUSOFF
452081,ART-EVQC-CLPD,MISC,Removables
452081,ART-EVQC-CLPD,MISC,PRINTING
452081,DIGMODCADREM,Removables,SCHEDULING
452081,ART-EVQC-CLPD,MISC,SCHEDULING
452081,DIGMODCADREM,Removables,BUSOFF
452081,DIGMODCADREM,Removables,PRINTING
452081,DIGMODCADREM,Removables,Removables
451798,CRNBRUX,C&B,CAD Mill crown/coping
451798,CRNBRUX,C&B,Brux Porcelain
451798,CRNBRUX,C&B,FIXED MODELS
451798,CRNBRUX,C&B,C&B
451798,CRNBRUX,C&B,Invoice and Ship
451798,CRNBRUX,C&B,Die Trim
451798,CRNBRUX,C&B,Scan for crowns
451798,CRNBRUX,C&B,FIXED QC
451798,CRNBRUX,C&B,SCHEDULING
451798,CRNBRUX,C&B,Outsource Design full contour
451798,CRNBRUX,C&B,Sinter
451798,INFCONT,MISC,CAD Mill crown/coping
451798,CRNBRUX,C&B,Stain & Glaze
451798,INFCONT,MISC,Die Trim
451798,INFCONT,MISC,Brux Porcelain
451798,INFCONT,MISC,FIXED QC
451798,INFCONT,MISC,C&B
451798,INFCONT,MISC,Invoice and Ship
451798,INFCONT,MISC,FIXED MODELS
451798,INFCONT,MISC,Outsource Design full contour
451798,INFCONT,MISC,Sinter
451798,INFCONT,MISC,Scan for crowns
451798,INFCONT,MISC,SCHEDULING
451798,INFCONT,MISC,Stain & Glaze
451385,DENAO4ZPT,CHAIRSIDE SERVICES,BUSOFF
451385,DENAO4ZPT,CHAIRSIDE SERVICES,CHAIRSIDE SERVICES
451385,INFCONT,MISC,REMQC
451385,DENAO4ZPT,CHAIRSIDE SERVICES,REMQC
451385,INFCONT,MISC,SCHEDULING
451385,DENAO4ZPT,CHAIRSIDE SERVICES,SCHEDULING
451385,INFCONT,MISC,BUSOFF
451385,INFCONT,MISC,CHAIRSIDE SERVICES
452078,DIGBRUXCRN,C&B,CAD DESIGN
452078,DIGBRUXCRN,C&B,BUSOFF
452078,DIGBRUXCRN,C&B,SINTER
452078,DIGBRUXCRN,C&B,C&B
452078,DIGBRUXCRN,C&B,FIXED QC
452078,DIGBRUXCRN,C&B,SCHEDULING
452078,DIGBRUXCRN,C&B,STAINGLZ
451992,CRAHSC,SPLINTS,BUSOFF
451992,CRAHSC,SPLINTS,PRINTING
451992,CRAHSC,SPLINTS,SCHEDULING
451992,CRAHSC,SPLINTS,Removables
451992,DIGMODCADREM,Removables,SPLINTS
451992,CRAHSC,SPLINTS,SPLINTS
451992,DIGMODCADREM,Removables,BUSOFF
451992,DIGMODCADREM,Removables,PRINTING
451992,DIGMODCADREM,Removables,Removables
451992,DIGMODCADREM,Removables,SCHEDULING
451946,CRNBRUX,C&B,CAD Mill crown/coping
451946,CRNBRUX,C&B,Brux Porcelain
451946,CRNBRUX,C&B,Die Trim
451946,CRNBRUX,C&B,C&B
451946,CRNBRUX,C&B,Outsource Design full contour
451946,CRNBRUX,C&B,FIXED MODELS
451946,CRNBRUX,C&B,SCHEDULING
451946,CRNBRUX,C&B,FIXED QC
451946,CRNBRUX,C&B,Invoice and Ship
451946,CRNBRUX,C&B,Scan for crowns
451946,CRNBRUX,C&B,Sinter
451946,CRNBRUX,C&B,Stain & Glaze
446260,,,
450515,DENPROC,Removables,OUTSRCBUS
450515,DENPROC,Removables,BUSOFF
450515,DENPROC,Removables,PARTIAL
450515,INFCONT,MISC,BUSOFF
450515,DENPROC,Removables,Removables
450515,INFCONT,MISC,PARTIAL
450515,DENPROC,Removables,REMQC
450515,PARCASTSET,PARTIAL,OUTSRCBUS
450515,DENPROC,Removables,SCHEDULING
450515,PARCASTSET,PARTIAL,PARTIAL
450515,INFCONT,MISC,OUTSRCBUS
450515,PARCASTSET,PARTIAL,Removables
450515,INFCONT,MISC,Removables
450515,INFCONT,MISC,REMQC
450515,INFCONT,MISC,SCHEDULING
450515,PARCASTSET,PARTIAL,BUSOFF
450515,PARCASTSET,PARTIAL,REMQC
450515,PARCASTSET,PARTIAL,SCHEDULING
452068,CRNBRUX,C&B,Brux Porcelain
452068,CRNBRUX,C&B,CAD Mill crown/coping
452068,CRNBRUX,C&B,C&B
452068,CRNBRUX,C&B,FIXED MODELS
452068,CRNBRUX,C&B,Die Trim
452068,CRNBRUX,C&B,FIXED QC
452068,CRNBRUX,C&B,Outsource Design full contour
452068,CRNBRUX,C&B,Invoice and Ship
452068,CRNBRUX,C&B,Sinter
452068,CRNBRUX,C&B,Scan for crowns
452068,INFCONT,MISC,C&B
452068,CRNBRUX,C&B,SCHEDULING
452068,INFCONT,MISC,CAD Mill crown/coping
452068,CRNBRUX,C&B,Stain & Glaze
452068,INFCONT,MISC,Die Trim
452068,INFCONT,MISC,Brux Porcelain
452068,INFCONT,MISC,FIXED MODELS
452068,INFCONT,MISC,FIXED QC
452068,INFCONT,MISC,Outsource Design full contour
452068,INFCONT,MISC,Invoice and Ship
452068,INFCONT,MISC,SCHEDULING
452068,INFCONT,MISC,Scan for crowns
452068,INFCONT,MISC,Sinter
452068,INFCONT,MISC,Stain & Glaze
451274,DWXDIAWUP,C&B,BUSOFF
451274,DWXDIAWUP,C&B,CAD DESIGN
451274,DWXDIAWUP,C&B,C&B
451274,DWXDIAWUP,C&B,WAX
451274,DWXDIAWUP,C&B,CAD SCANNING
451274,DWXDIAWUP,C&B,FIXED QC
451274,DWXDIAWUP,C&B,SCHEDULING
438970,,,
451711,CRNBRUX,C&B,C&B
451711,CRNBRUX,C&B,Brux Porcelain
451711,CRNBRUX,C&B,CAD Mill crown/coping
451711,CRNBRUX,C&B,FIXED QC
451711,CRNBRUX,C&B,Die Trim
451711,CRNBRUX,C&B,Scan for crowns
451711,CRNBRUX,C&B,FIXED MODELS
451711,CRNBRUX,C&B,SCHEDULING
451711,CRNBRUX,C&B,Invoice and Ship
451711,CRNBRUX,C&B,Sinter
451711,CRNBRUX,C&B,Outsource Design full contour
451711,CRNBRUX,C&B,Stain & Glaze
451909,DENAO4HYT,CHAIRSIDE SERVICES,BUSOFF
451909,INFCONT,MISC,CHAIRSIDE SERVICES
451909,DENAO4HYT,CHAIRSIDE SERVICES,CHAIRSIDE SERVICES
451909,INFCONT,MISC,Removables
451909,DENAO4HYT,CHAIRSIDE SERVICES,Removables
451909,DENBB,Removables,BUSOFF
451909,DENBB,Removables,CHAIRSIDE SERVICES
451909,DENBB,Removables,Removables
451909,INFCONT,MISC,BUSOFF
447906,DIGBRUXCRN,C&B,
442159,DIGANALOG,IMPLANT PT,CAD DESIGN
442159,DIGANALOG,IMPLANT PT,BUSOFF
442159,DIGANALOG,IMPLANT PT,Scan Abutments
442159,DIGANALOG,IMPLANT PT,C&B
442159,DIGANALOG,IMPLANT PT,SINTER
442159,DIGANALOG,IMPLANT PT,FIXED MODELS
442159,DIGANALOG,IMPLANT PT,STAINGLZ
442159,DIGANALOG,IMPLANT PT,Fixed QC
442159,DIGANALOG,IMPLANT PT,Tissue Trim
442159,DIGANALOG,IMPLANT PT,Impl Eval/Set TA
442159,DIGBRUXCRN,C&B,CAD DESIGN
442159,DIGANALOG,IMPLANT PT,IMPLANTS
442159,DIGBRUXCRN,C&B,Fixed QC
442159,DIGANALOG,IMPLANT PT,SCHEDULING
442159,DIGBRUXCRN,C&B,Impl Eval/Set TA
442159,DIGBRUXCRN,C&B,BUSOFF
442159,DIGBRUXCRN,C&B,SINTER
442159,DIGBRUXCRN,C&B,C&B
442159,DIGBRUXCRN,C&B,STAINGLZ
442159,DIGBRUXCRN,C&B,FIXED MODELS
442159,SCREWRETCRN,IMPLANTS,BUSOFF
442159,DIGBRUXCRN,C&B,IMPLANTS
442159,SCREWRETCRN,IMPLANTS,C&B
442159,DIGBRUXCRN,C&B,Scan Abutments
442159,SCREWRETCRN,IMPLANTS,FIXED MODELS
442159,DIGBRUXCRN,C&B,SCHEDULING
442159,SCREWRETCRN,IMPLANTS,IMPLANTS
442159,DIGBRUXCRN,C&B,Tissue Trim
442159,SCREWRETCRN,IMPLANTS,Scan Abutments
442159,SCREWRETCRN,IMPLANTS,CAD DESIGN
442159,SCREWRETCRN,IMPLANTS,SINTER
442159,SCREWRETCRN,IMPLANTS,Fixed QC
442159,SCREWRETCRN,IMPLANTS,STAINGLZ
442159,SCREWRETCRN,IMPLANTS,Impl Eval/Set TA
442159,SCREWRETCRN,IMPLANTS,Tissue Trim
442159,SCREWRETCRN,IMPLANTS,SCHEDULING
452060,DIGBRUXCRN,C&B,BUSOFF
452060,DIGBRUXCRN,C&B,CAD DESIGN
452060,DIGBRUXCRN,C&B,C&B
452060,DIGBRUXCRN,C&B,SCHEDULING
452060,DIGBRUXCRN,C&B,FIXED QC
452060,DIGBRUXCRN,C&B,SINTER
452060,DIGBRUXCRN,C&B,STAINGLZ
450189,DENAO4ZPT,CHAIRSIDE SERVICES,SCHEDULING
450189,DENAO4ZPT,CHAIRSIDE SERVICES,BUSOFF
450189,INFCONT,MISC,BUSOFF
450189,DENAO4ZPT,CHAIRSIDE SERVICES,CHAIRSIDE SERVICES
450189,INFCONT,MISC,CHAIRSIDE SERVICES
450189,DENAO4ZPT,CHAIRSIDE SERVICES,REMQC
450189,INFCONT,MISC,REMQC
450189,INFCONT,MISC,SCHEDULING
448224,DIGBRUXCRN,C&B,BUSOFF
448224,DIGBRUXCRN,C&B,CAD DESIGN
448224,DIGBRUXCRN,C&B,C&B
448224,DIGBRUXCRN,C&B,FIXED QC
448224,DIGBRUXCRN,C&B,SCHEDULING
448224,DIGBRUXCRN,C&B,SINTER
448224,DIGBRUXCRN,C&B,STAINGLZ
451820,CRNFIT,C&B,BUSOFF
451820,CRNFIT,C&B,BUILD MODEL
451820,CRNFIT,C&B,C&B
451820,CRNFIT,C&B,CAD DESIGN
451820,CRNFIT,C&B,FINISHING
451820,CRNFIT,C&B,PORCELAIN
451820,CRNFIT,C&B,FIXED MODELS
451820,CRNFIT,C&B,SINTER
451820,CRNFIT,C&B,Fixed QC
451820,CRNFIT,C&B,STAINGLZ
451820,CRNFIT,C&B,PRINT STUDY MODELS
451820,DIGBRUXCRN,C&B,BUILD MODEL
451820,CRNFIT,C&B,SCHEDULING
451820,DIGBRUXCRN,C&B,CAD DESIGN
451820,DIGBRUXCRN,C&B,BUSOFF
451820,DIGBRUXCRN,C&B,FIXED MODELS
451820,DIGBRUXCRN,C&B,C&B
451820,DIGBRUXCRN,C&B,PORCELAIN
451820,DIGBRUXCRN,C&B,FINISHING
451820,DIGBRUXCRN,C&B,PRINT STUDY MODELS
451820,DIGBRUXCRN,C&B,Fixed QC
451820,DIGMODCADFIX,C&B,BUSOFF
451820,DIGBRUXCRN,C&B,SCHEDULING
451820,DIGMODCADFIX,C&B,C&B
451820,DIGBRUXCRN,C&B,SINTER
451820,DIGMODCADFIX,C&B,CAD DESIGN
451820,DIGBRUXCRN,C&B,STAINGLZ
451820,DIGMODCADFIX,C&B,FINISHING
451820,DIGMODCADFIX,C&B,BUILD MODEL
451820,DIGMODCADFIX,C&B,FIXED MODELS
451820,DIGMODCADFIX,C&B,PORCELAIN
451820,DIGMODCADFIX,C&B,Fixed QC
451820,DIGMODCADFIX,C&B,SINTER
451820,DIGMODCADFIX,C&B,PRINT STUDY MODELS
451820,DIGMODCADFIX,C&B,STAINGLZ
451820,DIGMODCADFIX,C&B,SCHEDULING
451820,INFCONT,MISC,FINISHING
451820,INFCONT,MISC,BUILD MODEL
451820,INFCONT,MISC,Fixed QC
451820,INFCONT,MISC,BUSOFF
451820,INFCONT,MISC,SCHEDULING
451820,INFCONT,MISC,C&B
451820,INFCONT,MISC,SINTER
451820,INFCONT,MISC,CAD DESIGN
451820,INFCONT,MISC,STAINGLZ
451820,INFCONT,MISC,FIXED MODELS
451820,INFCONT,MISC,PORCELAIN
451820,INFCONT,MISC,PRINT STUDY MODELS
447545,CRNCASECON,C&B,
452007,CRNEZZ,C&B,Brux Porcelain
452007,CRNEZZ,C&B,C&B
452007,CRNEZZ,C&B,Fixed QC
452007,CRNEZZ,C&B,CAD Mill crown/coping
452007,CRNEZZ,C&B,Scan for crowns
452007,CRNEZZ,C&B,Die Trim
452007,CRNEZZ,C&B,SCHEDULING
452007,CRNEZZ,C&B,FIXED MODELS
452007,CRNEZZ,C&B,Sinter
452007,CRNEZZ,C&B,Invoice and Ship
452007,INFCONT,MISC,Brux Porcelain
452007,CRNEZZ,C&B,Outsource Design full contour
452007,INFCONT,MISC,Die Trim
452007,CRNEZZ,C&B,Stain & Glaze
452007,INFCONT,MISC,Invoice and Ship
452007,INFCONT,MISC,C&B
452007,INFCONT,MISC,SCHEDULING
452007,INFCONT,MISC,CAD Mill crown/coping
452007,INFCONT,MISC,Sinter
452007,INFCONT,MISC,FIXED MODELS
452007,INFCONT,MISC,Stain & Glaze
452007,INFCONT,MISC,Fixed QC
452007,INFCONT,MISC,Outsource Design full contour
452007,INFCONT,MISC,Scan for crowns
451984,DIGBRUXCRN,C&B,BUSOFF
451984,DIGBRUXCRN,C&B,CAD DESIGN
451984,DIGBRUXCRN,C&B,C&B
451984,DIGBRUXCRN,C&B,SCHEDULING
451984,DIGBRUXCRN,C&B,FIXED QC
451984,DIGBRUXCRN,C&B,SINTER
451984,DIGBRUXCRN,C&B,STAINGLZ
451614,CRNBRUX,C&B,FIXED MODELS
451614,CRNBRUX,C&B,Brux Porcelain
451614,CRNBRUX,C&B,IMPLANTS
451614,CRNBRUX,C&B,C&B
451614,CRNBRUX,C&B,Outsource Design full contour
451614,CRNBRUX,C&B,CAD Mill crown/coping
451614,CRNBRUX,C&B,Stain & Glaze
451614,CRNBRUX,C&B,Die Trim
451614,SMTCRN,IMPLANTS,C&B
451614,CRNBRUX,C&B,FIXED QC
451614,SMTCRN,IMPLANTS,CAD Mill crown/coping
451614,CRNBRUX,C&B,Scan for crowns
451614,SMTCRN,IMPLANTS,FIXED QC
451614,CRNBRUX,C&B,Sinter
451614,SMTCRN,IMPLANTS,IMPLANTS
451614,SMTCRN,IMPLANTS,Brux Porcelain
451614,SMTCRN,IMPLANTS,Outsource Design full contour
451614,SMTCRN,IMPLANTS,Die Trim
451614,SMTCRN,IMPLANTS,Scan for crowns
451614,SMTCRN,IMPLANTS,FIXED MODELS
451614,SMTCRN,IMPLANTS,Sinter
451614,SMTCRN,IMPLANTS,Stain & Glaze
450858,SGSTNTBSKY,Surgical Guides,BUSOFF
450858,SGSTNTBSKY,Surgical Guides,CAD DESIGN
450858,SGSTNTBSKY,Surgical Guides,IMPLANTS
450858,SGSTNTBSKY,Surgical Guides,PRINTING
450858,SGSTNTBSKY,Surgical Guides,Removables
450858,SGSTNTBSKY,Surgical Guides,SCHEDULING
452032,DIGBRUXCRN,C&B,CAD DESIGN
452032,DIGBRUXCRN,C&B,BUSOFF
452032,DIGBRUXCRN,C&B,SINTER
452032,DIGBRUXCRN,C&B,C&B
452032,DIGBRUXCRN,C&B,FIXED QC
452032,DIGBRUXCRN,C&B,SCHEDULING
452032,DIGBRUXCRN,C&B,STAINGLZ
451829,DIGBRUXCRN,C&B,CAD DESIGN
451829,DIGBRUXCRN,C&B,BUSOFF
451829,DIGBRUXCRN,C&B,FIXED QC
451829,DIGBRUXCRN,C&B,C&B
451829,DIGBRUXCRN,C&B,SCHEDULING
451829,DIGBRUXCRN,C&B,SINTER
451829,DIGBRUXCRN,C&B,STAINGLZ
451654,DENREPCOM,Removables,BUSOFF
451654,DENREPCOM,Removables,Removables
451654,DENREPCOM,Removables,SCHEDULING
451654,DENREPCOM,Removables,REMQC
451654,INFCONT,MISC,BUSOFF
451654,INFCONT,MISC,REMQC
451654,INFCONT,MISC,Removables
451654,INFCONT,MISC,SCHEDULING
447703,DIGBRUXCRN,C&B,
451970,ART-EVQC-CLSCN,MISC,BUSOFF
451970,ART-EVQC-CLSCN,MISC,CAD DESIGN
451970,ART-EVQC-CLSCN,MISC,C&B
451970,ART-EVQC-CLSCN,MISC,SCHEDULING
451970,ART-EVQC-CLSCN,MISC,FIXED QC
451970,DIGBRUXCRN,C&B,BUSOFF
451970,ART-EVQC-CLSCN,MISC,SINTER
451970,DIGBRUXCRN,C&B,C&B
451970,ART-EVQC-CLSCN,MISC,STAINGLZ
451970,DIGBRUXCRN,C&B,SCHEDULING
451970,DIGBRUXCRN,C&B,CAD DESIGN
451970,DIGBRUXCRN,C&B,FIXED QC
451970,DIGBRUXCRN,C&B,SINTER
451970,DIGBRUXCRN,C&B,STAINGLZ
451646,CRNEMAXM,C&B,DIETRIM
451646,CRNEMAXM,C&B,BUSOFF
451646,CRNEMAXM,C&B,FIXED QC
451646,CRNEMAXM,C&B,C&B
451646,CRNEMAXM,C&B,SCHEDULING
451646,CRNEMAXM,C&B,CAD DESIGN
451646,CRNEMAXM,C&B,CAD SCANNING
451646,CRNEMAXM,C&B,PORCELAIN
451559,CRA,SPLINTS,BUSOFF
451559,CRA,SPLINTS,Dup Model
451559,CRA,SPLINTS,Finish CRA
451559,CRA,SPLINTS,Process CRA
451559,CRA,SPLINTS,PRINTING
451559,DIGMODCADREM,Removables,BUSOFF
451559,CRA,SPLINTS,Rem Model
451559,DIGMODCADREM,Removables,Dup Model
451559,CRA,SPLINTS,Removables
451559,DIGMODCADREM,Removables,Process CRA
451559,CRA,SPLINTS,SCHEDULING
451559,DIGMODCADREM,Removables,SCHEDULING
451559,CRA,SPLINTS,Splint QC
451559,CRA,SPLINTS,Wax CRA
451559,DIGMODCADREM,Removables,Finish CRA
451559,DIGMODCADREM,Removables,PRINTING
451559,DIGMODCADREM,Removables,Rem Model
451559,DIGMODCADREM,Removables,Removables
451559,DIGMODCADREM,Removables,Splint QC
451559,DIGMODCADREM,Removables,Wax CRA
451129,CRNBRUX,C&B,Brux Porcelain
451129,CRNBRUX,C&B,CAD Mill crown/coping
451129,CRNBRUX,C&B,C&B
451129,CRNBRUX,C&B,Die Trim
451129,CRNBRUX,C&B,FIXED MODELS
451129,CRNBRUX,C&B,Outsource Design full contour
451129,CRNBRUX,C&B,FIXED QC
451129,SMTCRN,IMPLANTS,Brux Porcelain
451129,CRNBRUX,C&B,IMPLANTS
451129,SMTCRN,IMPLANTS,C&B
451129,CRNBRUX,C&B,Scan for crowns
451129,SMTCRN,IMPLANTS,CAD Mill crown/coping
451129,CRNBRUX,C&B,Sinter
451129,SMTCRN,IMPLANTS,FIXED QC
451129,CRNBRUX,C&B,Stain & Glaze
451129,SMTCRN,IMPLANTS,Scan for crowns
451129,SMTCRN,IMPLANTS,Die Trim
451129,SMTCRN,IMPLANTS,Stain & Glaze
451129,SMTCRN,IMPLANTS,FIXED MODELS
451129,SMTCRN,IMPLANTS,IMPLANTS
451129,SMTCRN,IMPLANTS,Outsource Design full contour
451129,SMTCRN,IMPLANTS,Sinter
450873,SGSTNTBSKY,Surgical Guides,BUSOFF
450873,SGSTNTBSKY,Surgical Guides,CAD DESIGN
450873,SGSTNTBSKY,Surgical Guides,IMPLANTS
450873,SGSTNTBSKY,Surgical Guides,PRINTING
450873,SGSTNTBSKY,Surgical Guides,Removables
450873,SGSTNTBSKY,Surgical Guides,SCHEDULING
451814,CRNBRUX,C&B,Brux Porcelain
451814,CRNBRUX,C&B,Die Trim
451814,CRNBRUX,C&B,C&B
451814,CRNBRUX,C&B,FIXED MODELS
451814,CRNBRUX,C&B,CAD Mill crown/coping
451814,CRNBRUX,C&B,Outsource Design full contour
451814,CRNBRUX,C&B,FIXED QC
451814,CRNBRUX,C&B,Invoice and Ship
451814,CRNBRUX,C&B,Scan for crowns
451814,CRNBRUX,C&B,SCHEDULING
451814,CRNBRUX,C&B,Sinter
451814,CRNBRUX,C&B,Stain & Glaze
451819,DIGBRUXCRN,C&B,BUSOFF
451819,DIGBRUXCRN,C&B,CAD DESIGN
451819,DIGBRUXCRN,C&B,C&B
451819,DIGBRUXCRN,C&B,FIXED QC
451819,DIGBRUXCRN,C&B,SCHEDULING
451819,DIGBRUXCRN,C&B,SINTER
451819,DIGBRUXCRN,C&B,STAINGLZ
441940,DIGEZZCRN,C&B,FIXED MODELS
441940,DIGEZZCRN,C&B,Brux Porcelain
441940,DIGEZZCRN,C&B,Invoice and Ship
441940,DIGEZZCRN,C&B,CAD Mill crown/coping
441940,DIGEZZCRN,C&B,Outsource Design full contour
441940,DIGEZZCRN,C&B,Fixed QC
441940,DIGEZZCRN,C&B,Stain & Glaze
441940,DIGEZZCRN,C&B,SCHEDULING
441940,DIGEZZCRN,C&B,Sinter
451673,CRNBRUX,C&B,C&B
451673,CRNBRUX,C&B,Brux Porcelain
451673,CRNBRUX,C&B,CAD Mill crown/coping
451673,CRNBRUX,C&B,FIXED MODELS
451673,CRNBRUX,C&B,Die Trim
451673,CRNBRUX,C&B,Impl Eval/Set TA
451673,CRNBRUX,C&B,Fixed QC
451673,CRNBRUX,C&B,IMPLANTS
451673,CRNBRUX,C&B,Invoice and Ship
451673,CRNBRUX,C&B,Scan Abutments
451673,CRNBRUX,C&B,Outsource Design full contour
451673,CRNBRUX,C&B,Sinter
451673,CRNBRUX,C&B,Scan for crowns
451673,CRNBRUX,C&B,Tissue Trim
451673,CRNBRUX,C&B,SCHEDULING
451673,DELIVERY,DELIVERY,Brux Porcelain
451673,CRNBRUX,C&B,Stain & Glaze
451673,DELIVERY,DELIVERY,C&B
451673,DELIVERY,DELIVERY,FIXED MODELS
451673,DELIVERY,DELIVERY,CAD Mill crown/coping
451673,DELIVERY,DELIVERY,IMPLANTS
451673,DELIVERY,DELIVERY,Die Trim
451673,DELIVERY,DELIVERY,Invoice and Ship
451673,DELIVERY,DELIVERY,Fixed QC
451673,DELIVERY,DELIVERY,Outsource Design full contour
451673,DELIVERY,DELIVERY,Impl Eval/Set TA
451673,DELIVERY,DELIVERY,Scan Abutments
451673,DELIVERY,DELIVERY,Scan for crowns
451673,DELIVERY,DELIVERY,Stain & Glaze
451673,DELIVERY,DELIVERY,SCHEDULING
451673,DELIVERY,DELIVERY,Tissue Trim
451673,DELIVERY,DELIVERY,Sinter
451673,INFCONT,MISC,Brux Porcelain
451673,INFCONT,MISC,C&B
451673,INFCONT,MISC,Fixed QC
451673,INFCONT,MISC,CAD Mill crown/coping
451673,INFCONT,MISC,Invoice and Ship
451673,INFCONT,MISC,Die Trim
451673,INFCONT,MISC,Scan Abutments
451673,INFCONT,MISC,FIXED MODELS
451673,INFCONT,MISC,Scan for crowns
451673,INFCONT,MISC,Impl Eval/Set TA
451673,INFCONT,MISC,SCHEDULING
451673,INFCONT,MISC,IMPLANTS
451673,INFCONT,MISC,Sinter
451673,INFCONT,MISC,Outsource Design full contour
451673,INFCONT,MISC,Stain & Glaze
451673,INFCONT,MISC,Tissue Trim
451673,STRSR,IMPLANTS,C&B
451673,STRSR,IMPLANTS,Brux Porcelain
451673,STRSR,IMPLANTS,CAD Mill crown/coping
451673,STRSR,IMPLANTS,FIXED MODELS
451673,STRSR,IMPLANTS,Die Trim
451673,STRSR,IMPLANTS,Impl Eval/Set TA
451673,STRSR,IMPLANTS,Fixed QC
451673,STRSR,IMPLANTS,Scan Abutments
451673,STRSR,IMPLANTS,IMPLANTS
451673,STRSR,IMPLANTS,Sinter
451673,STRSR,IMPLANTS,Invoice and Ship
451673,STRSR,IMPLANTS,Stain & Glaze
451673,STRSR,IMPLANTS,Outsource Design full contour
451673,STRSR,IMPLANTS,Tissue Trim
451673,STRSR,IMPLANTS,Scan for crowns
451673,STRSR,IMPLANTS,SCHEDULING
452076,DENFLIP1-4,PARTIAL,BUSOFF
452076,DENFLIP1-4,PARTIAL,Removables
452076,DENFLIP1-4,PARTIAL,REMQC
452076,DTARTICA1,Removables,BUSOFF
452076,DTARTICA1,Removables,Removables
452076,DTARTICA1,Removables,REMQC
452076,MODSTOREM,Removables,BUSOFF
452076,MODSTOREM,Removables,Removables
452076,MODSTOREM,Removables,REMQC
451773,CRNEZZ,C&B,Brux Porcelain
451773,CRNEZZ,C&B,C&B
451773,CRNEZZ,C&B,Die Trim
451773,CRNEZZ,C&B,CAD Mill crown/coping
451773,CRNEZZ,C&B,FIXED MODELS
451773,CRNEZZ,C&B,Fixed QC
451773,CRNEZZ,C&B,Outsource Design full contour
451773,CRNEZZ,C&B,Invoice and Ship
451773,CRNEZZ,C&B,Sinter
451773,CRNEZZ,C&B,Scan for crowns
451773,CRNEZZ,C&B,SCHEDULING
451773,CRNEZZ,C&B,Stain & Glaze
450981,DENAO4TMP,CHAIRSIDE SERVICES,CHAIRSIDE SERVICES
450981,DENAO4TMP,CHAIRSIDE SERVICES,Dup Model
450981,DENAO4TMP,CHAIRSIDE SERVICES,Finish AOF temp and Bite index
450981,DENAO4TMP,CHAIRSIDE SERVICES,Finish Duplicate Denture w/ Ba
450981,DENAO4TMP,CHAIRSIDE SERVICES,Process Denture
450981,DENAO4TMP,CHAIRSIDE SERVICES,Invoice and Ship
450981,DENAO4TMP,CHAIRSIDE SERVICES,Process Duplicate Denture
450981,DENAO4TMP,CHAIRSIDE SERVICES,Rem Model
450981,DENAO4TMP,CHAIRSIDE SERVICES,Removable Articulation
450981,DENAO4TMP,CHAIRSIDE SERVICES,Removable QC
450981,INFCONT,MISC,Finish Duplicate Denture w/ Ba
450981,DENAO4TMP,CHAIRSIDE SERVICES,SCHEDULING
450981,INFCONT,MISC,Invoice and Ship
450981,DENAO4TMP,CHAIRSIDE SERVICES,Set AOF Immediate
450981,INFCONT,MISC,Process Duplicate Denture
450981,INFCONT,MISC,CHAIRSIDE SERVICES
450981,INFCONT,MISC,Rem Model
450981,INFCONT,MISC,Dup Model
450981,INFCONT,MISC,Removable QC
450981,INFCONT,MISC,Finish AOF temp and Bite index
450981,INFCONT,MISC,SCHEDULING
450981,INFCONT,MISC,Process Denture
450981,INFCONT,MISC,Set AOF Immediate
450981,INFCONT,MISC,Removable Articulation
451586,CRNBRUX,C&B,Brux Porcelain
451586,CRNBRUX,C&B,C&B
451586,CRNBRUX,C&B,Die Trim
451586,CRNBRUX,C&B,CAD Mill crown/coping
451586,CRNBRUX,C&B,FIXED QC
451586,CRNBRUX,C&B,FIXED MODELS
451586,CRNBRUX,C&B,Scan for crowns
451586,CRNBRUX,C&B,Invoice and Ship
451586,CRNBRUX,C&B,SCHEDULING
451586,CRNBRUX,C&B,Outsource Design full contour
451586,CRNBRUX,C&B,Sinter
451586,CRNBRUX,C&B,Stain & Glaze
451907,CRAHSC,SPLINTS,Removables
451907,CRAHSC,SPLINTS,BUSOFF
451907,CRAHSC,SPLINTS,SPLINTS
451907,CRAHSC,SPLINTS,PRINTING
451907,DIGMODCADREM,Removables,BUSOFF
451907,CRAHSC,SPLINTS,SCHEDULING
451907,DIGMODCADREM,Removables,PRINTING
451907,DIGMODCADREM,Removables,SCHEDULING
451907,DIGMODCADREM,Removables,Removables
451907,DIGMODCADREM,Removables,SPLINTS
451767,CRNEZZ,C&B,Brux Porcelain
451767,CRNEZZ,C&B,C&B
451767,CRNEZZ,C&B,CAD Mill crown/coping
451767,CRNEZZ,C&B,FIXED MODELS
451767,CRNEZZ,C&B,Die Trim
451767,CRNEZZ,C&B,Invoice and Ship
451767,CRNEZZ,C&B,Fixed QC
451767,CRNEZZ,C&B,Outsource Design full contour
451767,CRNEZZ,C&B,SCHEDULING
451767,CRNEZZ,C&B,Scan for crowns
451767,INFCONT,MISC,C&B
451767,CRNEZZ,C&B,Sinter
451767,INFCONT,MISC,CAD Mill crown/coping
451767,CRNEZZ,C&B,Stain & Glaze
451767,INFCONT,MISC,Die Trim
451767,INFCONT,MISC,Brux Porcelain
451767,INFCONT,MISC,Fixed QC
451767,INFCONT,MISC,FIXED MODELS
451767,INFCONT,MISC,Invoice and Ship
451767,INFCONT,MISC,Sinter
451767,INFCONT,MISC,Outsource Design full contour
451767,INFCONT,MISC,Scan for crowns
451767,INFCONT,MISC,SCHEDULING
451767,INFCONT,MISC,Stain & Glaze
452036,CRNBRUX,C&B,C&B
452036,CRNBRUX,C&B,Brux Porcelain
452036,CRNBRUX,C&B,CAD Mill crown/coping
452036,CRNBRUX,C&B,Die Trim
452036,CRNBRUX,C&B,FIXED QC
452036,CRNBRUX,C&B,FIXED MODELS
452036,CRNBRUX,C&B,Outsource Design full contour
452036,CRNBRUX,C&B,Invoice and Ship
452036,CRNBRUX,C&B,Scan for crowns
452036,CRNBRUX,C&B,Sinter
452036,CRNBRUX,C&B,SCHEDULING
452036,CRNBRUX,C&B,Stain & Glaze
452036,INFCONT,MISC,Brux Porcelain
452036,INFCONT,MISC,C&B
452036,INFCONT,MISC,Die Trim
452036,INFCONT,MISC,CAD Mill crown/coping
452036,INFCONT,MISC,FIXED QC
452036,INFCONT,MISC,FIXED MODELS
452036,INFCONT,MISC,Scan for crowns
452036,INFCONT,MISC,Invoice and Ship
452036,INFCONT,MISC,SCHEDULING
452036,INFCONT,MISC,Outsource Design full contour
452036,INFCONT,MISC,Sinter
452036,INFCONT,MISC,Stain & Glaze
451564,CRNBRUX,C&B,C&B
451564,CRNBRUX,C&B,Brux Porcelain
451564,CRNBRUX,C&B,CAD Mill crown/coping
451564,CRNBRUX,C&B,Die Trim
451564,CRNBRUX,C&B,FIXED MODELS
451564,CRNBRUX,C&B,FIXED QC
451564,CRNBRUX,C&B,Invoice and Ship
451564,CRNBRUX,C&B,Scan for crowns
451564,CRNBRUX,C&B,Outsource Design full contour
451564,CRNBRUX,C&B,Sinter
451564,CRNBRUX,C&B,SCHEDULING
451564,DELIVERY,DELIVERY,C&B
451564,CRNBRUX,C&B,Stain & Glaze
451564,DELIVERY,DELIVERY,Die Trim
451564,DELIVERY,DELIVERY,Brux Porcelain
451564,DELIVERY,DELIVERY,Outsource Design full contour
451564,DELIVERY,DELIVERY,CAD Mill crown/coping
451564,DELIVERY,DELIVERY,Sinter
451564,DELIVERY,DELIVERY,FIXED MODELS
451564,INFCONT,MISC,FIXED MODELS
451564,DELIVERY,DELIVERY,FIXED QC
451564,INFCONT,MISC,Invoice and Ship
451564,DELIVERY,DELIVERY,Invoice and Ship
451564,INFCONT,MISC,Outsource Design full contour
451564,DELIVERY,DELIVERY,Scan for crowns
451564,INFCONT,MISC,Stain & Glaze
451564,DELIVERY,DELIVERY,SCHEDULING
451564,DELIVERY,DELIVERY,Stain & Glaze
451564,INFCONT,MISC,Brux Porcelain
451564,INFCONT,MISC,C&B
451564,INFCONT,MISC,CAD Mill crown/coping
451564,INFCONT,MISC,Die Trim
451564,INFCONT,MISC,FIXED QC
451564,INFCONT,MISC,Scan for crowns
451564,INFCONT,MISC,SCHEDULING
451564,INFCONT,MISC,Sinter
452005,CRNBRUX,C&B,Brux Porcelain
452005,CRNBRUX,C&B,CAD Mill crown/coping
452005,CRNBRUX,C&B,C&B
452005,CRNBRUX,C&B,FIXED MODELS
452005,CRNBRUX,C&B,Die Trim
452005,CRNBRUX,C&B,Invoice and Ship
452005,CRNBRUX,C&B,FIXED QC
452005,CRNBRUX,C&B,Outsource Design full contour
452005,INFCONT,MISC,Brux Porcelain
452005,CRNBRUX,C&B,Scan for crowns
452005,INFCONT,MISC,CAD Mill crown/coping
452005,CRNBRUX,C&B,SCHEDULING
452005,INFCONT,MISC,Die Trim
452005,CRNBRUX,C&B,Sinter
452005,INFCONT,MISC,FIXED MODELS
452005,CRNBRUX,C&B,Stain & Glaze
452005,INFCONT,MISC,Invoice and Ship
452005,INFCONT,MISC,C&B
452005,INFCONT,MISC,Outsource Design full contour
452005,INFCONT,MISC,FIXED QC
452005,INFCONT,MISC,Scan for crowns
452005,INFCONT,MISC,Sinter
452005,INFCONT,MISC,SCHEDULING
452005,INFCONT,MISC,Stain & Glaze
450436,DENFULPFIN,Removables,BUSOFF
450436,INFCONT,MISC,Removables
450436,DENFULPFIN,Removables,Removables
450436,DENFULPFIN,Removables,REMQC
450436,DENFULPFIN,Removables,SCHEDULING
450436,DENPROCNM,Removables,BUSOFF
450436,DENPROCNM,Removables,Removables
450436,DENPROCNM,Removables,REMQC
450436,DENPROCNM,Removables,SCHEDULING
450436,INFCONT,MISC,BUSOFF
450436,INFCONT,MISC,REMQC
450436,INFCONT,MISC,SCHEDULING
451851,ART-EVQC-CLMI,MISC,C&B
451851,DIGEMAXVEN,C&B,C&B
451693,,,
450086,ASC,IMPLANTS,BUSOFF
450086,ASC,IMPLANTS,CEMENT
450086,ASC,IMPLANTS,CAD DESIGN
450086,ASC,IMPLANTS,FINISHING
450086,ASC,IMPLANTS,CHAIRSIDE SERVICES
450086,ASC,IMPLANTS,FIXED QC
450086,ASC,IMPLANTS,SCHEDULING
450086,ASC,IMPLANTS,STAINGLZ
450086,ASC,IMPLANTS,SINTER
450086,DENAO4ZIRC,CHAIRSIDE SERVICES,BUSOFF
450086,DENAO4ZIRC,CHAIRSIDE SERVICES,CAD DESIGN
450086,DENAO4ZIRC,CHAIRSIDE SERVICES,CHAIRSIDE SERVICES
450086,DENAO4ZIRC,CHAIRSIDE SERVICES,CEMENT
450086,DENAO4ZIRC,CHAIRSIDE SERVICES,FINISHING
450086,DENAO4ZIRC,CHAIRSIDE SERVICES,FIXED QC
450086,DENAO4ZIRC,CHAIRSIDE SERVICES,SCHEDULING
450086,DENAO4ZIRC,CHAIRSIDE SERVICES,SINTER
450086,INFCONT,MISC,BUSOFF
450086,DENAO4ZIRC,CHAIRSIDE SERVICES,STAINGLZ
450086,INFCONT,MISC,CHAIRSIDE SERVICES
450086,INFCONT,MISC,CAD DESIGN
450086,INFCONT,MISC,CEMENT
450086,INFCONT,MISC,FINISHING
450086,INFCONT,MISC,FIXED QC
450086,INFCONT,MISC,SCHEDULING
450086,INFCONT,MISC,SINTER
450086,INFCONT,MISC,STAINGLZ
451987,DIGBRUXCRN,C&B,BUSOFF
451987,DIGBRUXCRN,C&B,CAD DESIGN
451987,DIGBRUXCRN,C&B,C&B
451987,DIGBRUXCRN,C&B,FIXED QC
451987,DIGBRUXCRN,C&B,SINTER
451987,DIGBRUXCRN,C&B,SCHEDULING
451987,DIGBRUXCRN,C&B,STAINGLZ
451612,INFCONT,MISC,BUSOFF
451612,INFCONT,MISC,OUTSRCBUS
451612,INFCONT,MISC,REMQC
451612,INFCONT,MISC,PARTIAL
451612,INFCONT,MISC,SCHEDULING
451612,PARTIAL,PARTIAL,OUTSRCBUS
451612,PARTIAL,PARTIAL,BUSOFF
451612,PARTIAL,PARTIAL,REMQC
451612,PARTIAL,PARTIAL,PARTIAL
451612,PARTIAL,PARTIAL,SCHEDULING
451258,,,
451890,ARTREM,Removables,PRINTING
451890,ARTREM,Removables,BUSOFF
451890,ARTREM,Removables,Removables
451890,ARTREM,Removables,CAD SCANNING
451890,ARTREM,Removables,SPLINTS
451890,ARTREM,Removables,SCHEDULING
451890,CRA,SPLINTS,BUSOFF
451890,CRA,SPLINTS,PRINTING
451890,CRA,SPLINTS,CAD SCANNING
451890,CRA,SPLINTS,Removables
451890,CRA,SPLINTS,SCHEDULING
451890,CRA,SPLINTS,SPLINTS
451890,DELIVERY,DELIVERY,BUSOFF
451890,DELIVERY,DELIVERY,PRINTING
451890,DELIVERY,DELIVERY,CAD SCANNING
451890,DELIVERY,DELIVERY,SCHEDULING
451890,DELIVERY,DELIVERY,Removables
451890,INFCONT,MISC,Removables
451890,DELIVERY,DELIVERY,SPLINTS
451890,INFCONT,MISC,SCHEDULING
451890,INFCONT,MISC,BUSOFF
451890,INFCONT,MISC,CAD SCANNING
451890,INFCONT,MISC,PRINTING
451890,INFCONT,MISC,SPLINTS
444507,DIGBRUXCRN,C&B,CAD DESIGN
444507,DIGBRUXCRN,C&B,BUILD MODEL
444507,DIGBRUXCRN,C&B,FIXED QC
444507,DIGBRUXCRN,C&B,BUSOFF
444507,DIGBRUXCRN,C&B,PRINT STUDY MODELS
444507,DIGBRUXCRN,C&B,C&B
444507,DIGBRUXCRN,C&B,SCHEDULING
444507,DIGBRUXCRN,C&B,FIXED MODELS
444507,DIGMODCADFIX,C&B,BUILD MODEL
444507,DIGBRUXCRN,C&B,SINTER
444507,DIGMODCADFIX,C&B,BUSOFF
444507,DIGBRUXCRN,C&B,STAINGLZ
444507,DIGMODCADFIX,C&B,CAD DESIGN
444507,DIGMODCADFIX,C&B,C&B
444507,DIGMODCADFIX,C&B,FIXED MODELS
444507,DIGMODCADFIX,C&B,FIXED QC
444507,DIGMODCADFIX,C&B,PRINT STUDY MODELS
444507,DIGMODCADFIX,C&B,SCHEDULING
444507,DIGMODCADFIX,C&B,SINTER
444507,DIGMODCADFIX,C&B,STAINGLZ
441156,DIGEMAXMCRN,C&B,PORCELAIN
441156,DIGEMAXMCRN,C&B,BUSOFF
441156,DIGEMAXMCRN,C&B,PRINTING
441156,DIGEMAXMCRN,C&B,C&B
441156,DIGEMAXMCRN,C&B,CAD DESIGN
441156,DIGEMAXMCRN,C&B,FIXED QC
441156,DIGEMAXMCRN,C&B,SCHEDULING
451852,CRA,SPLINTS,BUSOFF
451852,CRA,SPLINTS,Rem Model
451852,CRA,SPLINTS,Dup Model
451852,CRA,SPLINTS,Removables
451852,CRA,SPLINTS,Finish CRA
451852,CRA,SPLINTS,Wax CRA
451852,CRA,SPLINTS,PRINTING
451852,DIGMODCADREM,Removables,Finish CRA
451852,CRA,SPLINTS,Process CRA
451852,DIGMODCADREM,Removables,Rem Model
451852,CRA,SPLINTS,SCHEDULING
451852,DIGMODCADREM,Removables,SCHEDULING
451852,CRA,SPLINTS,Splint QC
451852,DIGMODCADREM,Removables,Splint QC
451852,DIGMODCADREM,Removables,BUSOFF
451852,DIGMODCADREM,Removables,Wax CRA
451852,DIGMODCADREM,Removables,Dup Model
451852,DIGMODCADREM,Removables,PRINTING
451852,DIGMODCADREM,Removables,Process CRA
451852,DIGMODCADREM,Removables,Removables
451201,DELIVERY,DELIVERY,BUSOFF
451201,DELIVERY,DELIVERY,PARTIAL
451201,DELIVERY,DELIVERY,REMQC
451201,DELIVERY,DELIVERY,SCHEDULING
451201,INFCONT,MISC,PARTIAL
451201,INFCONT,MISC,BUSOFF
451201,PARTIALDUR,PARTIAL,REMQC
451201,INFCONT,MISC,REMQC
451201,PARTIALDUR,PARTIAL,SCHEDULING
451201,INFCONT,MISC,SCHEDULING
451201,PARTIALDUR,PARTIAL,BUSOFF
451201,PARTIALDUR,PARTIAL,PARTIAL
450383,ART-EVQC-CLDR,MISC,
451551,CRNBRUX,C&B,Brux Porcelain
451551,CRNBRUX,C&B,C&B
451551,CRNBRUX,C&B,Die Trim
451551,CRNBRUX,C&B,CAD Mill crown/coping
451551,CRNBRUX,C&B,FIXED MODELS
451551,CRNBRUX,C&B,FIXED QC
451551,CRNBRUX,C&B,Invoice and Ship
451551,CRNBRUX,C&B,Scan for crowns
451551,CRNBRUX,C&B,Outsource Design full contour
451551,CRNBRUX,C&B,SCHEDULING
451551,CRNBRUX,C&B,Sinter
451551,CRNBRUX,C&B,Stain & Glaze
451370,,,
451892,CRNMLBDGWG,C&B,BUSOFF
451892,CRNMLBDGWG,C&B,CAD Mill crown/coping
451892,CRNMLBDGWG,C&B,Die Trim
451892,CRNMLBDGWG,C&B,FINISHING
451892,CRNMLBDGWG,C&B,Emax mono porcelain
451892,CRNMLBDGWG,C&B,FIXED MODELS
451892,CRNMLBDGWG,C&B,FIXED QC
451892,CRNMLBDGWG,C&B,Outsource Design full contour
451892,CRNMLBDGWG,C&B,WAX
451892,CRNMLBDGWG,C&B,Scan for crowns
451892,CRNZIRCBR,C&B,BUSOFF
451892,CRNMLBDGWG,C&B,SCHEDULING
451892,CRNZIRCBR,C&B,FINISHING
451892,CRNZIRCBR,C&B,CAD Mill crown/coping
451892,CRNZIRCBR,C&B,FIXED MODELS
451892,CRNZIRCBR,C&B,Die Trim
451892,CRNZIRCBR,C&B,FIXED QC
451892,CRNZIRCBR,C&B,Emax mono porcelain
451892,CRNZIRCBR,C&B,Scan for crowns
451892,CRNZIRCBR,C&B,Outsource Design full contour
451892,CRNZIRCBR,C&B,SCHEDULING
451892,DIGEMAXL,C&B,BUSOFF
451892,CRNZIRCBR,C&B,WAX
451892,DIGEMAXL,C&B,FIXED MODELS
451892,DIGEMAXL,C&B,CAD Mill crown/coping
451892,DIGEMAXL,C&B,Outsource Design full contour
451892,DIGEMAXL,C&B,Die Trim
451892,DIGEMAXL,C&B,Scan for crowns
451892,DIGEMAXL,C&B,Emax mono porcelain
451892,DIGEMAXL,C&B,SCHEDULING
451892,DIGEMAXL,C&B,FINISHING
451892,DIGEMAXL,C&B,FIXED QC
451892,DIGEMAXL,C&B,WAX
446142,DIGBRUXCRN,C&B,CAD DESIGN
446142,DIGBRUXCRN,C&B,BUSOFF
446142,DIGBRUXCRN,C&B,FIXED QC
446142,DIGBRUXCRN,C&B,C&B
446142,DIGBRUXCRN,C&B,SCHEDULING
446142,DIGBRUXCRN,C&B,SINTER
446142,DIGBRUXCRN,C&B,STAINGLZ
445674,DIGBRUXCRN,C&B,BUSOFF
445674,DIGBRUXCRN,C&B,CAD DESIGN
445674,DIGBRUXCRN,C&B,C&B
445674,DIGBRUXCRN,C&B,SCHEDULING
445674,DIGBRUXCRN,C&B,FIXED QC
445674,DIGBRUXCRN,C&B,STAINGLZ
445674,DIGBRUXCRN,C&B,SINTER
444023,DIGFCCRN,C&B,BUSOFF
444023,DIGFCCRN,C&B,CAD DESIGN
444023,DIGFCCRN,C&B,C&B
444023,DIGFCCRN,C&B,CAD SCANNING
444023,DIGFCCRN,C&B,OUTSRCBUS
444023,DIGFCCRN,C&B,DIETRIM
444023,HNY40,Alloy,DIETRIM
444023,DIGFCCRN,C&B,FINISHING
444023,HNY40,Alloy,FINISHING
444023,DIGFCCRN,C&B,FIXED QC
444023,HNY40,Alloy,FIXED QC
444023,DIGFCCRN,C&B,SCHEDULING
444023,HNY40,Alloy,OUTSRCBUS
444023,HNY40,Alloy,BUSOFF
444023,HNY40,Alloy,SCHEDULING
444023,HNY40,Alloy,C&B
444023,HNY40,Alloy,CAD DESIGN
444023,HNY40,Alloy,CAD SCANNING
450618,ART-EVQC-CLDR,MISC,BUSOFF
450618,ART-EVQC-CLDR,MISC,PARTIAL
450618,ART-EVQC-CLDR,MISC,PRINTING
450618,DIGMODCADREM,Removables,BUSOFF
450618,ART-EVQC-CLDR,MISC,Removables
450618,DIGMODCADREM,Removables,PARTIAL
450618,ART-EVQC-CLDR,MISC,REMQC
450618,DIGMODCADREM,Removables,PRINTING
450618,ART-EVQC-CLDR,MISC,SCHEDULING
450618,DIGMODCADREM,Removables,SCHEDULING
450618,DIGMODCADREM,Removables,Removables
450618,PARTIALDUR,PARTIAL,PARTIAL
450618,DIGMODCADREM,Removables,REMQC
450618,PARTIALDUR,PARTIAL,PRINTING
450618,PARTIALDUR,PARTIAL,BUSOFF
450618,PARTIALDUR,PARTIAL,Removables
450618,PARTIALDUR,PARTIAL,REMQC
450618,PARTIALDUR,PARTIAL,SCHEDULING
452028,DIGBRUXCRN,C&B,CAD DESIGN
452028,DIGBRUXCRN,C&B,BUSOFF
452028,DIGBRUXCRN,C&B,SCHEDULING
452028,DIGBRUXCRN,C&B,C&B
452028,DIGBRUXCRN,C&B,SINTER
452028,DIGBRUXCRN,C&B,FIXED QC
452028,DIGBRUXCRN,C&B,STAINGLZ
451666,CRNEZZ,C&B,C&B
451666,CRNEZZ,C&B,Brux Porcelain
451666,CRNEZZ,C&B,Die Trim
451666,CRNEZZ,C&B,CAD Mill crown/coping
451666,CRNEZZ,C&B,Outsource Design full contour
451666,CRNEZZ,C&B,FIXED MODELS
451666,DELIVERY,DELIVERY,Brux Porcelain
451666,CRNEZZ,C&B,Fixed QC
451666,DELIVERY,DELIVERY,CAD Mill crown/coping
451666,CRNEZZ,C&B,Invoice and Ship
451666,DELIVERY,DELIVERY,Die Trim
451666,CRNEZZ,C&B,Scan for crowns
451666,DELIVERY,DELIVERY,Fixed QC
451666,CRNEZZ,C&B,SCHEDULING
451666,INFCONT,MISC,C&B
451666,CRNEZZ,C&B,Sinter
451666,INFCONT,MISC,CAD Mill crown/coping
451666,CRNEZZ,C&B,Stain & Glaze
451666,INFCONT,MISC,Die Trim
451666,DELIVERY,DELIVERY,C&B
451666,INFCONT,MISC,FIXED MODELS
451666,DELIVERY,DELIVERY,FIXED MODELS
451666,INFCONT,MISC,Invoice and Ship
451666,DELIVERY,DELIVERY,Invoice and Ship
451666,INFCONT,MISC,Outsource Design full contour
451666,DELIVERY,DELIVERY,Outsource Design full contour
451666,INFCONT,MISC,SCHEDULING
451666,DELIVERY,DELIVERY,Scan for crowns
451666,INFCONT,MISC,Stain & Glaze
451666,DELIVERY,DELIVERY,SCHEDULING
451666,DELIVERY,DELIVERY,Sinter
451666,DELIVERY,DELIVERY,Stain & Glaze
451666,INFCONT,MISC,Brux Porcelain
451666,INFCONT,MISC,Fixed QC
451666,INFCONT,MISC,Scan for crowns
451666,INFCONT,MISC,Sinter
451886,INFCONT,MISC,Invoice and Ship
451886,INFCONT,MISC,Complex Repair
451886,INFCONT,MISC,Rem Model
451886,INFCONT,MISC,SCHEDULING
451886,INFCONT,MISC,Removable QC
451886,REMADJ,Removables,Complex Repair
451886,REMADJ,Removables,Invoice and Ship
451886,REMADJ,Removables,Removable QC
451886,REMADJ,Removables,Rem Model
451886,REMADJ,Removables,SCHEDULING
451709,CRNBRUX,C&B,Brux Porcelain
451709,CRNBRUX,C&B,CAD Mill crown/coping
451709,CRNBRUX,C&B,C&B
451709,CRNBRUX,C&B,Die Trim
451709,CRNBRUX,C&B,FIXED MODELS
451709,CRNBRUX,C&B,FIXED QC
451709,CRNBRUX,C&B,Sinter
451709,CRNBRUX,C&B,Invoice and Ship
451709,CRNBRUX,C&B,Outsource Design full contour
451709,CRNBRUX,C&B,Scan for crowns
451709,CRNBRUX,C&B,SCHEDULING
451709,CRNBRUX,C&B,Stain & Glaze
451757,DIGBRUXCRN,C&B,BUSOFF
451757,DIGBRUXCRN,C&B,FIXED QC
451757,DIGBRUXCRN,C&B,C&B
451757,DIGBRUXCRN,C&B,STAINGLZ
451757,DIGBRUXCRN,C&B,CAD DESIGN
451757,DIGBRUXCRN,C&B,SCHEDULING
451757,DIGBRUXCRN,C&B,SINTER
451912,DIGBRUXCRN,C&B,CAD DESIGN
451912,DIGBRUXCRN,C&B,BUSOFF
451912,DIGBRUXCRN,C&B,FIXED QC
451912,DIGBRUXCRN,C&B,C&B
451912,DIGBRUXCRN,C&B,SCHEDULING
451912,DIGBRUXCRN,C&B,SINTER
451912,DIGBRUXCRN,C&B,STAINGLZ
451677,DIGANALOG,IMPLANT PT,BUSOFF
451677,DIGANALOG,IMPLANT PT,CAD DESIGN
451677,DIGANALOG,IMPLANT PT,C&B
451677,DIGANALOG,IMPLANT PT,Outsource Impl/Abutment
451677,DIGANALOG,IMPLANT PT,Design abutment
451677,DIGANALOG,IMPLANT PT,Scan Abutments
451677,DIGANALOG,IMPLANT PT,FIXED MODELS
451677,DIGANALOG,IMPLANT PT,SINTER
451677,DIGANALOG,IMPLANT PT,Fixed QC
451677,DIGANALOG,IMPLANT PT,STAINGLZ
451677,DIGANALOG,IMPLANT PT,Impl Eval/Set TA
451677,DIGANALOG,IMPLANT PT,Tissue Trim
451677,DIGANALOG,IMPLANT PT,Impl. Abut. QC
451677,DIGBRUXCRN,C&B,CAD DESIGN
451677,DIGANALOG,IMPLANT PT,SCHEDULING
451677,DIGBRUXCRN,C&B,Fixed QC
451677,DIGBRUXCRN,C&B,BUSOFF
451677,DIGBRUXCRN,C&B,Impl Eval/Set TA
451677,DIGBRUXCRN,C&B,C&B
451677,DIGBRUXCRN,C&B,Outsource Impl/Abutment
451677,DIGBRUXCRN,C&B,Design abutment
451677,DIGBRUXCRN,C&B,SCHEDULING
451677,DIGBRUXCRN,C&B,FIXED MODELS
451677,DIGBRUXCRN,C&B,SINTER
451677,DIGBRUXCRN,C&B,Impl. Abut. QC
451677,DIGBRUXCRN,C&B,STAINGLZ
451677,DIGBRUXCRN,C&B,Scan Abutments
451677,DIGBRUXCRN,C&B,Tissue Trim
451677,STRSMT,IMPLANTS,Design abutment
451677,STRSMT,IMPLANTS,BUSOFF
451677,STRSMT,IMPLANTS,FIXED MODELS
451677,STRSMT,IMPLANTS,C&B
451677,STRSMT,IMPLANTS,Impl Eval/Set TA
451677,STRSMT,IMPLANTS,CAD DESIGN
451677,STRSMT,IMPLANTS,Impl. Abut. QC
451677,STRSMT,IMPLANTS,Fixed QC
451677,STRSMT,IMPLANTS,Outsource Impl/Abutment
451677,STRSMT,IMPLANTS,SCHEDULING
451677,STRSMT,IMPLANTS,Scan Abutments
451677,STRSMT,IMPLANTS,SINTER
451677,STRSMT,IMPLANTS,STAINGLZ
451677,STRSMT,IMPLANTS,Tissue Trim
451008,DEN2RESET,Removables,Removables
451008,DEN2RESET,Removables,BUSOFF
451008,INFCONT,MISC,BUSOFF
451008,DEN2RESET,Removables,REMQC
451008,INFCONT,MISC,REMQC
451008,DEN2RESET,Removables,SCHEDULING
451008,INFCONT,MISC,SCHEDULING
451008,INFCONT,MISC,Removables
441713,DIGMODCADREM,Removables,IMPLANTS
441713,DIGMODCADREM,Removables,BUSOFF
441713,DIGMODCADREM,Removables,PRINTING
441713,DIGMODCADREM,Removables,CAD DESIGN
441713,DIGMODCADREM,Removables,Removables
441713,DIGMODCADREM,Removables,SCHEDULING
441713,SGSTNTBSKY,Surgical Guides,BUSOFF
441713,SGSTNTBSKY,Surgical Guides,SCHEDULING
441713,SGSTNTBSKY,Surgical Guides,CAD DESIGN
441713,SGSTNTBSKY,Surgical Guides,IMPLANTS
441713,SGSTNTBSKY,Surgical Guides,PRINTING
441713,SGSTNTBSKY,Surgical Guides,Removables
451553,CRNBRUX,C&B,Brux Porcelain
451553,CRNBRUX,C&B,C&B
451553,CRNBRUX,C&B,Die Trim
451553,CRNBRUX,C&B,CAD Mill crown/coping
451553,CRNBRUX,C&B,FIXED MODELS
451553,CRNBRUX,C&B,Fixed QC
451553,CRNBRUX,C&B,Invoice and Ship
451553,CRNBRUX,C&B,Impl Eval/Set TA
451553,CRNBRUX,C&B,Sinter
451553,CRNBRUX,C&B,IMPLANTS
451553,CRNBRUX,C&B,Stain & Glaze
451553,CRNBRUX,C&B,Outsource Design full contour
451553,INFCONT,MISC,C&B
451553,CRNBRUX,C&B,Scan Abutments
451553,INFCONT,MISC,FIXED MODELS
451553,CRNBRUX,C&B,Scan for crowns
451553,INFCONT,MISC,IMPLANTS
451553,CRNBRUX,C&B,SCHEDULING
451553,INFCONT,MISC,Invoice and Ship
451553,CRNBRUX,C&B,Tissue Trim
451553,INFCONT,MISC,Outsource Design full contour
451553,INFCONT,MISC,Brux Porcelain
451553,INFCONT,MISC,Scan Abutments
451553,INFCONT,MISC,CAD Mill crown/coping
451553,INFCONT,MISC,Scan for crowns
451553,INFCONT,MISC,Die Trim
451553,INFCONT,MISC,SCHEDULING
451553,INFCONT,MISC,Fixed QC
451553,INFCONT,MISC,Sinter
451553,INFCONT,MISC,Impl Eval/Set TA
451553,INFCONT,MISC,Stain & Glaze
451553,INFCONT,MISC,Tissue Trim
451553,SCREWRETCRN,IMPLANTS,FIXED MODELS
451553,SCREWRETCRN,IMPLANTS,Brux Porcelain
451553,SCREWRETCRN,IMPLANTS,IMPLANTS
451553,SCREWRETCRN,IMPLANTS,C&B
451553,SCREWRETCRN,IMPLANTS,Invoice and Ship
451553,SCREWRETCRN,IMPLANTS,CAD Mill crown/coping
451553,SCREWRETCRN,IMPLANTS,Outsource Design full contour
451553,SCREWRETCRN,IMPLANTS,Die Trim
451553,SCREWRETCRN,IMPLANTS,Scan Abutments
451553,SCREWRETCRN,IMPLANTS,Fixed QC
451553,SCREWRETCRN,IMPLANTS,Stain & Glaze
451553,SCREWRETCRN,IMPLANTS,Impl Eval/Set TA
451553,SCREWRETCRN,IMPLANTS,Tissue Trim
451553,SCREWRETCRN,IMPLANTS,Scan for crowns
451553,SCREWRETCRN,IMPLANTS,SCHEDULING
451553,SCREWRETCRN,IMPLANTS,Sinter
447080,,,
452010,CRNBRUX,C&B,Brux Porcelain
452010,CRNBRUX,C&B,CAD Mill crown/coping
452010,CRNBRUX,C&B,C&B
452010,CRNBRUX,C&B,Die Trim
452010,CRNBRUX,C&B,FIXED MODELS
452010,CRNBRUX,C&B,FIXED QC
452010,CRNBRUX,C&B,Sinter
452010,CRNBRUX,C&B,Invoice and Ship
452010,CRNBRUX,C&B,Outsource Design full contour
452010,CRNBRUX,C&B,Scan for crowns
452010,CRNBRUX,C&B,SCHEDULING
452010,CRNBRUX,C&B,Stain & Glaze
449917,DENZIADSTE,CHAIRSIDE SERVICES,BUSOFF
449917,DENZIADSTE,CHAIRSIDE SERVICES,SCHEDULING
449917,DENZIADSTE,CHAIRSIDE SERVICES,CHAIRSIDE SERVICES
449917,PHOTOZRBASE,CHAIRSIDE SERVICES,CHAIRSIDE SERVICES
449917,DENZIADSTE,CHAIRSIDE SERVICES,REMQC
449917,PHOTOZRBASE,CHAIRSIDE SERVICES,REMQC
449917,PHOTOZRBASE,CHAIRSIDE SERVICES,BUSOFF
449917,PHOTOZRBASE,CHAIRSIDE SERVICES,SCHEDULING
451257,DELIVERY,DELIVERY,REMQC
451257,DELIVERY,DELIVERY,BUSOFF
451257,DELIVERY,DELIVERY,SCHEDULING
451257,DELIVERY,DELIVERY,Removables
451257,INFCONT,MISC,REMQC
451257,DENPROC,Removables,BUSOFF
451257,INFCONT,MISC,SCHEDULING
451257,DENPROC,Removables,Removables
451257,DENPROC,Removables,REMQC
451257,DENPROC,Removables,SCHEDULING
451257,INFCONT,MISC,BUSOFF
451257,INFCONT,MISC,Removables
440906,DIGBRUXCRN,C&B,CAD DESIGN
440906,DIGBRUXCRN,C&B,BUSOFF
440906,DIGBRUXCRN,C&B,FIXED QC
440906,DIGBRUXCRN,C&B,C&B
440906,DIGBRUXCRN,C&B,SCHEDULING
440906,DIGBRUXCRN,C&B,SINTER
440906,DIGBRUXCRN,C&B,STAINGLZ
451898,CRNBRUX,C&B,Brux Porcelain
451898,CRNBRUX,C&B,Die Trim
451898,CRNBRUX,C&B,C&B
451898,CRNBRUX,C&B,FIXED MODELS
451898,CRNBRUX,C&B,CAD Mill crown/coping
451898,CRNBRUX,C&B,Invoice and Ship
451898,CRNBRUX,C&B,FIXED QC
451898,CRNBRUX,C&B,Outsource Design full contour
451898,CRNBRUX,C&B,Scan for crowns
451898,CRNBRUX,C&B,Sinter
451898,CRNBRUX,C&B,SCHEDULING
451898,CRNBRUX,C&B,Stain & Glaze
451931,CRNBRUX,C&B,FIXED MODELS
451931,CRNBRUX,C&B,Brux Porcelain
451931,CRNBRUX,C&B,Invoice and Ship
451931,CRNBRUX,C&B,C&B
451931,CRNBRUX,C&B,Outsource Design full contour
451931,CRNBRUX,C&B,CAD Mill crown/coping
451931,CRNBRUX,C&B,Stain & Glaze
451931,CRNBRUX,C&B,Die Trim
451931,INFCONT,MISC,C&B
451931,CRNBRUX,C&B,FIXED QC
451931,INFCONT,MISC,FIXED MODELS
451931,CRNBRUX,C&B,Scan for crowns
451931,INFCONT,MISC,FIXED QC
451931,CRNBRUX,C&B,SCHEDULING
451931,INFCONT,MISC,Outsource Design full contour
451931,CRNBRUX,C&B,Sinter
451931,INFCONT,MISC,Sinter
451931,INFCONT,MISC,Brux Porcelain
451931,INFCONT,MISC,CAD Mill crown/coping
451931,INFCONT,MISC,Die Trim
451931,INFCONT,MISC,Invoice and Ship
451931,INFCONT,MISC,Scan for crowns
451931,INFCONT,MISC,SCHEDULING
451931,INFCONT,MISC,Stain & Glaze
452054,DIGBRUXCRN,C&B,CAD DESIGN
452054,DIGBRUXCRN,C&B,BUSOFF
452054,DIGBRUXCRN,C&B,SCHEDULING
452054,DIGBRUXCRN,C&B,C&B
452054,DIGBRUXCRN,C&B,STAINGLZ
452054,DIGBRUXCRN,C&B,FIXED QC
452054,DIGBRUXCRN,C&B,SINTER
450228,CRNBRUX,C&B,BUSOFF
450228,CRNBRUX,C&B,Brux Porcelain
450228,CRNBRUX,C&B,C&B
450228,CRNBRUX,C&B,CAD Mill crown/coping
450228,CRNBRUX,C&B,FIXED QC
450228,CRNBRUX,C&B,Die Trim
450228,CRNBRUX,C&B,Outsource Design full contour
450228,CRNBRUX,C&B,Scan for crowns
450228,CRNBRUX,C&B,Sinter
450228,CRNBRUX,C&B,SCHEDULING
450228,CRNEVALCB,C&B,Brux Porcelain
450228,CRNBRUX,C&B,Stain & Glaze
450228,CRNEVALCB,C&B,Sinter
450228,CRNEVALCB,C&B,BUSOFF
450228,ZRABUT,C&B,BUSOFF
450228,CRNEVALCB,C&B,C&B
450228,ZRABUT,C&B,C&B
450228,CRNEVALCB,C&B,CAD Mill crown/coping
450228,ZRABUT,C&B,CAD Mill crown/coping
450228,CRNEVALCB,C&B,Die Trim
450228,ZRABUT,C&B,Die Trim
450228,CRNEVALCB,C&B,FIXED QC
450228,ZRABUT,C&B,FIXED QC
450228,CRNEVALCB,C&B,Outsource Design full contour
450228,ZRABUT,C&B,Outsource Design full contour
450228,CRNEVALCB,C&B,Scan for crowns
450228,ZRABUT,C&B,Scan for crowns
450228,CRNEVALCB,C&B,SCHEDULING
450228,ZRABUT,C&B,SCHEDULING
450228,CRNEVALCB,C&B,Stain & Glaze
450228,ZRABUT,C&B,Stain & Glaze
450228,ZRABUT,C&B,Brux Porcelain
450228,ZRABUT,C&B,Sinter
451674,DIGCRATHERM,SPLINTS,
451674,DIGCRATHERM,SPLINTS,BUSOFF
451674,DIGCRATHERM,SPLINTS,SCHEDULING
451674,DIGCRATHERM,SPLINTS,PRINTING
451674,DIGCRATHERM,SPLINTS,SPLINTS
451674,DIGCRATHERM,SPLINTS,Removables
451674,DIGMODCADREM,Removables,
451674,DIGMODCADREM,Removables,BUSOFF
451674,DIGMODCADREM,Removables,PRINTING
451674,DIGMODCADREM,Removables,SCHEDULING
451674,DIGMODCADREM,Removables,Removables
451674,DIGMODCADREM,Removables,SPLINTS
451881,CRNEZZ,C&B,C&B
451881,CRNEZZ,C&B,Brux Porcelain
451881,CRNEZZ,C&B,CAD Mill crown/coping
451881,CRNEZZ,C&B,Fixed QC
451881,CRNEZZ,C&B,Die Trim
451881,CRNEZZ,C&B,Scan for crowns
451881,CRNEZZ,C&B,FIXED MODELS
451881,CRNEZZ,C&B,Sinter
451881,CRNEZZ,C&B,Invoice and Ship
451881,INFCONT,MISC,FIXED MODELS
451881,CRNEZZ,C&B,Outsource Design full contour
451881,INFCONT,MISC,Invoice and Ship
451881,CRNEZZ,C&B,SCHEDULING
451881,INFCONT,MISC,Outsource Design full contour
451881,CRNEZZ,C&B,Stain & Glaze
451881,INFCONT,MISC,Sinter
451881,INFCONT,MISC,Brux Porcelain
451881,INFCONT,MISC,Stain & Glaze
451881,INFCONT,MISC,C&B
451881,INFCONT,MISC,CAD Mill crown/coping
451881,INFCONT,MISC,Die Trim
451881,INFCONT,MISC,Fixed QC
451881,INFCONT,MISC,Scan for crowns
451881,INFCONT,MISC,SCHEDULING
452067,CRNBRUX,C&B,Brux Porcelain
452067,CRNBRUX,C&B,Die Trim
452067,CRNBRUX,C&B,C&B
452067,CRNBRUX,C&B,FIXED MODELS
452067,CRNBRUX,C&B,CAD Mill crown/coping
452067,CRNBRUX,C&B,Outsource Design full contour
452067,CRNBRUX,C&B,FIXED QC
452067,CRNBRUX,C&B,Sinter
452067,CRNBRUX,C&B,Invoice and Ship
452067,CRNBRUX,C&B,Scan for crowns
452067,CRNBRUX,C&B,SCHEDULING
452067,CRNBRUX,C&B,Stain & Glaze
451875,CRNEZZ,C&B,Brux Porcelain
451875,CRNEZZ,C&B,C&B
451875,CRNEZZ,C&B,Sinter
451875,CRNEZZ,C&B,CAD Mill crown/coping
451875,CRNEZZ,C&B,Die Trim
451875,CRNEZZ,C&B,FIXED MODELS
451875,CRNEZZ,C&B,Fixed QC
451875,CRNEZZ,C&B,Invoice and Ship
451875,CRNEZZ,C&B,Outsource Design full contour
451875,CRNEZZ,C&B,Scan for crowns
451875,CRNEZZ,C&B,SCHEDULING
451875,CRNEZZ,C&B,Stain & Glaze
449500,INFCONT,MISC,CAD SCANNING
449500,INFCONT,MISC,BUSOFF
449500,INFCONT,MISC,REMQC
449500,INFCONT,MISC,ORTHO
449500,INFCONT,MISC,SCHEDULING
449500,INFCONT,MISC,Removables
449500,MODSTOREM,Removables,Removables
449500,MODSTOREM,Removables,BUSOFF
449500,MODSTOREM,Removables,REMQC
449500,MODSTOREM,Removables,CAD SCANNING
449500,ORTSMILE3,ORTHO,CAD SCANNING
449500,MODSTOREM,Removables,ORTHO
449500,ORTSMILE3,ORTHO,REMQC
449500,MODSTOREM,Removables,SCHEDULING
449500,ORTSMILE3,ORTHO,SCHEDULING
449500,ORTSMILE3,ORTHO,BUSOFF
449500,ORTSMILE3,ORTHO,ORTHO
449500,ORTSMILE3,ORTHO,Removables
451822,CRNBRUX,C&B,Die Trim
451822,CRNBRUX,C&B,Brux Porcelain
451822,CRNBRUX,C&B,FIXED MODELS
451822,CRNBRUX,C&B,C&B
451822,CRNBRUX,C&B,Invoice and Ship
451822,CRNBRUX,C&B,CAD Mill crown/coping
451822,CRNBRUX,C&B,Outsource Design full contour
451822,CRNBRUX,C&B,FIXED QC
451822,CRNBRUX,C&B,Stain & Glaze
451822,CRNBRUX,C&B,Scan for crowns
451822,CRNBRUX,C&B,SCHEDULING
451822,CRNBRUX,C&B,Sinter
451517,ART-EVQC-CLDR,MISC,CAD DESIGN
451517,ART-EVQC-CLDR,MISC,BUSOFF
451517,ART-EVQC-CLDR,MISC,SINTER
451517,ART-EVQC-CLDR,MISC,C&B
451517,DIGANALOG,IMPLANT PT,BUSOFF
451517,ART-EVQC-CLDR,MISC,FIXED QC
451517,DIGANALOG,IMPLANT PT,C&B
451517,ART-EVQC-CLDR,MISC,IMPLANTS
451517,DIGANALOG,IMPLANT PT,FIXED QC
451517,ART-EVQC-CLDR,MISC,STAINGLZ
451517,DIGANALOG,IMPLANT PT,STAINGLZ
451517,DIGANALOG,IMPLANT PT,CAD DESIGN
451517,DIGLAYCRN,C&B,CAD DESIGN
451517,DIGANALOG,IMPLANT PT,IMPLANTS
451517,DIGLAYCRN,C&B,FIXED QC
451517,DIGANALOG,IMPLANT PT,SINTER
451517,DIGLAYCRN,C&B,SINTER
451517,DIGLAYCRN,C&B,BUSOFF
451517,DIGLAYCRN,C&B,STAINGLZ
451517,DIGLAYCRN,C&B,C&B
451517,SMTCRN,IMPLANTS,CAD DESIGN
451517,DIGLAYCRN,C&B,IMPLANTS
451517,SMTCRN,IMPLANTS,IMPLANTS
451517,SMTCRN,IMPLANTS,BUSOFF
451517,SMTCRN,IMPLANTS,STAINGLZ
451517,SMTCRN,IMPLANTS,C&B
451517,SMTCRN,IMPLANTS,FIXED QC
451517,SMTCRN,IMPLANTS,SINTER
451774,ART-EVQC-CLDR,MISC,OUTSRCBUS
451774,ART-EVQC-CLDR,MISC,BUSOFF
451774,ART-EVQC-CLDR,MISC,PARTIAL
451774,ART-EVQC-CLDR,MISC,PRINTING
451774,DIGMODCADREM,Removables,BUSOFF
451774,ART-EVQC-CLDR,MISC,Removables
451774,DIGMODCADREM,Removables,PARTIAL
451774,ART-EVQC-CLDR,MISC,REMQC
451774,DIGMODCADREM,Removables,REMQC
451774,ART-EVQC-CLDR,MISC,SCHEDULING
451774,DIGMODCADREM,Removables,SCHEDULING
451774,DIGMODCADREM,Removables,OUTSRCBUS
451774,PARCASTSET,PARTIAL,OUTSRCBUS
451774,DIGMODCADREM,Removables,PRINTING
451774,PARCASTSET,PARTIAL,PARTIAL
451774,DIGMODCADREM,Removables,Removables
451774,PARCASTSET,PARTIAL,Removables
451774,PARCASTSET,PARTIAL,BUSOFF
451774,PARCASTSET,PARTIAL,PRINTING
451774,PARCASTSET,PARTIAL,REMQC
451774,PARCASTSET,PARTIAL,SCHEDULING
451971,DIGBRUXCRN,C&B,BUILD MODEL
451971,DIGBRUXCRN,C&B,BUSOFF
451971,DIGBRUXCRN,C&B,CAD DESIGN
451971,DIGBRUXCRN,C&B,C&B
451971,DIGBRUXCRN,C&B,Fixed QC
451971,DIGBRUXCRN,C&B,FIXED MODELS
451971,DIGBRUXCRN,C&B,STAINGLZ
451971,DIGBRUXCRN,C&B,PRINT STUDY MODELS
451971,DIGMODCADFIX,C&B,BUILD MODEL
451971,DIGBRUXCRN,C&B,SCHEDULING
451971,DIGMODCADFIX,C&B,CAD DESIGN
451971,DIGBRUXCRN,C&B,SINTER
451971,DIGMODCADFIX,C&B,FIXED MODELS
451971,DIGMODCADFIX,C&B,BUSOFF
451971,DIGMODCADFIX,C&B,PRINT STUDY MODELS
451971,DIGMODCADFIX,C&B,C&B
451971,DIGMODCADFIX,C&B,SINTER
451971,DIGMODCADFIX,C&B,Fixed QC
451971,DIGMODCADFIX,C&B,SCHEDULING
451971,DIGMODCADFIX,C&B,STAINGLZ
451719,DENDRCALLR,Removables,BUSOFF
451719,DENDRCALLR,Removables,Removables
451719,DENDRCALLR,Removables,REMQC
451719,DENDRCALLR,Removables,SCHEDULING
451719,DENEVALREM,Removables,BUSOFF
451719,DENEVALREM,Removables,Removables
451719,DENEVALREM,Removables,REMQC
451719,DENEVALREM,Removables,SCHEDULING
451821,DIGBRUXCRN,C&B,SINTER
451821,DIGBRUXCRN,C&B,BUSOFF
451821,DIGBRUXCRN,C&B,STAINGLZ
451821,DIGBRUXCRN,C&B,C&B
451821,DIGBRUXCRN,C&B,CAD DESIGN
451821,DIGBRUXCRN,C&B,FIXED QC
451821,DIGBRUXCRN,C&B,SCHEDULING
451866,ART-EVQC-CLDD,MISC,CAD DESIGN
451866,ART-EVQC-CLDD,MISC,BUSOFF
451866,ART-EVQC-CLDD,MISC,SINTER
451866,ART-EVQC-CLDD,MISC,C&B
451866,DIGBRUXCRN,C&B,BUSOFF
451866,ART-EVQC-CLDD,MISC,FIXED QC
451866,DIGBRUXCRN,C&B,C&B
451866,ART-EVQC-CLDD,MISC,SCHEDULING
451866,DIGBRUXCRN,C&B,FIXED QC
451866,ART-EVQC-CLDD,MISC,STAINGLZ
451866,DIGBRUXCRN,C&B,SINTER
451866,DIGBRUXCRN,C&B,CAD DESIGN
451866,DIGBRUXCRN,C&B,SCHEDULING
451866,DIGBRUXCRN,C&B,STAINGLZ
452030,DIGEZZCRN,C&B,Brux Porcelain
452030,DIGEZZCRN,C&B,FIXED MODELS
452030,DIGEZZCRN,C&B,CAD Mill crown/coping
452030,DIGEZZCRN,C&B,Outsource Design full contour
452030,DIGEZZCRN,C&B,Fixed QC
452030,DIGEZZCRN,C&B,Sinter
452030,DIGEZZCRN,C&B,Invoice and Ship
452030,DIGEZZCRN,C&B,SCHEDULING
452030,DIGEZZCRN,C&B,Stain & Glaze
448099,DIGBRUXCRN,C&B,
449525,DENPROCNM,Removables,REMQC
449525,DENPROCNM,Removables,BUSOFF
449525,INFCONT,MISC,BUSOFF
449525,DENPROCNM,Removables,PARTIAL
449525,INFCONT,MISC,REMQC
449525,DENPROCNM,Removables,SCHEDULING
449525,INFCONT,MISC,SCHEDULING
449525,INFCONT,MISC,PARTIAL
449525,PARCASTFIN,PARTIAL,PARTIAL
449525,PARCASTFIN,PARTIAL,BUSOFF
449525,PARCASTFIN,PARTIAL,REMQC
449525,PARCASTFIN,PARTIAL,SCHEDULING
447098,DIGMODCADREM,Removables,CAD DESIGN
447098,DIGMODCADREM,Removables,BUSOFF
447098,DIGMODCADREM,Removables,CHAIRSIDE SERVICES
447098,DIGMODCADREM,Removables,IMPLANTS
447098,DIGMODCADREM,Removables,PRINTING
447098,PARTLESS PROTOYPE,CHAIRSIDE SERVICES,BUSOFF
447098,DIGMODCADREM,Removables,Removables
447098,PARTLESS PROTOYPE,CHAIRSIDE SERVICES,CHAIRSIDE SERVICES
447098,PARTLESS PROTOYPE,CHAIRSIDE SERVICES,CAD DESIGN
447098,PARTLESS PROTOYPE,CHAIRSIDE SERVICES,IMPLANTS
447098,PARTLESS PROTOYPE,CHAIRSIDE SERVICES,Removables
447098,PARTLESS PROTOYPE,CHAIRSIDE SERVICES,PRINTING
447098,SGSTNTBSKY,Surgical Guides,CAD DESIGN
447098,SGSTNTBSKY,Surgical Guides,BUSOFF
447098,SGSTNTBSKY,Surgical Guides,Removables
447098,SGSTNTBSKY,Surgical Guides,CHAIRSIDE SERVICES
447098,SGSTNTBSKY,Surgical Guides,IMPLANTS
447098,SGSTNTBSKY,Surgical Guides,PRINTING
452006,CRNEZZ,C&B,C&B
452006,CRNEZZ,C&B,Brux Porcelain
452006,CRNEZZ,C&B,FIXED MODELS
452006,CRNEZZ,C&B,CAD Mill crown/coping
452006,CRNEZZ,C&B,Invoice and Ship
452006,CRNEZZ,C&B,Die Trim
452006,CRNEZZ,C&B,Scan for crowns
452006,CRNEZZ,C&B,Fixed QC
452006,CRNEZZ,C&B,Sinter
452006,CRNEZZ,C&B,Outsource Design full contour
452006,CRNEZZ,C&B,Stain & Glaze
452006,CRNEZZ,C&B,SCHEDULING
452006,INFCONT,MISC,Brux Porcelain
452006,INFCONT,MISC,C&B
452006,INFCONT,MISC,Die Trim
452006,INFCONT,MISC,CAD Mill crown/coping
452006,INFCONT,MISC,FIXED MODELS
452006,INFCONT,MISC,Fixed QC
452006,INFCONT,MISC,Outsource Design full contour
452006,INFCONT,MISC,Invoice and Ship
452006,INFCONT,MISC,Sinter
452006,INFCONT,MISC,Scan for crowns
452006,INFCONT,MISC,SCHEDULING
452006,INFCONT,MISC,Stain & Glaze
451916,CRNBRUX,C&B,Brux Porcelain
451916,CRNBRUX,C&B,C&B
451916,CRNBRUX,C&B,Die Trim
451916,CRNBRUX,C&B,CAD Mill crown/coping
451916,CRNBRUX,C&B,Invoice and Ship
451916,CRNBRUX,C&B,FIXED MODELS
451916,CRNBRUX,C&B,Sinter
451916,CRNBRUX,C&B,FIXED QC
451916,CRNBRUX,C&B,Stain & Glaze
451916,CRNBRUX,C&B,Outsource Design full contour
451916,INFCONT,MISC,C&B
451916,CRNBRUX,C&B,Scan for crowns
451916,INFCONT,MISC,CAD Mill crown/coping
451916,CRNBRUX,C&B,SCHEDULING
451916,INFCONT,MISC,FIXED MODELS
451916,INFCONT,MISC,Brux Porcelain
451916,INFCONT,MISC,Invoice and Ship
451916,INFCONT,MISC,Die Trim
451916,INFCONT,MISC,Outsource Design full contour
451916,INFCONT,MISC,FIXED QC
451916,INFCONT,MISC,Stain & Glaze
451916,INFCONT,MISC,Scan for crowns
451916,INFCONT,MISC,SCHEDULING
451916,INFCONT,MISC,Sinter
451917,CRNBRUX,C&B,C&B
451917,CRNBRUX,C&B,Brux Porcelain
451917,CRNBRUX,C&B,FIXED MODELS
451917,CRNBRUX,C&B,CAD Mill crown/coping
451917,CRNBRUX,C&B,Invoice and Ship
451917,CRNBRUX,C&B,Die Trim
451917,CRNBRUX,C&B,Outsource Design full contour
451917,CRNBRUX,C&B,FIXED QC
451917,CRNBRUX,C&B,Scan for crowns
451917,INFCONT,MISC,Brux Porcelain
451917,CRNBRUX,C&B,SCHEDULING
451917,INFCONT,MISC,CAD Mill crown/coping
451917,CRNBRUX,C&B,Sinter
451917,INFCONT,MISC,FIXED MODELS
451917,CRNBRUX,C&B,Stain & Glaze
451917,INFCONT,MISC,FIXED QC
451917,INFCONT,MISC,C&B
451917,INFCONT,MISC,Invoice and Ship
451917,INFCONT,MISC,Die Trim
451917,INFCONT,MISC,Scan for crowns
451917,INFCONT,MISC,Outsource Design full contour
451917,INFCONT,MISC,SCHEDULING
451917,INFCONT,MISC,Sinter
451917,INFCONT,MISC,Stain & Glaze
451738,DENDRCALLR,Removables,BUSOFF
451738,DENDRCALLR,Removables,Removables
451738,DENDRCALLR,Removables,SCHEDULING
451738,DENDRCALLR,Removables,REMQC
451738,DENEVALREM,Removables,BUSOFF
451738,DENEVALREM,Removables,SCHEDULING
451738,DENEVALREM,Removables,Removables
451738,DENEVALREM,Removables,REMQC
451803,DIGEZZCRN,C&B,CAD Mill crown/coping
451803,DIGEZZCRN,C&B,Brux Porcelain
451803,DIGEZZCRN,C&B,FIXED MODELS
451803,DIGEZZCRN,C&B,Sinter
451803,DIGEZZCRN,C&B,Fixed QC
451803,DIGEZZCRN,C&B,Invoice and Ship
451803,DIGEZZCRN,C&B,Outsource Design full contour
451803,DIGEZZCRN,C&B,SCHEDULING
451803,DIGEZZCRN,C&B,Stain & Glaze
451796,DIGBRUXCRN,C&B,FIXED QC
451796,DIGBRUXCRN,C&B,BUSOFF
451796,DIGBRUXCRN,C&B,SINTER
451796,DIGBRUXCRN,C&B,C&B
451796,DIGBRUXCRN,C&B,STAINGLZ
451796,DIGBRUXCRN,C&B,CAD DESIGN
451796,DIGBRUXCRN,C&B,SCHEDULING
451672,CRNZIRCBR,C&B,Brux Porcelain
451672,CRNZIRCBR,C&B,BUILD MODEL
451672,CRNZIRCBR,C&B,CAD Mill crown/coping
451672,CRNZIRCBR,C&B,Outsource Design full contour
451672,CRNZIRCBR,C&B,DIGITAL SCAN REVIEW
451672,CRNZIRCBR,C&B,PRINT STUDY MODELS
451672,CRNZIRCBR,C&B,FINISHING
451672,DIGEZZCRN,C&B,CAD Mill crown/coping
451672,CRNZIRCBR,C&B,FIXED MODELS
451672,DIGEZZCRN,C&B,DIGITAL SCAN REVIEW
451672,CRNZIRCBR,C&B,Fixed QC
451672,DIGEZZCRN,C&B,FINISHING
451672,CRNZIRCBR,C&B,Invoice and Ship
451672,DIGEZZCRN,C&B,FIXED MODELS
451672,CRNZIRCBR,C&B,SCHEDULING
451672,DIGEZZCRN,C&B,Fixed QC
451672,CRNZIRCBR,C&B,Sinter
451672,DIGEZZCRN,C&B,Outsource Design full contour
451672,CRNZIRCBR,C&B,Stain & Glaze
451672,DIGEZZCRN,C&B,PRINT STUDY MODELS
451672,DIGEZZCRN,C&B,Brux Porcelain
451672,DIGEZZCRN,C&B,SCHEDULING
451672,DIGEZZCRN,C&B,BUILD MODEL
451672,DIGMODCADFIX,C&B,BUILD MODEL
451672,DIGEZZCRN,C&B,Invoice and Ship
451672,DIGMODCADFIX,C&B,Fixed QC
451672,DIGEZZCRN,C&B,Sinter
451672,DIGMODCADFIX,C&B,Outsource Design full contour
451672,DIGEZZCRN,C&B,Stain & Glaze
451672,DIGMODCADFIX,C&B,PRINT STUDY MODELS
451672,DIGMODCADFIX,C&B,Brux Porcelain
451672,DIGMODCADFIX,C&B,Sinter
451672,DIGMODCADFIX,C&B,CAD Mill crown/coping
451672,DIGMODCADFIX,C&B,DIGITAL SCAN REVIEW
451672,DIGMODCADFIX,C&B,FINISHING
451672,DIGMODCADFIX,C&B,FIXED MODELS
451672,DIGMODCADFIX,C&B,Invoice and Ship
451672,DIGMODCADFIX,C&B,SCHEDULING
451672,DIGMODCADFIX,C&B,Stain & Glaze
450711,DENDRCALLR,Removables,BUSOFF
450711,DENDRCALLR,Removables,Removables
450711,DENDRCALLR,Removables,SCHEDULING
450711,DENDRCALLR,Removables,REMQC
450711,DENEVALREM,Removables,BUSOFF
450711,DENEVALREM,Removables,Removables
450711,DENEVALREM,Removables,SCHEDULING
450711,DENEVALREM,Removables,REMQC
451430,DELIVERY,DELIVERY,BUSOFF
451430,DELIVERY,DELIVERY,Removables
451430,DELIVERY,DELIVERY,SCHEDULING
451430,DELIVERY,DELIVERY,REMQC
451430,DENDRCALLR,Removables,Removables
451430,DENDRCALLR,Removables,BUSOFF
451430,DENPRCOV,Removables,BUSOFF
451430,DENDRCALLR,Removables,REMQC
451430,DENPRCOV,Removables,Removables
451430,DENDRCALLR,Removables,SCHEDULING
451430,DENTHREM5+,Removables,Removables
451430,DENPRCOV,Removables,REMQC
451430,DENTHREM5+,Removables,REMQC
451430,DENPRCOV,Removables,SCHEDULING
451430,INFCONT,MISC,Removables
451430,DENTHREM5+,Removables,BUSOFF
451430,DENTHREM5+,Removables,SCHEDULING
451430,INFCONT,MISC,BUSOFF
451430,INFCONT,MISC,REMQC
451430,INFCONT,MISC,SCHEDULING
450902,INFCONT,MISC,BUSOFF
450902,DEN2RESET,Removables,BUSOFF
450902,INFCONT,MISC,SCHEDULING
450902,DEN2RESET,Removables,Removables
450902,DEN2RESET,Removables,REMQC
450902,DEN2RESET,Removables,SCHEDULING
450902,INFCONT,MISC,Removables
450902,INFCONT,MISC,REMQC
451529,ART-EVQC-CLRMK,MISC,CAD DESIGN
451529,ART-EVQC-CLRMK,MISC,BUILD MODEL
451529,ART-EVQC-CLRMK,MISC,FINISHING
451529,ART-EVQC-CLRMK,MISC,BUSOFF
451529,ART-EVQC-CLRMK,MISC,FIXED QC
451529,ART-EVQC-CLRMK,MISC,C&B
451529,ART-EVQC-CLRMK,MISC,SCHEDULING
451529,ART-EVQC-CLRMK,MISC,FIXED MODELS
451529,ART-EVQC-CLRMK,MISC,SINTER
451529,ART-EVQC-CLRMK,MISC,PRINT STUDY MODELS
451529,ART-EVQC-CLRMK,MISC,STAINGLZ
451529,CRNZIRCBR,C&B,BUILD MODEL
451529,CRNZIRCBR,C&B,BUSOFF
451529,CRNZIRCBR,C&B,CAD DESIGN
451529,CRNZIRCBR,C&B,C&B
451529,CRNZIRCBR,C&B,SINTER
451529,CRNZIRCBR,C&B,FINISHING
451529,CRNZIRCBR,C&B,STAINGLZ
451529,CRNZIRCBR,C&B,FIXED MODELS
451529,DIGBRUXCRN,C&B,BUILD MODEL
451529,CRNZIRCBR,C&B,FIXED QC
451529,DIGBRUXCRN,C&B,BUSOFF
451529,CRNZIRCBR,C&B,PRINT STUDY MODELS
451529,DIGBRUXCRN,C&B,C&B
451529,CRNZIRCBR,C&B,SCHEDULING
451529,DIGBRUXCRN,C&B,FIXED MODELS
451529,DIGBRUXCRN,C&B,CAD DESIGN
451529,DIGBRUXCRN,C&B,FIXED QC
451529,DIGBRUXCRN,C&B,FINISHING
451529,DIGBRUXCRN,C&B,SINTER
451529,DIGBRUXCRN,C&B,PRINT STUDY MODELS
451529,DIGBRUXCRN,C&B,STAINGLZ
451529,DIGBRUXCRN,C&B,SCHEDULING
451529,DIGMODCADFIX,C&B,CAD DESIGN
451529,DIGMODCADFIX,C&B,BUILD MODEL
451529,DIGMODCADFIX,C&B,FINISHING
451529,DIGMODCADFIX,C&B,BUSOFF
451529,DIGMODCADFIX,C&B,FIXED QC
451529,DIGMODCADFIX,C&B,C&B
451529,DIGMODCADFIX,C&B,SCHEDULING
451529,DIGMODCADFIX,C&B,FIXED MODELS
451529,DIGMODCADFIX,C&B,SINTER
451529,DIGMODCADFIX,C&B,PRINT STUDY MODELS
451529,DIGMODCADFIX,C&B,STAINGLZ
451212,DIGMODCADREM,Removables,BUSOFF
451212,PARTIALCLEAR,PARTIAL,Removables
451212,DIGMODCADREM,Removables,PRINTING
451212,DIGMODCADREM,Removables,Removables
451212,DIGMODCADREM,Removables,SCHEDULING
451212,PARTIALCLEAR,PARTIAL,BUSOFF
451212,PARTIALCLEAR,PARTIAL,PRINTING
451212,PARTIALCLEAR,PARTIAL,SCHEDULING
448356,DENFULLEC,Removables,
451030,,,
451846,DIGMODCADREM,Removables,BUSOFF
451846,DIGMODCADREM,Removables,REMQC
451846,DIGMODCADREM,Removables,PRINTING
451846,DIGMODCADREM,Removables,SCHEDULING
451846,DIGMODCADREM,Removables,Removables
451846,ORTVFRET,Removables,BUSOFF
451846,ORTVFRET,Removables,PRINTING
451846,ORTVFRET,Removables,Removables
451846,ORTVFRET,Removables,REMQC
451846,ORTVFRET,Removables,SCHEDULING
449724,DIGBRUXCRN,C&B,
448495,DIGBRUXCRN,C&B,
451606,CRNBRUX,C&B,Brux Porcelain
451606,CRNBRUX,C&B,CAD Mill crown/coping
451606,CRNBRUX,C&B,C&B
451606,CRNBRUX,C&B,Die Trim
451606,CRNBRUX,C&B,FIXED MODELS
451606,CRNBRUX,C&B,FIXED QC
451606,CRNBRUX,C&B,Impl Eval/Set TA
451606,CRNBRUX,C&B,Invoice and Ship
451606,CRNBRUX,C&B,IMPLANTS
451606,CRNBRUX,C&B,Outsource Design full contour
451606,CRNBRUX,C&B,Scan Abutments
451606,CRNBRUX,C&B,Scan for crowns
451606,CRNBRUX,C&B,Sinter
451606,CRNBRUX,C&B,SCHEDULING
451606,CRNBRUX,C&B,Tissue Trim
451606,CRNBRUX,C&B,Stain & Glaze
451606,INFCONT,MISC,C&B
451606,INFCONT,MISC,Brux Porcelain
451606,INFCONT,MISC,CAD Mill crown/coping
451606,INFCONT,MISC,FIXED QC
451606,INFCONT,MISC,Die Trim
451606,INFCONT,MISC,Invoice and Ship
451606,INFCONT,MISC,FIXED MODELS
451606,INFCONT,MISC,Scan Abutments
451606,INFCONT,MISC,Impl Eval/Set TA
451606,INFCONT,MISC,Scan for crowns
451606,INFCONT,MISC,IMPLANTS
451606,INFCONT,MISC,SCHEDULING
451606,INFCONT,MISC,Outsource Design full contour
451606,INFCONT,MISC,Sinter
451606,INFCONT,MISC,Tissue Trim
451606,INFCONT,MISC,Stain & Glaze
451606,SCREWRETCRN,IMPLANTS,Brux Porcelain
451606,SCREWRETCRN,IMPLANTS,CAD Mill crown/coping
451606,SCREWRETCRN,IMPLANTS,C&B
451606,SCREWRETCRN,IMPLANTS,FIXED MODELS
451606,SCREWRETCRN,IMPLANTS,Die Trim
451606,SCREWRETCRN,IMPLANTS,IMPLANTS
451606,SCREWRETCRN,IMPLANTS,FIXED QC
451606,SCREWRETCRN,IMPLANTS,Invoice and Ship
451606,SCREWRETCRN,IMPLANTS,Impl Eval/Set TA
451606,SCREWRETCRN,IMPLANTS,Scan Abutments
451606,SCREWRETCRN,IMPLANTS,Outsource Design full contour
451606,SCREWRETCRN,IMPLANTS,Scan for crowns
451606,SCREWRETCRN,IMPLANTS,Tissue Trim
451606,SCREWRETCRN,IMPLANTS,SCHEDULING
451606,SCREWRETCRN,IMPLANTS,Sinter
451606,SCREWRETCRN,IMPLANTS,Stain & Glaze
449779,DIGMODCADREM,Removables,CAD DESIGN
449779,DIGMODCADREM,Removables,BUSOFF
449779,DIGMODCADREM,Removables,PRINTING
449779,DIGMODCADREM,Removables,IMPLANTS
449779,DIGMODCADREM,Removables,Removables
449779,DIGMODCADREM,Removables,SCHEDULING
449779,SGSTNTBSKY,Surgical Guides,CAD DESIGN
449779,SGSTNTBSKY,Surgical Guides,BUSOFF
449779,SGSTNTBSKY,Surgical Guides,Removables
449779,SGSTNTBSKY,Surgical Guides,IMPLANTS
449779,SGSTNTBSKY,Surgical Guides,PRINTING
449779,SGSTNTBSKY,Surgical Guides,SCHEDULING
451825,CRNEMAXM,C&B,CAD DESIGN
451825,CRNEMAXM,C&B,BUSOFF
451825,CRNEMAXM,C&B,FIXED QC
451825,CRNEMAXM,C&B,C&B
451825,CRNEMAXM,C&B,PORCELAIN
451825,CRNEMAXM,C&B,CAD SCANNING
451825,CRNEMAXM,C&B,DIETRIM
451825,CRNEMAXM,C&B,SCHEDULING
450014,DENFULLEC,Removables,
451847,CRAHSC,SPLINTS,Removables
451847,CRAHSC,SPLINTS,BUSOFF
451847,CRAHSC,SPLINTS,SPLINTS
451847,CRAHSC,SPLINTS,PRINTING
451847,DIGMODCADREM,Removables,BUSOFF
451847,CRAHSC,SPLINTS,SCHEDULING
451847,DIGMODCADREM,Removables,SCHEDULING
451847,DIGMODCADREM,Removables,PRINTING
451847,DIGMODCADREM,Removables,Removables
451847,DIGMODCADREM,Removables,SPLINTS
451432,,,
451629,DIGEZZCRN,C&B,Brux Porcelain
451629,DIGEZZCRN,C&B,CAD Mill crown/coping
451629,DIGEZZCRN,C&B,BUILD MODEL
451629,DIGEZZCRN,C&B,DIGITAL SCAN REVIEW
451629,DIGEZZCRN,C&B,Invoice and Ship
451629,DIGEZZCRN,C&B,FIXED MODELS
451629,DIGEZZCRN,C&B,Sinter
451629,DIGEZZCRN,C&B,Fixed QC
451629,DIGEZZCRN,C&B,Stain & Glaze
451629,DIGEZZCRN,C&B,Outsource Design full contour
451629,DIGMODCADFIX,C&B,CAD Mill crown/coping
451629,DIGEZZCRN,C&B,PRINT STUDY MODELS
451629,DIGMODCADFIX,C&B,DIGITAL SCAN REVIEW
451629,DIGEZZCRN,C&B,SCHEDULING
451629,DIGMODCADFIX,C&B,FIXED MODELS
451629,DIGMODCADFIX,C&B,Brux Porcelain
451629,DIGMODCADFIX,C&B,Fixed QC
451629,DIGMODCADFIX,C&B,BUILD MODEL
451629,DIGMODCADFIX,C&B,Invoice and Ship
451629,DIGMODCADFIX,C&B,Outsource Design full contour
451629,DIGMODCADFIX,C&B,SCHEDULING
451629,DIGMODCADFIX,C&B,PRINT STUDY MODELS
451629,DIGMODCADFIX,C&B,Stain & Glaze
451629,DIGMODCADFIX,C&B,Sinter
451700,DIGBRUXCRN,C&B,CAD DESIGN
451700,DIGBRUXCRN,C&B,BUSOFF
451700,DIGBRUXCRN,C&B,SCHEDULING
451700,DIGBRUXCRN,C&B,C&B
451700,DIGBRUXCRN,C&B,STAINGLZ
451700,DIGBRUXCRN,C&B,FIXED QC
451700,DIGBRUXCRN,C&B,SINTER
451678,CRADUAL,SPLINTS,BUSOFF
451678,CRADUAL,SPLINTS,PROCSPLINT
451678,CRADUAL,SPLINTS,PRINTING
451678,CRADUAL,SPLINTS,SCHEDULING
451678,CRADUAL,SPLINTS,Removables
451678,CRADUAL,SPLINTS,SPLINTS
451678,DIGMODCADREM,Removables,BUSOFF
451678,DIGMODCADREM,Removables,SCHEDULING
451678,DIGMODCADREM,Removables,PRINTING
451678,DIGMODCADREM,Removables,PROCSPLINT
451678,DIGMODCADREM,Removables,Removables
451678,DIGMODCADREM,Removables,SPLINTS
440538,,,
450375,,,
451989,CRNZIRCBR,C&B,CAD DESIGN
451989,CRNZIRCBR,C&B,BUSOFF
451989,CRNZIRCBR,C&B,FIXED QC
451989,CRNZIRCBR,C&B,C&B
451989,DIGBRUXCRN,C&B,CAD DESIGN
451989,CRNZIRCBR,C&B,FINISHING
451989,DIGBRUXCRN,C&B,FINISHING
451989,CRNZIRCBR,C&B,SCHEDULING
451989,DIGBRUXCRN,C&B,FIXED QC
451989,CRNZIRCBR,C&B,SINTER
451989,DIGBRUXCRN,C&B,SCHEDULING
451989,CRNZIRCBR,C&B,STAINGLZ
451989,DIGBRUXCRN,C&B,SINTER
451989,DIGBRUXCRN,C&B,BUSOFF
451989,DIGBRUXCRN,C&B,STAINGLZ
451989,DIGBRUXCRN,C&B,C&B
451981,DIGBRUXCRN,C&B,BUSOFF
451981,DIGBRUXCRN,C&B,FIXED QC
451981,DIGBRUXCRN,C&B,C&B
451981,DIGBRUXCRN,C&B,STAINGLZ
451981,DIGBRUXCRN,C&B,CAD DESIGN
451981,DIGBRUXCRN,C&B,SCHEDULING
451981,DIGBRUXCRN,C&B,SINTER
449685,DENFULLEC,Removables,Removables
449685,DENFULLEC,Removables,BUSOFF
449685,DENFULLEC,Removables,REMQC
449685,DENTHREM5+,Removables,BUSOFF
449685,DENFULLEC,Removables,SCHEDULING
449685,DENTHREM5+,Removables,REMQC
449685,DENTHREM5+,Removables,Removables
449685,DENTHREM5+,Removables,SCHEDULING
449685,INFCONT,MISC,BUSOFF
449685,INFCONT,MISC,Removables
449685,MODSTOREM,Removables,BUSOFF
449685,INFCONT,MISC,REMQC
449685,MODSTOREM,Removables,SCHEDULING
449685,INFCONT,MISC,SCHEDULING
449685,MODSTOREM,Removables,Removables
449685,MODSTOREM,Removables,REMQC
451126,CRNBRUX,C&B,Brux Porcelain
451126,CRNBRUX,C&B,C&B
451126,CRNBRUX,C&B,FIXED QC
451126,CRNBRUX,C&B,CAD Mill crown/coping
451126,CRNBRUX,C&B,Invoice and Ship
451126,CRNBRUX,C&B,Die Trim
451126,CRNBRUX,C&B,Scan Abutments
451126,CRNBRUX,C&B,FIXED MODELS
451126,CRNBRUX,C&B,Scan for crowns
451126,CRNBRUX,C&B,Impl Eval/Set TA
451126,CRNBRUX,C&B,SCHEDULING
451126,CRNBRUX,C&B,IMPLANTS
451126,CRNBRUX,C&B,Sinter
451126,CRNBRUX,C&B,Outsource Design full contour
451126,CRNBRUX,C&B,Stain & Glaze
451126,CRNBRUX,C&B,Tissue Trim
451126,INFCONT,MISC,Brux Porcelain
451126,INFCONT,MISC,C&B
451126,INFCONT,MISC,Die Trim
451126,INFCONT,MISC,CAD Mill crown/coping
451126,INFCONT,MISC,FIXED MODELS
451126,INFCONT,MISC,FIXED QC
451126,INFCONT,MISC,Impl Eval/Set TA
451126,INFCONT,MISC,Scan Abutments
451126,INFCONT,MISC,IMPLANTS
451126,INFCONT,MISC,Scan for crowns
451126,INFCONT,MISC,Invoice and Ship
451126,INFCONT,MISC,SCHEDULING
451126,INFCONT,MISC,Outsource Design full contour
451126,NOBSR,IMPLANTS,Brux Porcelain
451126,INFCONT,MISC,Sinter
451126,NOBSR,IMPLANTS,FIXED QC
451126,INFCONT,MISC,Stain & Glaze
451126,NOBSR,IMPLANTS,Scan Abutments
451126,INFCONT,MISC,Tissue Trim
451126,NOBSR,IMPLANTS,Scan for crowns
451126,NOBSR,IMPLANTS,C&B
451126,NOBSR,IMPLANTS,Sinter
451126,NOBSR,IMPLANTS,CAD Mill crown/coping
451126,NOBSR,IMPLANTS,Tissue Trim
451126,NOBSR,IMPLANTS,Die Trim
451126,NOBSR,IMPLANTS,FIXED MODELS
451126,NOBSR,IMPLANTS,Impl Eval/Set TA
451126,NOBSR,IMPLANTS,IMPLANTS
451126,NOBSR,IMPLANTS,Invoice and Ship
451126,NOBSR,IMPLANTS,Outsource Design full contour
451126,NOBSR,IMPLANTS,SCHEDULING
451126,NOBSR,IMPLANTS,Stain & Glaze
451729,>4,C&B,C&B
451729,>4,C&B,Brux Porcelain
451729,>4,C&B,CAD Mill crown/coping
451729,>4,C&B,Die Trim
451729,>4,C&B,FIXED MODELS
451729,>4,C&B,FINISHING
451729,>4,C&B,Invoice and Ship
451729,>4,C&B,Fixed QC
451729,>4,C&B,Outsource Design full contour
451729,>4,C&B,Scan for crowns
451729,>4,C&B,Stain & Glaze
451729,>4,C&B,Sinter
451729,CRNEZZ,C&B,C&B
451729,CRNEZZ,C&B,Brux Porcelain
451729,CRNEZZ,C&B,CAD Mill crown/coping
451729,CRNEZZ,C&B,Die Trim
451729,CRNEZZ,C&B,FINISHING
451729,CRNEZZ,C&B,Invoice and Ship
451729,CRNEZZ,C&B,FIXED MODELS
451729,CRNEZZ,C&B,Sinter
451729,CRNEZZ,C&B,Fixed QC
451729,CRNEZZ,C&B,Stain & Glaze
451729,CRNEZZ,C&B,Outsource Design full contour
451729,CRNZIRCBR,C&B,Brux Porcelain
451729,CRNEZZ,C&B,Scan for crowns
451729,CRNZIRCBR,C&B,Sinter
451729,CRNZIRCBR,C&B,C&B
451729,CRNZIRCBR,C&B,CAD Mill crown/coping
451729,CRNZIRCBR,C&B,Die Trim
451729,CRNZIRCBR,C&B,FINISHING
451729,CRNZIRCBR,C&B,FIXED MODELS
451729,CRNZIRCBR,C&B,Fixed QC
451729,CRNZIRCBR,C&B,Invoice and Ship
451729,CRNZIRCBR,C&B,Outsource Design full contour
451729,CRNZIRCBR,C&B,Scan for crowns
451729,CRNZIRCBR,C&B,Stain & Glaze
451535,DEN2RESET,Removables,REMQC
451535,DEN2RESET,Removables,BUSOFF
451535,DEN2RESET,Removables,SCHEDULING
451535,DEN2RESET,Removables,Removables
452009,CRNFCCNP,C&B,BUSOFF
452009,CRNFCCNP,C&B,CAD DESIGN
452009,CRNFCCNP,C&B,C&B
452009,CRNFCCNP,C&B,CAD SCANNING
452009,CRNFCCNP,C&B,FINISHING
452009,CRNFCCNP,C&B,DIETRIM
452009,CRNFCCNP,C&B,FIXED QC
452009,CRNFCCNP,C&B,SCHEDULING
451782,CRNEZZ,C&B,Brux Porcelain
451782,CRNEZZ,C&B,C&B
451782,CRNEZZ,C&B,Die Trim
451782,CRNEZZ,C&B,CAD Mill crown/coping
451782,CRNEZZ,C&B,Fixed QC
451782,CRNEZZ,C&B,FIXED MODELS
451782,CRNEZZ,C&B,Invoice and Ship
451782,CRNEZZ,C&B,Outsource Design full contour
451782,CRNEZZ,C&B,Scan for crowns
451782,CRNEZZ,C&B,SCHEDULING
451782,CRNEZZ,C&B,Sinter
451782,CRNEZZ,C&B,Stain & Glaze
446225,DIGDRCLCRN,C&B,BUSOFF
446225,DIGDRCLCRN,C&B,C&B
446225,DIGDRCLCRN,C&B,CTS
446225,DIGDRCLCRN,C&B,SCHEDULING
451725,SGSTNTBSKY,Surgical Guides,Removables
451725,SGSTNTBSKY,Surgical Guides,BUSOFF
451725,SGSTNTBSKY,Surgical Guides,CAD DESIGN
451725,SGSTNTBSKY,Surgical Guides,IMPLANTS
451725,SGSTNTBSKY,Surgical Guides,PRINTING
451725,SGSTNTBSKY,Surgical Guides,SCHEDULING
448235,CRADUAL,SPLINTS,BUSOFF
448235,CRADUAL,SPLINTS,PROCSPLINT
448235,CRADUAL,SPLINTS,PRINTING
448235,CRADUAL,SPLINTS,SCHEDULING
448235,CRADUAL,SPLINTS,Removables
448235,CRADUAL,SPLINTS,SPLINTS
448235,DIGMODCADREM,Removables,PROCSPLINT
448235,DIGMODCADREM,Removables,BUSOFF
448235,DIGMODCADREM,Removables,Removables
448235,DIGMODCADREM,Removables,PRINTING
448235,DIGMODCADREM,Removables,SPLINTS
448235,DIGMODCADREM,Removables,SCHEDULING
450486,,,
451882,CRNBRUX,C&B,Brux Porcelain
451882,CRNBRUX,C&B,FIXED MODELS
451882,CRNBRUX,C&B,C&B
451882,CRNBRUX,C&B,Invoice and Ship
451882,CRNBRUX,C&B,CAD Mill crown/coping
451882,CRNBRUX,C&B,Outsource Design full contour
451882,CRNBRUX,C&B,Die Trim
451882,CRNBRUX,C&B,Stain & Glaze
451882,CRNBRUX,C&B,FIXED QC
451882,CRNBRUX,C&B,Scan for crowns
451882,CRNBRUX,C&B,SCHEDULING
451882,CRNBRUX,C&B,Sinter
451762,DIGEZZCRN,C&B,BUILD MODEL
451762,DIGEZZCRN,C&B,Brux Porcelain
451762,DIGEZZCRN,C&B,FIXED MODELS
451762,DIGEZZCRN,C&B,CAD Mill crown/coping
451762,DIGEZZCRN,C&B,Invoice and Ship
451762,DIGEZZCRN,C&B,DIGITAL SCAN REVIEW
451762,DIGEZZCRN,C&B,Outsource Design full contour
451762,DIGEZZCRN,C&B,Fixed QC
451762,DIGEZZCRN,C&B,PRINT STUDY MODELS
451762,DIGEZZCRN,C&B,SCHEDULING
451762,DIGEZZCRN,C&B,Stain & Glaze
451762,DIGEZZCRN,C&B,Sinter
451762,DIGMODCADFIX,C&B,BUILD MODEL
451762,DIGMODCADFIX,C&B,Brux Porcelain
451762,DIGMODCADFIX,C&B,DIGITAL SCAN REVIEW
451762,DIGMODCADFIX,C&B,CAD Mill crown/coping
451762,DIGMODCADFIX,C&B,FIXED MODELS
451762,DIGMODCADFIX,C&B,Fixed QC
451762,DIGMODCADFIX,C&B,Invoice and Ship
451762,DIGMODCADFIX,C&B,PRINT STUDY MODELS
451762,DIGMODCADFIX,C&B,Outsource Design full contour
451762,DIGMODCADFIX,C&B,SCHEDULING
451762,DIGMODCADFIX,C&B,Sinter
451762,DIGMODCADFIX,C&B,Stain & Glaze
451695,CRNBRUX,C&B,Brux Porcelain
451695,CRNBRUX,C&B,CAD Mill crown/coping
451695,CRNBRUX,C&B,C&B
451695,CRNBRUX,C&B,FIXED MODELS
451695,CRNBRUX,C&B,Die Trim
451695,CRNBRUX,C&B,IMPLANTS
451695,CRNBRUX,C&B,Fixed QC
451695,CRNBRUX,C&B,Invoice and Ship
451695,CRNBRUX,C&B,Impl Eval/Set TA
451695,CRNBRUX,C&B,Outsource Design full contour
451695,CRNBRUX,C&B,Tissue Trim
451695,CRNBRUX,C&B,Scan Abutments
451695,INFCONT,MISC,CAD Mill crown/coping
451695,CRNBRUX,C&B,Scan for crowns
451695,INFCONT,MISC,Die Trim
451695,CRNBRUX,C&B,SCHEDULING
451695,INFCONT,MISC,FIXED MODELS
451695,CRNBRUX,C&B,Sinter
451695,INFCONT,MISC,Fixed QC
451695,CRNBRUX,C&B,Stain & Glaze
451695,INFCONT,MISC,Invoice and Ship
451695,INFCONT,MISC,Brux Porcelain
451695,INFCONT,MISC,Outsource Design full contour
451695,INFCONT,MISC,C&B
451695,INFCONT,MISC,Scan for crowns
451695,INFCONT,MISC,Impl Eval/Set TA
451695,INFCONT,MISC,SCHEDULING
451695,INFCONT,MISC,IMPLANTS
451695,INFCONT,MISC,Stain & Glaze
451695,INFCONT,MISC,Scan Abutments
451695,SCREWRETCRN,IMPLANTS,Brux Porcelain
451695,INFCONT,MISC,Sinter
451695,SCREWRETCRN,IMPLANTS,CAD Mill crown/coping
451695,INFCONT,MISC,Tissue Trim
451695,SCREWRETCRN,IMPLANTS,Die Trim
451695,SCREWRETCRN,IMPLANTS,C&B
451695,SCREWRETCRN,IMPLANTS,Fixed QC
451695,SCREWRETCRN,IMPLANTS,FIXED MODELS
451695,SCREWRETCRN,IMPLANTS,Impl Eval/Set TA
451695,SCREWRETCRN,IMPLANTS,IMPLANTS
451695,SCREWRETCRN,IMPLANTS,Invoice and Ship
451695,SCREWRETCRN,IMPLANTS,Outsource Design full contour
451695,SCREWRETCRN,IMPLANTS,SCHEDULING
451695,SCREWRETCRN,IMPLANTS,Scan Abutments
451695,SCREWRETCRN,IMPLANTS,Stain & Glaze
451695,SCREWRETCRN,IMPLANTS,Scan for crowns
451695,SCREWRETCRN,IMPLANTS,Sinter
451695,SCREWRETCRN,IMPLANTS,Tissue Trim
451398,CRNDRCALLN,C&B,BUSOFF
451398,CRNDRCALLN,C&B,Brux Porcelain
451398,CRNDRCALLN,C&B,C&B
451398,CRNDRCALLN,C&B,CTS
451398,CRNDRCALLN,C&B,CAD Mill crown/coping
451398,CRNDRCALLN,C&B,Sinter
451398,CRNDRCALLN,C&B,Die Trim
451398,CRNEZZ,C&B,Brux Porcelain
451398,CRNDRCALLN,C&B,Fixed QC
451398,CRNEZZ,C&B,CTS
451398,CRNDRCALLN,C&B,Outsource Design full contour
451398,CRNEZZ,C&B,Die Trim
451398,CRNDRCALLN,C&B,Scan for crowns
451398,CRNEZZ,C&B,Outsource Design full contour
451398,CRNDRCALLN,C&B,SCHEDULING
451398,CRNEZZ,C&B,Sinter
451398,CRNDRCALLN,C&B,Stain & Glaze
451398,DELIVERY,DELIVERY,BUSOFF
451398,CRNEZZ,C&B,BUSOFF
451398,DELIVERY,DELIVERY,C&B
451398,CRNEZZ,C&B,C&B
451398,DELIVERY,DELIVERY,CTS
451398,CRNEZZ,C&B,CAD Mill crown/coping
451398,DELIVERY,DELIVERY,Die Trim
451398,CRNEZZ,C&B,Fixed QC
451398,DELIVERY,DELIVERY,Outsource Design full contour
451398,CRNEZZ,C&B,Scan for crowns
451398,INFCONT,MISC,BUSOFF
451398,CRNEZZ,C&B,SCHEDULING
451398,INFCONT,MISC,Outsource Design full contour
451398,CRNEZZ,C&B,Stain & Glaze
451398,INFCONT,MISC,Stain & Glaze
451398,DELIVERY,DELIVERY,Brux Porcelain
451398,DELIVERY,DELIVERY,CAD Mill crown/coping
451398,DELIVERY,DELIVERY,Fixed QC
451398,DELIVERY,DELIVERY,Scan for crowns
451398,DELIVERY,DELIVERY,SCHEDULING
451398,DELIVERY,DELIVERY,Sinter
451398,DELIVERY,DELIVERY,Stain & Glaze
451398,INFCONT,MISC,Brux Porcelain
451398,INFCONT,MISC,C&B
451398,INFCONT,MISC,CAD Mill crown/coping
451398,INFCONT,MISC,CTS
451398,INFCONT,MISC,Die Trim
451398,INFCONT,MISC,Fixed QC
451398,INFCONT,MISC,Scan for crowns
451398,INFCONT,MISC,SCHEDULING
451398,INFCONT,MISC,Sinter
451807,CRNEMAXVEN,C&B,CAD DESIGN
451807,CRNEMAXVEN,C&B,BUSOFF
451807,CRNEMAXVEN,C&B,CAD SCANNING
451807,CRNEMAXVEN,C&B,C&B
451807,CRNEMAXVEN,C&B,DIETRIM
451807,CRNEMAXVEN,C&B,FIXED QC
451807,CRNEMAXVEN,C&B,PORCELAIN
451807,CRNEMAXVEN,C&B,SCHEDULING
449753,PARTIALDUR,PARTIAL,
452023,ART-EVQC-CLDD,MISC,CAD DESIGN
452023,ART-EVQC-CLDD,MISC,BUSOFF
452023,ART-EVQC-CLDD,MISC,FIXED QC
452023,ART-EVQC-CLDD,MISC,C&B
452023,ART-EVQC-CLDD,MISC,SCHEDULING
452023,ART-EVQC-CLDD,MISC,SINTER
452023,DIGBRUXCRN,C&B,CAD DESIGN
452023,ART-EVQC-CLDD,MISC,STAINGLZ
452023,DIGBRUXCRN,C&B,FIXED QC
452023,DIGBRUXCRN,C&B,BUSOFF
452023,DIGBRUXCRN,C&B,SINTER
452023,DIGBRUXCRN,C&B,C&B
452023,DIGBRUXCRN,C&B,STAINGLZ
452023,DIGBRUXCRN,C&B,SCHEDULING
449749,PARTIALDUR,PARTIAL,
451888,ARTREM,Removables,BUSOFF
451888,ARTREM,Removables,Removables
451888,ARTREM,Removables,CAD SCANNING
451888,ARTREM,Removables,SPLINTS
451888,ARTREM,Removables,PRINTING
451888,CRA,SPLINTS,BUSOFF
451888,ARTREM,Removables,SCHEDULING
451888,CRA,SPLINTS,CAD SCANNING
451888,DELIVERY,DELIVERY,BUSOFF
451888,CRA,SPLINTS,PRINTING
451888,DELIVERY,DELIVERY,CAD SCANNING
451888,CRA,SPLINTS,Removables
451888,DELIVERY,DELIVERY,PRINTING
451888,CRA,SPLINTS,SCHEDULING
451888,DELIVERY,DELIVERY,SCHEDULING
451888,CRA,SPLINTS,SPLINTS
451888,INFCONT,MISC,BUSOFF
451888,DELIVERY,DELIVERY,Removables
451888,INFCONT,MISC,CAD SCANNING
451888,DELIVERY,DELIVERY,SPLINTS
451888,INFCONT,MISC,PRINTING
451888,INFCONT,MISC,SCHEDULING
451888,INFCONT,MISC,Removables
451888,INFCONT,MISC,SPLINTS
448245,DIGBRUXCRN,C&B,
451915,CRAHSC,SPLINTS,Removables
451915,CRAHSC,SPLINTS,BUSOFF
451915,CRAHSC,SPLINTS,SPLINTS
451915,CRAHSC,SPLINTS,PRINTING
451915,DIGMODCADREM,Removables,BUSOFF
451915,CRAHSC,SPLINTS,SCHEDULING
451915,DIGMODCADREM,Removables,SCHEDULING
451915,DIGMODCADREM,Removables,PRINTING
451915,DIGMODCADREM,Removables,Removables
451915,DIGMODCADREM,Removables,SPLINTS
451936,CRNBRUX,C&B,C&B
451936,CRNBRUX,C&B,Brux Porcelain
451936,CRNBRUX,C&B,CAD Mill crown/coping
451936,CRNBRUX,C&B,Die Trim
451936,CRNBRUX,C&B,FINISHING
451936,CRNBRUX,C&B,Invoice and Ship
451936,CRNBRUX,C&B,FIXED MODELS
451936,CRNBRUX,C&B,Scan Abutments
451936,CRNBRUX,C&B,FIXED QC
451936,CRNBRUX,C&B,Sinter
451936,CRNBRUX,C&B,Impl Eval/Set TA
451936,CRNBRUX,C&B,Stain & Glaze
451936,CRNBRUX,C&B,IMPLANTS
451936,CRNBRUX,C&B,Tissue Trim
451936,CRNBRUX,C&B,Outsource Design full contour
451936,CRNZIRCBR,C&B,Brux Porcelain
451936,CRNBRUX,C&B,Scan for crowns
451936,CRNZIRCBR,C&B,C&B
451936,CRNBRUX,C&B,SCHEDULING
451936,CRNZIRCBR,C&B,Die Trim
451936,CRNZIRCBR,C&B,CAD Mill crown/coping
451936,CRNZIRCBR,C&B,FINISHING
451936,CRNZIRCBR,C&B,FIXED MODELS
451936,CRNZIRCBR,C&B,FIXED QC
451936,CRNZIRCBR,C&B,IMPLANTS
451936,CRNZIRCBR,C&B,Impl Eval/Set TA
451936,CRNZIRCBR,C&B,Invoice and Ship
451936,CRNZIRCBR,C&B,Sinter
451936,CRNZIRCBR,C&B,Outsource Design full contour
451936,CRNZIRCBR,C&B,Tissue Trim
451936,CRNZIRCBR,C&B,Scan Abutments
451936,SCREWRETCRN,IMPLANTS,Die Trim
451936,CRNZIRCBR,C&B,Scan for crowns
451936,SCREWRETCRN,IMPLANTS,FIXED MODELS
451936,CRNZIRCBR,C&B,SCHEDULING
451936,SCREWRETCRN,IMPLANTS,Impl Eval/Set TA
451936,CRNZIRCBR,C&B,Stain & Glaze
451936,SCREWRETCRN,IMPLANTS,IMPLANTS
451936,SCREWRETCRN,IMPLANTS,Brux Porcelain
451936,SCREWRETCRN,IMPLANTS,Invoice and Ship
451936,SCREWRETCRN,IMPLANTS,C&B
451936,SCREWRETCRN,IMPLANTS,Outsource Design full contour
451936,SCREWRETCRN,IMPLANTS,CAD Mill crown/coping
451936,SCREWRETCRN,IMPLANTS,Stain & Glaze
451936,SCREWRETCRN,IMPLANTS,FINISHING
451936,SCREWRETCRN,IMPLANTS,Tissue Trim
451936,SCREWRETCRN,IMPLANTS,FIXED QC
451936,SCREWRETCRN,IMPLANTS,Scan Abutments
451936,SCREWRETCRN,IMPLANTS,Scan for crowns
451936,SCREWRETCRN,IMPLANTS,SCHEDULING
451936,SCREWRETCRN,IMPLANTS,Sinter
451429,CRNCS,C&B,BUSOFF
451429,CRNCS,C&B,CUSTSHADE
451429,CRNCS,C&B,C&B
451429,CRNEMAXL,C&B,BUSOFF
451429,CRNCS,C&B,CAD DESIGN
451429,CRNEMAXL,C&B,C&B
451429,CRNCS,C&B,CAD SCANNING
451429,CRNEMAXL,C&B,CAD DESIGN
451429,CRNCS,C&B,DIETRIM
451429,CRNEMAXL,C&B,CAD SCANNING
451429,CRNCS,C&B,FIXED QC
451429,CRNEMAXL,C&B,DIETRIM
451429,CRNCS,C&B,PORCELAIN
451429,CRNEMAXL,C&B,FIXED QC
451429,CRNCS,C&B,SCHEDULING
451429,CRNEMAXL,C&B,PORCELAIN
451429,CRNEMAXL,C&B,CUSTSHADE
451429,CRNEMAXL,C&B,SCHEDULING
451429,INFCONT,MISC,DIETRIM
451429,INFCONT,MISC,BUSOFF
451429,INFCONT,MISC,FIXED QC
451429,INFCONT,MISC,C&B
451429,INFCONT,MISC,SCHEDULING
451429,INFCONT,MISC,CAD DESIGN
451429,INFCONT,MISC,CAD SCANNING
451429,INFCONT,MISC,CUSTSHADE
451429,INFCONT,MISC,PORCELAIN
451962,CRNEZZ,C&B,C&B
451962,CRNEZZ,C&B,Brux Porcelain
451962,CRNEZZ,C&B,CAD Mill crown/coping
451962,CRNEZZ,C&B,Fixed QC
451962,CRNEZZ,C&B,Die Trim
451962,CRNEZZ,C&B,Invoice and Ship
451962,CRNEZZ,C&B,FIXED MODELS
451962,CRNEZZ,C&B,Scan for crowns
451962,CRNEZZ,C&B,Outsource Design full contour
451962,CRNEZZ,C&B,Sinter
451962,CRNEZZ,C&B,SCHEDULING
451962,CRNEZZ,C&B,Stain & Glaze
451904,DENCLASP,Removables,BUSOFF
451904,DENCLASP,Removables,REMQC
451904,DENCLASP,Removables,PRINTING
451904,DIGMODCADREM,Removables,BUSOFF
451904,DENCLASP,Removables,Removables
451904,DIGMODCADREM,Removables,PRINTING
451904,DIGFLIP1-5,PARTIAL,BUSOFF
451904,DIGMODCADREM,Removables,Removables
451904,DIGFLIP1-5,PARTIAL,PRINTING
451904,DIGMODCADREM,Removables,REMQC
451904,DIGFLIP1-5,PARTIAL,Removables
451904,DTARTICA1,Removables,BUSOFF
451904,DIGFLIP1-5,PARTIAL,REMQC
451904,DTARTICA1,Removables,PRINTING
451904,DTARTICA1,Removables,REMQC
451904,DTARTICA1,Removables,Removables
451904,DTARTICP1,Removables,PRINTING
451904,DTARTICP1,Removables,BUSOFF
451904,DTARTICP1,Removables,Removables
451904,DTARTICP1,Removables,REMQC
441714,DIGEZZCRN,C&B,Brux Porcelain
441714,DIGEZZCRN,C&B,FIXED MODELS
441714,DIGEZZCRN,C&B,CAD Mill crown/coping
441714,DIGEZZCRN,C&B,Invoice and Ship
441714,DIGEZZCRN,C&B,Fixed QC
441714,DIGEZZCRN,C&B,Outsource Design full contour
441714,DIGEZZCRN,C&B,SCHEDULING
441714,DIGEZZCRN,C&B,Sinter
441714,DIGEZZCRN,C&B,Stain & Glaze
451805,DENAO4,CHAIRSIDE SERVICES,CHAIRSIDE SERVICES
451805,INFCONT,MISC,CHAIRSIDE SERVICES
451367,,,
449327,DEN2RESET,Removables,Removables
449327,DEN2RESET,Removables,BUSOFF
449327,DEN2RESET,Removables,REMQC
449327,DENDRCALLR,Removables,BUSOFF
449327,DEN2RESET,Removables,SCHEDULING
449327,DENDRCALLR,Removables,Removables
449327,DENDRCALLR,Removables,SCHEDULING
449327,DENDRCALLR,Removables,REMQC
449327,DTMONDA6,Removables,BUSOFF
449327,DTMONDA6,Removables,Removables
449327,DTMONDA6,Removables,REMQC
449327,DTMONDP8,Removables,Removables
449327,DTMONDA6,Removables,SCHEDULING
449327,DTMONDP8,Removables,REMQC
449327,DTMONDP8,Removables,BUSOFF
449327,DTMONDP8,Removables,SCHEDULING
449843,CRNDRCALLN,C&B,BUSOFF
449843,CRNDRCALLN,C&B,CTS
449843,CRNDRCALLN,C&B,C&B
449843,CRNDRCALLN,C&B,FIXED QC
449843,CRNDRCALLN,C&B,SCHEDULING
449843,CRNTEMPA,C&B,BUSOFF
449843,CRNTEMPA,C&B,FIXED QC
449843,CRNTEMPA,C&B,C&B
449843,CRNTEMPA,C&B,CTS
449843,CRNTEMPA,C&B,SCHEDULING
451616,CRNBRUX,C&B,CAD Mill crown/coping
451616,CRNBRUX,C&B,Brux Porcelain
451616,CRNBRUX,C&B,Die Trim
451616,CRNBRUX,C&B,C&B
451616,CRNBRUX,C&B,Outsource Design full contour
451616,CRNBRUX,C&B,FIXED MODELS
451616,CRNBRUX,C&B,FIXED QC
451616,CRNBRUX,C&B,Invoice and Ship
451616,CRNBRUX,C&B,Scan for crowns
451616,CRNBRUX,C&B,SCHEDULING
451616,CRNBRUX,C&B,Sinter
451616,CRNBRUX,C&B,Stain & Glaze
450741,DENPROC,Removables,BUSOFF
450741,DENPROC,Removables,SCHEDULING
450741,DENPROC,Removables,Removables
450741,INFCONT,MISC,Removables
450741,DENPROC,Removables,REMQC
450741,INFCONT,MISC,REMQC
450741,INFCONT,MISC,BUSOFF
450741,INFCONT,MISC,SCHEDULING
451903,CRNEMAXM,C&B,CAD DESIGN
451903,CRNEMAXM,C&B,BUSOFF
451903,CRNEMAXM,C&B,PORCELAIN
451903,CRNEMAXM,C&B,C&B
451903,CRNEMAXM,C&B,CAD SCANNING
451903,CRNEMAXM,C&B,DIETRIM
451903,CRNEMAXM,C&B,FIXED QC
451903,CRNEMAXM,C&B,SCHEDULING
450425,DENFULLEC,Removables,
444525,DIGMODCADREM,Removables,CAD DESIGN
444525,DIGMODCADREM,Removables,BUSOFF
444525,DIGMODCADREM,Removables,Removables
444525,DIGMODCADREM,Removables,IMPLANTS
444525,SGADDSITE,Surgical Guides,CAD DESIGN
444525,DIGMODCADREM,Removables,PRINTING
444525,SGADDSITE,Surgical Guides,IMPLANTS
444525,DIGMODCADREM,Removables,SCHEDULING
444525,SGADDSITE,Surgical Guides,Removables
444525,SGADDSITE,Surgical Guides,BUSOFF
444525,SGSTNTBSKY,Surgical Guides,BUSOFF
444525,SGADDSITE,Surgical Guides,PRINTING
444525,SGSTNTBSKY,Surgical Guides,CAD DESIGN
444525,SGADDSITE,Surgical Guides,SCHEDULING
444525,SGSTNTBSKY,Surgical Guides,IMPLANTS
444525,SGSTNTBSKY,Surgical Guides,Removables
444525,SGSTNTBSKY,Surgical Guides,PRINTING
444525,SGSTNTBSKY,Surgical Guides,SCHEDULING
450528,DENPROC,Removables,Removables
450528,DENPROC,Removables,BUSOFF
450528,INFCONT,MISC,Removables
450528,DENPROC,Removables,REMQC
450528,DENPROC,Removables,SCHEDULING
450528,INFCONT,MISC,BUSOFF
450528,INFCONT,MISC,REMQC
450528,INFCONT,MISC,SCHEDULING
445886,DIGBRUXCRN,C&B,BUSOFF
445886,DIGBRUXCRN,C&B,FIXED QC
445886,DIGBRUXCRN,C&B,C&B
445886,DIGBRUXCRN,C&B,SCHEDULING
445886,DIGBRUXCRN,C&B,CAD DESIGN
445886,DIGBRUXCRN,C&B,SINTER
445886,DIGBRUXCRN,C&B,STAINGLZ
451961,DIGBRUXCRN,C&B,FIXED QC
451961,DIGBRUXCRN,C&B,BUSOFF
451961,DIGBRUXCRN,C&B,SCHEDULING
451961,DIGBRUXCRN,C&B,C&B
451961,DIGBRUXCRN,C&B,SINTER
451961,DIGBRUXCRN,C&B,CAD DESIGN
451961,DIGBRUXCRN,C&B,STAINGLZ
451802,DIGBRUXCRN,C&B,BUILD MODEL
451802,DIGBRUXCRN,C&B,CAD DESIGN
451802,DIGBRUXCRN,C&B,BUSOFF
451802,DIGBRUXCRN,C&B,FIXED MODELS
451802,DIGBRUXCRN,C&B,C&B
451802,DIGBRUXCRN,C&B,SCHEDULING
451802,DIGBRUXCRN,C&B,Fixed QC
451802,DIGBRUXCRN,C&B,SINTER
451802,DIGBRUXCRN,C&B,PRINT STUDY MODELS
451802,DIGBRUXCRN,C&B,STAINGLZ
451802,DIGMODCADFIX,C&B,BUILD MODEL
451802,DIGMODCADFIX,C&B,BUSOFF
451802,DIGMODCADFIX,C&B,CAD DESIGN
451802,DIGMODCADFIX,C&B,C&B
451802,DIGMODCADFIX,C&B,SINTER
451802,DIGMODCADFIX,C&B,FIXED MODELS
451802,DIGMODCADFIX,C&B,STAINGLZ
451802,DIGMODCADFIX,C&B,Fixed QC
451802,DIGMODCADFIX,C&B,PRINT STUDY MODELS
451802,DIGMODCADFIX,C&B,SCHEDULING
451977,DIGBRUXCRN,C&B,BUSOFF
451977,DIGBRUXCRN,C&B,BUILD MODEL
451977,DIGBRUXCRN,C&B,C&B
451977,DIGBRUXCRN,C&B,CAD DESIGN
451977,DIGBRUXCRN,C&B,Fixed QC
451977,DIGBRUXCRN,C&B,FIXED MODELS
451977,DIGBRUXCRN,C&B,SCHEDULING
451977,DIGBRUXCRN,C&B,PRINT STUDY MODELS
451977,DIGBRUXCRN,C&B,STAINGLZ
451977,DIGBRUXCRN,C&B,SINTER
451977,DIGMODCADFIX,C&B,BUILD MODEL
451977,DIGMODCADFIX,C&B,CAD DESIGN
451977,DIGMODCADFIX,C&B,BUSOFF
451977,DIGMODCADFIX,C&B,Fixed QC
451977,DIGMODCADFIX,C&B,C&B
451977,DIGMODCADFIX,C&B,PRINT STUDY MODELS
451977,DIGMODCADFIX,C&B,FIXED MODELS
451977,DIGMODCADFIX,C&B,SCHEDULING
451977,DIGMODCADFIX,C&B,SINTER
451977,DIGMODCADFIX,C&B,STAINGLZ
439239,CRATHERM,SPLINTS,BUSOFF
439239,CRATHERM,SPLINTS,Removables
439239,CRATHERM,SPLINTS,CAD SCANNING
439239,CRATHERM,SPLINTS,REMQC
439239,CRATHERM,SPLINTS,PRINTING
439239,CRATHERM,SPLINTS,SPLINTS
439239,CRATHERM,SPLINTS,SCHEDULING
439239,MODSTOREM,Removables,CAD SCANNING
439239,MODSTOREM,Removables,BUSOFF
439239,MODSTOREM,Removables,SCHEDULING
439239,MODSTOREM,Removables,PRINTING
439239,MODSTOREM,Removables,Removables
439239,MODSTOREM,Removables,REMQC
439239,MODSTOREM,Removables,SPLINTS
451596,CRNBRUX,C&B,C&B
451596,CRNBRUX,C&B,Brux Porcelain
451596,CRNBRUX,C&B,CAD Mill crown/coping
451596,CRNBRUX,C&B,Die Trim
451596,CRNBRUX,C&B,FIXED MODELS
451596,CRNBRUX,C&B,FIXED QC
451596,CRNBRUX,C&B,Invoice and Ship
451596,CRNBRUX,C&B,Scan for crowns
451596,CRNBRUX,C&B,Outsource Design full contour
451596,CRNBRUX,C&B,Sinter
451596,CRNBRUX,C&B,SCHEDULING
451596,CRNBRUX,C&B,Stain & Glaze
451594,CRNBRUX,C&B,C&B
451594,CRNBRUX,C&B,Brux Porcelain
451594,CRNBRUX,C&B,CAD Mill crown/coping
451594,CRNBRUX,C&B,Die Trim
451594,CRNBRUX,C&B,FIXED MODELS
451594,CRNBRUX,C&B,Invoice and Ship
451594,CRNBRUX,C&B,FIXED QC
451594,CRNBRUX,C&B,Sinter
451594,CRNBRUX,C&B,Outsource Design full contour
451594,CRNBRUX,C&B,Stain & Glaze
451594,CRNBRUX,C&B,Scan for crowns
451594,CRNBRUX,C&B,SCHEDULING
451865,CRNCS,C&B,PORCELAIN
451865,CRNCS,C&B,C&B
451865,DIGEMAXVEN,C&B,C&B
451865,CRNCS,C&B,CUSTSHADE
451865,DIGEMAXVEN,C&B,CUSTSHADE
451865,DIGEMAXVEN,C&B,PORCELAIN
451835,CRNBRUX,C&B,CAD Mill crown/coping
451835,CRNBRUX,C&B,Brux Porcelain
451835,CRNBRUX,C&B,Die Trim
451835,CRNBRUX,C&B,C&B
451835,CRNBRUX,C&B,FIXED QC
451835,CRNBRUX,C&B,FIXED MODELS
451835,CRNBRUX,C&B,Invoice and Ship
451835,CRNBRUX,C&B,Sinter
451835,CRNBRUX,C&B,Outsource Design full contour
451835,INFCONT,MISC,C&B
451835,CRNBRUX,C&B,Scan for crowns
451835,INFCONT,MISC,CAD Mill crown/coping
451835,CRNBRUX,C&B,SCHEDULING
451835,INFCONT,MISC,Die Trim
451835,CRNBRUX,C&B,Stain & Glaze
451835,INFCONT,MISC,FIXED MODELS
451835,INFCONT,MISC,Brux Porcelain
451835,INFCONT,MISC,Outsource Design full contour
451835,INFCONT,MISC,FIXED QC
451835,INFCONT,MISC,Invoice and Ship
451835,INFCONT,MISC,Scan for crowns
451835,INFCONT,MISC,SCHEDULING
451835,INFCONT,MISC,Sinter
451835,INFCONT,MISC,Stain & Glaze
451205,DIGANALOG,IMPLANT PT,BUSOFF
451205,DIGANALOG,IMPLANT PT,CAD DESIGN
451205,DIGANALOG,IMPLANT PT,C&B
451205,DIGANALOG,IMPLANT PT,FIXED MODELS
451205,DIGANALOG,IMPLANT PT,FIXED QC
451205,DIGANALOG,IMPLANT PT,Impl Eval/Set TA
451205,DIGANALOG,IMPLANT PT,Scan Abutments
451205,DIGANALOG,IMPLANT PT,IMPLANTS
451205,DIGANALOG,IMPLANT PT,SCHEDULING
451205,DIGANALOG,IMPLANT PT,SINTER
451205,DIGANALOG,IMPLANT PT,STAINGLZ
451205,DIGANALOG,IMPLANT PT,Tissue Trim
451205,DIGBRUXCRN,C&B,BUSOFF
451205,DIGBRUXCRN,C&B,CAD DESIGN
451205,DIGBRUXCRN,C&B,C&B
451205,DIGBRUXCRN,C&B,Scan Abutments
451205,DIGBRUXCRN,C&B,FIXED MODELS
451205,DIGBRUXCRN,C&B,SINTER
451205,DIGBRUXCRN,C&B,FIXED QC
451205,DIGBRUXCRN,C&B,STAINGLZ
451205,DIGBRUXCRN,C&B,Impl Eval/Set TA
451205,DIGBRUXCRN,C&B,Tissue Trim
451205,DIGBRUXCRN,C&B,IMPLANTS
451205,SCREWRETCRN,IMPLANTS,BUSOFF
451205,DIGBRUXCRN,C&B,SCHEDULING
451205,SCREWRETCRN,IMPLANTS,C&B
451205,SCREWRETCRN,IMPLANTS,CAD DESIGN
451205,SCREWRETCRN,IMPLANTS,FIXED QC
451205,SCREWRETCRN,IMPLANTS,FIXED MODELS
451205,SCREWRETCRN,IMPLANTS,Impl Eval/Set TA
451205,SCREWRETCRN,IMPLANTS,SCHEDULING
451205,SCREWRETCRN,IMPLANTS,IMPLANTS
451205,SCREWRETCRN,IMPLANTS,Scan Abutments
451205,SCREWRETCRN,IMPLANTS,SINTER
451205,SCREWRETCRN,IMPLANTS,STAINGLZ
451205,SCREWRETCRN,IMPLANTS,Tissue Trim
451880,CRNBRUX,C&B,FIXED MODELS
451880,CRNBRUX,C&B,Brux Porcelain
451880,CRNBRUX,C&B,Invoice and Ship
451880,CRNBRUX,C&B,C&B
451880,CRNBRUX,C&B,Outsource Design full contour
451880,CRNBRUX,C&B,CAD Mill crown/coping
451880,CRNBRUX,C&B,Stain & Glaze
451880,CRNBRUX,C&B,Die Trim
451880,CRNBRUX,C&B,FIXED QC
451880,CRNBRUX,C&B,Scan for crowns
451880,CRNBRUX,C&B,SCHEDULING
451880,CRNBRUX,C&B,Sinter
451585,CRNBRUX,C&B,Brux Porcelain
451585,CRNBRUX,C&B,C&B
451585,CRNBRUX,C&B,Die Trim
451585,CRNBRUX,C&B,CAD Mill crown/coping
451585,CRNBRUX,C&B,FIXED QC
451585,CRNBRUX,C&B,FIXED MODELS
451585,CRNBRUX,C&B,Invoice and Ship
451585,CRNBRUX,C&B,Outsource Design full contour
451585,CRNBRUX,C&B,Scan for crowns
451585,CRNBRUX,C&B,SCHEDULING
451585,CRNBRUX,C&B,Sinter
451585,CRNBRUX,C&B,Stain & Glaze
451058,DENEVALREM,Removables,BUSOFF
451058,DENEVALREM,Removables,CAD DESIGN
451058,DENEVALREM,Removables,IMPLANTS
451058,DENEVALREM,Removables,Removables
451058,DENEVALREM,Removables,PRINTING
451058,DENEVALREM,Removables,SCHEDULING
451058,SGSTNTBSKY,Surgical Guides,BUSOFF
451058,SGSTNTBSKY,Surgical Guides,CAD DESIGN
451058,SGSTNTBSKY,Surgical Guides,IMPLANTS
451058,SGSTNTBSKY,Surgical Guides,Removables
451058,SGSTNTBSKY,Surgical Guides,PRINTING
451058,SGSTNTBSKY,Surgical Guides,SCHEDULING
451790,DIGBRUXCRN,C&B,BUSOFF
451790,DIGBRUXCRN,C&B,CAD DESIGN
451790,DIGBRUXCRN,C&B,C&B
451790,DIGBRUXCRN,C&B,FIXED QC
451790,DIGBRUXCRN,C&B,SCHEDULING
451790,DIGBRUXCRN,C&B,SINTER
451790,DIGBRUXCRN,C&B,STAINGLZ
449914,DIGBRUXCRN,C&B,
451740,,,
452015,DENCUSTRAY,Removables,Removables
452015,INFCONT,MISC,Removables
451540,CRNBRUX,C&B,C&B
451540,CRNBRUX,C&B,Brux Porcelain
451540,CRNBRUX,C&B,FIXED MODELS
451540,CRNBRUX,C&B,CAD Mill crown/coping
451540,CRNBRUX,C&B,Invoice and Ship
451540,CRNBRUX,C&B,Die Trim
451540,CRNBRUX,C&B,Outsource Design full contour
451540,CRNBRUX,C&B,FIXED QC
451540,CRNBRUX,C&B,Scan for crowns
451540,INFCONT,MISC,Brux Porcelain
451540,CRNBRUX,C&B,SCHEDULING
451540,INFCONT,MISC,CAD Mill crown/coping
451540,CRNBRUX,C&B,Sinter
451540,INFCONT,MISC,FIXED MODELS
451540,CRNBRUX,C&B,Stain & Glaze
451540,INFCONT,MISC,Invoice and Ship
451540,INFCONT,MISC,C&B
451540,INFCONT,MISC,Scan for crowns
451540,INFCONT,MISC,Die Trim
451540,INFCONT,MISC,SCHEDULING
451540,INFCONT,MISC,FIXED QC
451540,INFCONT,MISC,Stain & Glaze
451540,INFCONT,MISC,Outsource Design full contour
451540,INFCONT,MISC,Sinter
452062,DIGEMAXL,C&B,Die Trim
452062,DIGEMAXL,C&B,CAD Mill crown/coping
452062,DIGEMAXL,C&B,Emax mono porcelain
452062,DIGEMAXL,C&B,Fixed QC
452062,DIGEMAXL,C&B,FIXED MODELS
452062,DIGEMAXL,C&B,Invoice and Ship
452062,DIGEMAXL,C&B,Outsource Design full contour
452062,DIGEMAXL,C&B,Scan for crowns
452062,DIGEMAXL,C&B,SCHEDULING
452003,,,
451979,DIGBRUXCRN,C&B,BUSOFF
451979,DIGBRUXCRN,C&B,BUILD MODEL
451979,DIGBRUXCRN,C&B,C&B
451979,DIGBRUXCRN,C&B,CAD DESIGN
451979,DIGBRUXCRN,C&B,FIXED QC
451979,DIGBRUXCRN,C&B,FIXED MODELS
451979,DIGBRUXCRN,C&B,SCHEDULING
451979,DIGBRUXCRN,C&B,PRINT STUDY MODELS
451979,DIGBRUXCRN,C&B,STAINGLZ
451979,DIGBRUXCRN,C&B,SINTER
451979,DIGMODCADFIX,C&B,BUILD MODEL
451979,DIGMODCADFIX,C&B,BUSOFF
451979,DIGMODCADFIX,C&B,FIXED QC
451979,DIGMODCADFIX,C&B,C&B
451979,DIGMODCADFIX,C&B,SINTER
451979,DIGMODCADFIX,C&B,CAD DESIGN
451979,DIGMODCADFIX,C&B,STAINGLZ
451979,DIGMODCADFIX,C&B,FIXED MODELS
451979,DIGMODCADFIX,C&B,PRINT STUDY MODELS
451979,DIGMODCADFIX,C&B,SCHEDULING
451923,DIGBRUXCRN,C&B,BUSOFF
451923,DIGBRUXCRN,C&B,CAD DESIGN
451923,DIGBRUXCRN,C&B,C&B
451923,DIGBRUXCRN,C&B,SCHEDULING
451923,DIGBRUXCRN,C&B,FIXED QC
451923,DIGBRUXCRN,C&B,SINTER
451923,DIGBRUXCRN,C&B,STAINGLZ
452013,CRNBRUX,C&B,C&B
452013,CRNBRUX,C&B,Brux Porcelain
452013,CRNBRUX,C&B,CAD Mill crown/coping
452013,CRNBRUX,C&B,Die Trim
452013,CRNBRUX,C&B,FIXED MODELS
452013,CRNBRUX,C&B,Invoice and Ship
452013,CRNBRUX,C&B,FIXED QC
452013,CRNBRUX,C&B,Sinter
452013,CRNBRUX,C&B,Outsource Design full contour
452013,CRNBRUX,C&B,Stain & Glaze
452013,CRNBRUX,C&B,Scan for crowns
452013,CRNBRUX,C&B,SCHEDULING
450315,DIGBRUXCRN,C&B,
451911,DIGBRUXCRN,C&B,BUSOFF
451911,DIGBRUXCRN,C&B,CAD DESIGN
451911,DIGBRUXCRN,C&B,C&B
451911,DIGBRUXCRN,C&B,SINTER
451911,DIGBRUXCRN,C&B,FIXED QC
451911,DIGBRUXCRN,C&B,SCHEDULING
451911,DIGBRUXCRN,C&B,STAINGLZ
451085,,,
448213,DIGBRUXCRN,C&B,FIXED QC
448213,DIGBRUXCRN,C&B,BUSOFF
448213,DIGBRUXCRN,C&B,SCHEDULING
448213,DIGBRUXCRN,C&B,C&B
448213,DIGBRUXCRN,C&B,SINTER
448213,DIGBRUXCRN,C&B,CAD DESIGN
448213,DIGBRUXCRN,C&B,STAINGLZ
451855,DIGEZZCRN,C&B,Brux Porcelain
451855,DIGEZZCRN,C&B,BUILD MODEL
451855,DIGEZZCRN,C&B,CAD Mill crown/coping
451855,DIGEZZCRN,C&B,FIXED MODELS
451855,DIGEZZCRN,C&B,DIGITAL SCAN REVIEW
451855,DIGEZZCRN,C&B,Invoice and Ship
451855,DIGEZZCRN,C&B,Fixed QC
451855,DIGEZZCRN,C&B,Outsource Design full contour
451855,DIGEZZCRN,C&B,SCHEDULING
451855,DIGEZZCRN,C&B,PRINT STUDY MODELS
451855,DIGMODCADFIX,C&B,Brux Porcelain
451855,DIGEZZCRN,C&B,Sinter
451855,DIGMODCADFIX,C&B,BUILD MODEL
451855,DIGEZZCRN,C&B,Stain & Glaze
451855,DIGMODCADFIX,C&B,Fixed QC
451855,DIGMODCADFIX,C&B,CAD Mill crown/coping
451855,DIGMODCADFIX,C&B,DIGITAL SCAN REVIEW
451855,DIGMODCADFIX,C&B,FIXED MODELS
451855,DIGMODCADFIX,C&B,Invoice and Ship
451855,DIGMODCADFIX,C&B,Outsource Design full contour
451855,DIGMODCADFIX,C&B,PRINT STUDY MODELS
451855,DIGMODCADFIX,C&B,SCHEDULING
451855,DIGMODCADFIX,C&B,Sinter
451855,DIGMODCADFIX,C&B,Stain & Glaze
452080,DIGBRUXCRN,C&B,CAD DESIGN
452080,DIGBRUXCRN,C&B,BUSOFF
452080,DIGBRUXCRN,C&B,SCHEDULING
452080,DIGBRUXCRN,C&B,C&B
452080,DIGBRUXCRN,C&B,SINTER
452080,DIGBRUXCRN,C&B,FIXED QC
452080,DIGBRUXCRN,C&B,STAINGLZ
451339,ART-EVQC-CLSCN,MISC,C&B
451339,ART-EVQC-CLSCN,MISC,Brux Porcelain
451339,ART-EVQC-CLSCN,MISC,CAD Mill crown/coping
451339,ART-EVQC-CLSCN,MISC,FINISHING
451339,ART-EVQC-CLSCN,MISC,Die Trim
451339,ART-EVQC-CLSCN,MISC,Fixed QC
451339,ART-EVQC-CLSCN,MISC,FIXED MODELS
451339,ART-EVQC-CLSCN,MISC,Scan for crowns
451339,ART-EVQC-CLSCN,MISC,Invoice and Ship
451339,ART-EVQC-CLSCN,MISC,SCHEDULING
451339,ART-EVQC-CLSCN,MISC,Outsource Design full contour
451339,ART-EVQC-CLSCN,MISC,Sinter
451339,ART-EVQC-CLSCN,MISC,Stain & Glaze
451339,CRNEZZ,C&B,Brux Porcelain
451339,CRNEZZ,C&B,Die Trim
451339,CRNEZZ,C&B,C&B
451339,CRNEZZ,C&B,FIXED MODELS
451339,CRNEZZ,C&B,CAD Mill crown/coping
451339,CRNEZZ,C&B,Outsource Design full contour
451339,CRNEZZ,C&B,FINISHING
451339,CRNEZZ,C&B,Sinter
451339,CRNEZZ,C&B,Fixed QC
451339,CRNZIRCBR,C&B,Brux Porcelain
451339,CRNEZZ,C&B,Invoice and Ship
451339,CRNZIRCBR,C&B,C&B
451339,CRNEZZ,C&B,Scan for crowns
451339,CRNZIRCBR,C&B,Die Trim
451339,CRNEZZ,C&B,SCHEDULING
451339,CRNZIRCBR,C&B,FINISHING
451339,CRNEZZ,C&B,Stain & Glaze
451339,CRNZIRCBR,C&B,Fixed QC
451339,CRNZIRCBR,C&B,CAD Mill crown/coping
451339,CRNZIRCBR,C&B,FIXED MODELS
451339,CRNZIRCBR,C&B,Invoice and Ship
451339,CRNZIRCBR,C&B,Outsource Design full contour
451339,CRNZIRCBR,C&B,Scan for crowns
451339,CRNZIRCBR,C&B,SCHEDULING
451339,CRNZIRCBR,C&B,Sinter
451339,CRNZIRCBR,C&B,Stain & Glaze
451510,DIGMODCADREM,Removables,REMQC
451510,DIGMODCADREM,Removables,BUSOFF
451510,DIGMODCADREM,Removables,SCHEDULING
451510,DIGMODCADREM,Removables,PARTIAL
451510,PARTIALDUR,PARTIAL,PARTIAL
451510,DIGMODCADREM,Removables,PRINTING
451510,PARTIALDUR,PARTIAL,Removables
451510,DIGMODCADREM,Removables,Removables
451510,PARTIALDUR,PARTIAL,SCHEDULING
451510,PARTIALDUR,PARTIAL,BUSOFF
451510,PARTIALDUR,PARTIAL,PRINTING
451510,PARTIALDUR,PARTIAL,REMQC
451180,INFCONT,MISC,BUSOFF
451180,INFCONT,MISC,CAD DESIGN
451180,INFCONT,MISC,SCHEDULING
451180,INFCONT,MISC,IMPLANTS
451180,MODSTOREM,Removables,CAD DESIGN
451180,INFCONT,MISC,PRINTING
451180,MODSTOREM,Removables,SCHEDULING
451180,INFCONT,MISC,Removables
451180,SGSTNTBSKY,Surgical Guides,CAD DESIGN
451180,MODSTOREM,Removables,BUSOFF
451180,SGSTNTBSKY,Surgical Guides,Removables
451180,MODSTOREM,Removables,IMPLANTS
451180,MODSTOREM,Removables,PRINTING
451180,MODSTOREM,Removables,Removables
451180,SGSTNTBSKY,Surgical Guides,BUSOFF
451180,SGSTNTBSKY,Surgical Guides,IMPLANTS
451180,SGSTNTBSKY,Surgical Guides,PRINTING
451180,SGSTNTBSKY,Surgical Guides,SCHEDULING
451624,DENREPCOM,Removables,BUSOFF
451624,DENREPCOM,Removables,REMQC
451624,DENREPCOM,Removables,Removables
451624,DENREPCOM,Removables,SCHEDULING
451624,DTMONDA1,Removables,Removables
451624,DTMONDA1,Removables,BUSOFF
451624,DTMONDA1,Removables,REMQC
451624,DTMONDA1,Removables,SCHEDULING
451382,MODSTOREM,Removables,BUSOFF
451382,MODSTOREM,Removables,PARTIAL
451382,MODSTOREM,Removables,OUTSRCBUS
451382,PARTIALUNI,PARTIAL,OUTSRCBUS
451382,MODSTOREM,Removables,Removables
451382,PARTIALUNI,PARTIAL,Removables
451382,MODSTOREM,Removables,REMQC
451382,MODSTOREM,Removables,SCHEDULING
451382,PARTIALUNI,PARTIAL,BUSOFF
451382,PARTIALUNI,PARTIAL,PARTIAL
451382,PARTIALUNI,PARTIAL,REMQC
451382,PARTIALUNI,PARTIAL,SCHEDULING
450952,,,
451400,CRNBRUX,C&B,Brux Porcelain
451400,CRNBRUX,C&B,C&B
451400,CRNBRUX,C&B,CAD DESIGN
451400,CRNBRUX,C&B,CAD Mill crown/coping
451400,CRNBRUX,C&B,Die Trim
451400,CRNBRUX,C&B,CAD SCANNING
451400,CRNBRUX,C&B,FIXED QC
451400,CRNBRUX,C&B,FIXED MODELS
451400,CRNBRUX,C&B,Scan for crowns
451400,CRNBRUX,C&B,IMPLANTS
451400,CRNBRUX,C&B,SCHEDULING
451400,CRNBRUX,C&B,Invoice and Ship
451400,CRNBRUX,C&B,Sinter
451400,CRNBRUX,C&B,Outsource Design full contour
451400,DELIVERY,DELIVERY,Brux Porcelain
451400,CRNBRUX,C&B,Stain & Glaze
451400,DELIVERY,DELIVERY,Die Trim
451400,DELIVERY,DELIVERY,C&B
451400,DELIVERY,DELIVERY,FIXED MODELS
451400,DELIVERY,DELIVERY,CAD DESIGN
451400,DELIVERY,DELIVERY,Sinter
451400,DELIVERY,DELIVERY,CAD Mill crown/coping
451400,INFCONT,MISC,CAD DESIGN
451400,DELIVERY,DELIVERY,CAD SCANNING
451400,INFCONT,MISC,CAD Mill crown/coping
451400,DELIVERY,DELIVERY,FIXED QC
451400,INFCONT,MISC,FIXED MODELS
451400,DELIVERY,DELIVERY,IMPLANTS
451400,INFCONT,MISC,IMPLANTS
451400,DELIVERY,DELIVERY,Invoice and Ship
451400,INFCONT,MISC,Invoice and Ship
451400,DELIVERY,DELIVERY,Outsource Design full contour
451400,INFCONT,MISC,Outsource Design full contour
451400,DELIVERY,DELIVERY,Scan for crowns
451400,INFCONT,MISC,Scan for crowns
451400,DELIVERY,DELIVERY,SCHEDULING
451400,INFCONT,MISC,SCHEDULING
451400,DELIVERY,DELIVERY,Stain & Glaze
451400,INFCONT,MISC,Stain & Glaze
451400,INFCONT,MISC,Brux Porcelain
451400,INFCONT,MISC,C&B
451400,INFCONT,MISC,CAD SCANNING
451400,INFCONT,MISC,Die Trim
451400,INFCONT,MISC,FIXED QC
451400,INFCONT,MISC,Sinter
451876,CRNEZZ,C&B,Die Trim
451876,CRNEZZ,C&B,Brux Porcelain
451876,CRNEZZ,C&B,FIXED MODELS
451876,CRNEZZ,C&B,C&B
451876,CRNEZZ,C&B,Outsource Design full contour
451876,CRNEZZ,C&B,CAD Mill crown/coping
451876,INFCONT,MISC,C&B
451876,CRNEZZ,C&B,Fixed QC
451876,INFCONT,MISC,CAD Mill crown/coping
451876,CRNEZZ,C&B,Invoice and Ship
451876,INFCONT,MISC,FIXED MODELS
451876,CRNEZZ,C&B,Scan for crowns
451876,INFCONT,MISC,Invoice and Ship
451876,CRNEZZ,C&B,SCHEDULING
451876,INFCONT,MISC,Outsource Design full contour
451876,CRNEZZ,C&B,Sinter
451876,INFCONT,MISC,SCHEDULING
451876,CRNEZZ,C&B,Stain & Glaze
451876,INFCONT,MISC,Stain & Glaze
451876,INFCONT,MISC,Brux Porcelain
451876,INFCONT,MISC,Die Trim
451876,INFCONT,MISC,Fixed QC
451876,INFCONT,MISC,Scan for crowns
451876,INFCONT,MISC,Sinter
451770,CRNBRUX,C&B,Brux Porcelain
451770,CRNBRUX,C&B,C&B
451770,CRNBRUX,C&B,CAD Mill crown/coping
451770,CRNBRUX,C&B,Die Trim
451770,CRNBRUX,C&B,FIXED MODELS
451770,CRNBRUX,C&B,Outsource Design full contour
451770,CRNBRUX,C&B,FIXED QC
451770,CRNBRUX,C&B,Invoice and Ship
451770,CRNBRUX,C&B,Scan for crowns
451770,CRNBRUX,C&B,SCHEDULING
451770,CRNBRUX,C&B,Sinter
451770,CRNBRUX,C&B,Stain & Glaze
447638,,,
451747,DEN2RESET,Removables,REMQC
451747,DEN2RESET,Removables,BUSOFF
451747,DEN2RESET,Removables,SCHEDULING
451747,DEN2RESET,Removables,Removables
451747,INFCONT,MISC,BUSOFF
451747,INFCONT,MISC,Removables
451747,INFCONT,MISC,REMQC
451747,MODSTOREM,Removables,BUSOFF
451747,INFCONT,MISC,SCHEDULING
451747,MODSTOREM,Removables,Removables
451747,MODSTOREM,Removables,REMQC
451747,MODSTOREM,Removables,SCHEDULING
452058,DIGLAYCRN,C&B,BUSOFF
452058,DIGLAYCRN,C&B,BUILD MODEL
452058,DIGLAYCRN,C&B,C&B
452058,DIGLAYCRN,C&B,CAD DESIGN
452058,DIGLAYCRN,C&B,Fixed QC
452058,DIGLAYCRN,C&B,FIXED MODELS
452058,DIGLAYCRN,C&B,SCHEDULING
452058,DIGLAYCRN,C&B,PRINT STUDY MODELS
452058,DIGLAYCRN,C&B,SINTER
452058,DIGMODCADFIX,C&B,BUILD MODEL
452058,DIGLAYCRN,C&B,STAINGLZ
452058,DIGMODCADFIX,C&B,PRINT STUDY MODELS
452058,DIGMODCADFIX,C&B,BUSOFF
452058,DIGMODCADFIX,C&B,SINTER
452058,DIGMODCADFIX,C&B,C&B
452058,DIGMODCADFIX,C&B,STAINGLZ
452058,DIGMODCADFIX,C&B,CAD DESIGN
452058,DIGMODCADFIX,C&B,FIXED MODELS
452058,DIGMODCADFIX,C&B,Fixed QC
452058,DIGMODCADFIX,C&B,SCHEDULING
449260,,,
451831,DIGCRAHARD,SPLINTS,PRINTING
451831,DIGCRAHARD,SPLINTS,
451831,DIGCRAHARD,SPLINTS,Removables
451831,DIGCRAHARD,SPLINTS,BUSOFF
451831,DIGCRAHARD,SPLINTS,SCHEDULING
451831,DIGMODCADREM,Removables,
451831,DIGMODCADREM,Removables,BUSOFF
451831,DIGMODCADREM,Removables,Removables
451831,DIGMODCADREM,Removables,PRINTING
451831,DIGMODCADREM,Removables,SCHEDULING
448243,DIGDRCLCRN,C&B,CTS
448243,DIGDRCLCRN,C&B,BUSOFF
448243,DIGDRCLCRN,C&B,C&B
448243,DIGDRCLCRN,C&B,SCHEDULING
451933,CRNZILAYA,C&B,BUSOFF
451933,CRNZILAYA,C&B,CAD DESIGN
451933,CRNZILAYA,C&B,C&B
451933,CRNZILAYA,C&B,CAD SCANNING
451933,CRNZILAYA,C&B,DIETRIM
451933,CRNZILAYA,C&B,FIXED QC
451933,CRNZILAYA,C&B,SCHEDULING
451933,CRNZILAYA,C&B,SINTER
451933,CRNZILAYA,C&B,STAINGLZ
451671,CRADUAL,SPLINTS,BUSOFF
451671,CRADUAL,SPLINTS,PROCSPLINT
451671,CRADUAL,SPLINTS,SCHEDULING
451671,CRADUAL,SPLINTS,SPLINTS
451671,DELIVERY,DELIVERY,BUSOFF
451671,DELIVERY,DELIVERY,PROCSPLINT
451671,DELIVERY,DELIVERY,SPLINTS
451671,DELIVERY,DELIVERY,SCHEDULING
451671,INFCONT,MISC,PROCSPLINT
451671,INFCONT,MISC,BUSOFF
451671,INFCONT,MISC,SPLINTS
451671,INFCONT,MISC,SCHEDULING
452047,DIGBRUXCRN,C&B,BUSOFF
452047,DIGBRUXCRN,C&B,CAD DESIGN
452047,DIGBRUXCRN,C&B,C&B
452047,DIGBRUXCRN,C&B,FIXED QC
452047,DIGBRUXCRN,C&B,SCHEDULING
452047,DIGBRUXCRN,C&B,SINTER
452047,DIGBRUXCRN,C&B,STAINGLZ
448260,PARTIALDUR,PARTIAL,
451273,DIGANALOG,IMPLANT PT,CAD DESIGN
451273,DIGANALOG,IMPLANT PT,BUSOFF
451273,DIGANALOG,IMPLANT PT,FIXED QC
451273,DIGANALOG,IMPLANT PT,C&B
451273,DIGANALOG,IMPLANT PT,SINTER
451273,DIGANALOG,IMPLANT PT,CAD SCANNING
451273,DIGANALOG,IMPLANT PT,STAINGLZ
451273,DIGANALOG,IMPLANT PT,DIETRIM
451273,DIGBRUXCRN,C&B,CAD DESIGN
451273,DIGANALOG,IMPLANT PT,IMPLANTS
451273,DIGBRUXCRN,C&B,FIXED QC
451273,DIGANALOG,IMPLANT PT,SCHEDULING
451273,DIGBRUXCRN,C&B,SCHEDULING
451273,DIGBRUXCRN,C&B,BUSOFF
451273,DIGBRUXCRN,C&B,SINTER
451273,DIGBRUXCRN,C&B,C&B
451273,DIGBRUXCRN,C&B,STAINGLZ
451273,DIGBRUXCRN,C&B,CAD SCANNING
451273,TIABUT,IMPLANTS,CAD DESIGN
451273,DIGBRUXCRN,C&B,DIETRIM
451273,TIABUT,IMPLANTS,DIETRIM
451273,DIGBRUXCRN,C&B,IMPLANTS
451273,TIABUT,IMPLANTS,SINTER
451273,TIABUT,IMPLANTS,BUSOFF
451273,TIABUT,IMPLANTS,C&B
451273,TIABUT,IMPLANTS,CAD SCANNING
451273,TIABUT,IMPLANTS,FIXED QC
451273,TIABUT,IMPLANTS,IMPLANTS
451273,TIABUT,IMPLANTS,SCHEDULING
451273,TIABUT,IMPLANTS,STAINGLZ
451316,,,
446146,DIGBRUXCRN,C&B,BUSOFF
446146,DIGBRUXCRN,C&B,CAD DESIGN
446146,DIGBRUXCRN,C&B,C&B
446146,DIGBRUXCRN,C&B,SINTER
446146,DIGBRUXCRN,C&B,FIXED QC
446146,DIGBRUXCRN,C&B,STAINGLZ
446146,DIGBRUXCRN,C&B,SCHEDULING
439461,ART-EVQC-CLSCN,MISC,BUSOFF
439461,DIGBRUXCRN,C&B,CAD DESIGN
439461,ART-EVQC-CLSCN,MISC,C&B
439461,DIGBRUXCRN,C&B,SCHEDULING
439461,ART-EVQC-CLSCN,MISC,CAD DESIGN
439461,ART-EVQC-CLSCN,MISC,FIXED QC
439461,ART-EVQC-CLSCN,MISC,SCHEDULING
439461,ART-EVQC-CLSCN,MISC,SINTER
439461,ART-EVQC-CLSCN,MISC,STAINGLZ
439461,DIGBRUXCRN,C&B,BUSOFF
439461,DIGBRUXCRN,C&B,C&B
439461,DIGBRUXCRN,C&B,FIXED QC
439461,DIGBRUXCRN,C&B,SINTER
439461,DIGBRUXCRN,C&B,STAINGLZ
451148,,,
451723,DIGBRUXCRN,C&B,CAD DESIGN
451723,DIGBRUXCRN,C&B,BUSOFF
451723,DIGBRUXCRN,C&B,SINTER
451723,DIGBRUXCRN,C&B,C&B
451723,DIGBRUXCRN,C&B,STAINGLZ
451723,DIGBRUXCRN,C&B,FIXED QC
451723,DIGBRUXCRN,C&B,SCHEDULING
448218,DIGBRUXCRN,C&B,CAD DESIGN
448218,DIGBRUXCRN,C&B,BUSOFF
448218,DIGBRUXCRN,C&B,SINTER
448218,DIGBRUXCRN,C&B,C&B
448218,DIGBRUXCRN,C&B,FIXED QC
448218,DIGBRUXCRN,C&B,SCHEDULING
448218,DIGBRUXCRN,C&B,STAINGLZ
450795,CRNZIRCBR,C&B,Brux Porcelain
450795,CRNZIRCBR,C&B,CAD Mill crown/coping
450795,CRNZIRCBR,C&B,FINISHING
450795,CRNZIRCBR,C&B,FIXED MODELS
450795,CRNZIRCBR,C&B,Fixed QC
450795,CRNZIRCBR,C&B,Invoice and Ship
450795,CRNZIRCBR,C&B,SCHEDULING
450795,CRNZIRCBR,C&B,Outsource Design full contour
450795,CRNZIRCBR,C&B,Sinter
450795,CRNZIRCBR,C&B,Stain & Glaze
450795,DIGEZZCRN,C&B,CAD Mill crown/coping
450795,DIGEZZCRN,C&B,Brux Porcelain
450795,DIGEZZCRN,C&B,FINISHING
450795,DIGEZZCRN,C&B,FIXED MODELS
450795,DIGEZZCRN,C&B,Fixed QC
450795,DIGEZZCRN,C&B,Sinter
450795,DIGEZZCRN,C&B,Invoice and Ship
450795,DIGEZZCRN,C&B,Outsource Design full contour
450795,DIGEZZCRN,C&B,SCHEDULING
450795,DIGEZZCRN,C&B,Stain & Glaze
451421,BIOSR,IMPLANTS,FIXED QC
451421,BIOSR,IMPLANTS,BUSOFF
451421,BIOSR,IMPLANTS,Scan Abutments
451421,BIOSR,IMPLANTS,C&B
451421,BIOSR,IMPLANTS,SCHEDULING
451421,BIOSR,IMPLANTS,CAD DESIGN
451421,BIOSR,IMPLANTS,SINTER
451421,BIOSR,IMPLANTS,FIXED MODELS
451421,BIOSR,IMPLANTS,STAINGLZ
451421,BIOSR,IMPLANTS,Impl Eval/Set TA
451421,DIGANALOG,IMPLANT PT,BUSOFF
451421,BIOSR,IMPLANTS,Tissue Trim
451421,DIGANALOG,IMPLANT PT,C&B
451421,DIGANALOG,IMPLANT PT,Impl Eval/Set TA
451421,DIGANALOG,IMPLANT PT,CAD DESIGN
451421,DIGANALOG,IMPLANT PT,Scan Abutments
451421,DIGANALOG,IMPLANT PT,FIXED MODELS
451421,DIGANALOG,IMPLANT PT,SINTER
451421,DIGANALOG,IMPLANT PT,FIXED QC
451421,DIGANALOG,IMPLANT PT,STAINGLZ
451421,DIGANALOG,IMPLANT PT,SCHEDULING
451421,DIGANALOG,IMPLANT PT,Tissue Trim
451421,DIGBRUXCRN,C&B,BUSOFF
451421,DIGBRUXCRN,C&B,CAD DESIGN
451421,DIGBRUXCRN,C&B,C&B
451421,DIGBRUXCRN,C&B,FIXED QC
451421,DIGBRUXCRN,C&B,FIXED MODELS
451421,DIGBRUXCRN,C&B,Scan Abutments
451421,DIGBRUXCRN,C&B,Impl Eval/Set TA
451421,DIGBRUXCRN,C&B,SINTER
451421,DIGBRUXCRN,C&B,SCHEDULING
451421,DIGBRUXCRN,C&B,STAINGLZ
451421,DIGBRUXCRN,C&B,Tissue Trim
451827,CRNBRUX,C&B,Die Trim
451827,CRNBRUX,C&B,Brux Porcelain
451827,CRNBRUX,C&B,Outsource Design full contour
451827,CRNBRUX,C&B,C&B
451827,CRNBRUX,C&B,CAD Mill crown/coping
451827,CRNBRUX,C&B,FIXED MODELS
451827,CRNBRUX,C&B,FIXED QC
451827,CRNBRUX,C&B,Invoice and Ship
451827,CRNBRUX,C&B,Scan for crowns
451827,CRNBRUX,C&B,SCHEDULING
451827,CRNBRUX,C&B,Sinter
451827,CRNBRUX,C&B,Stain & Glaze
451913,DIGBRUXCRN,C&B,CAD DESIGN
451913,DIGBRUXCRN,C&B,BUSOFF
451913,DIGBRUXCRN,C&B,SCHEDULING
451913,DIGBRUXCRN,C&B,C&B
451913,DIGBRUXCRN,C&B,SINTER
451913,DIGBRUXCRN,C&B,FIXED QC
451913,DIGBRUXCRN,C&B,STAINGLZ
451785,DIGBRUXCRN,C&B,CAD DESIGN
451785,DIGBRUXCRN,C&B,BUILD MODEL
451785,DIGBRUXCRN,C&B,FIXED MODELS
451785,DIGBRUXCRN,C&B,BUSOFF
451785,DIGBRUXCRN,C&B,SCHEDULING
451785,DIGBRUXCRN,C&B,C&B
451785,DIGBRUXCRN,C&B,STAINGLZ
451785,DIGBRUXCRN,C&B,FIXED QC
451785,DIGMODCADFIX,C&B,BUSOFF
451785,DIGBRUXCRN,C&B,PRINT STUDY MODELS
451785,DIGMODCADFIX,C&B,C&B
451785,DIGBRUXCRN,C&B,SINTER
451785,DIGMODCADFIX,C&B,FIXED MODELS
451785,DIGMODCADFIX,C&B,BUILD MODEL
451785,DIGMODCADFIX,C&B,PRINT STUDY MODELS
451785,DIGMODCADFIX,C&B,CAD DESIGN
451785,DIGMODCADFIX,C&B,SCHEDULING
451785,DIGMODCADFIX,C&B,FIXED QC
451785,DIGMODCADFIX,C&B,SINTER
451785,DIGMODCADFIX,C&B,STAINGLZ
451836,CRAHSC,SPLINTS,BUSOFF
451836,CRAHSC,SPLINTS,PRINTING
451836,CRAHSC,SPLINTS,SCHEDULING
451836,CRAHSC,SPLINTS,Removables
451836,DIGMODCADREM,Removables,BUSOFF
451836,CRAHSC,SPLINTS,SPLINTS
451836,DIGMODCADREM,Removables,PRINTING
451836,DIGMODCADREM,Removables,SCHEDULING
451836,DIGMODCADREM,Removables,Removables
451836,DIGMODCADREM,Removables,SPLINTS
447708,DENDRCALLR,Removables,Removables
447708,DENDRCALLR,Removables,BUSOFF
447708,DENEVALREM,Removables,Removables
447708,DENDRCALLR,Removables,REMQC
447708,DENEVALREM,Removables,REMQC
447708,DENDRCALLR,Removables,SCHEDULING
447708,DENEVALREM,Removables,BUSOFF
447708,DENEVALREM,Removables,SCHEDULING
452048,ART-EVQC-CLDD,MISC,CAD DESIGN
452048,ART-EVQC-CLDD,MISC,BUSOFF
452048,ART-EVQC-CLDD,MISC,SINTER
452048,ART-EVQC-CLDD,MISC,C&B
452048,DIGBRUXCRN,C&B,BUSOFF
452048,ART-EVQC-CLDD,MISC,FIXED QC
452048,DIGBRUXCRN,C&B,C&B
452048,ART-EVQC-CLDD,MISC,SCHEDULING
452048,DIGBRUXCRN,C&B,FIXED QC
452048,ART-EVQC-CLDD,MISC,STAINGLZ
452048,DIGBRUXCRN,C&B,SINTER
452048,DIGBRUXCRN,C&B,CAD DESIGN
452048,DIGBRUXCRN,C&B,STAINGLZ
452048,DIGBRUXCRN,C&B,SCHEDULING
451804,DIGBRUXCRN,C&B,FIXED QC
451804,DIGBRUXCRN,C&B,BUSOFF
451804,DIGBRUXCRN,C&B,SCHEDULING
451804,DIGBRUXCRN,C&B,C&B
451804,DIGBRUXCRN,C&B,SINTER
451804,DIGBRUXCRN,C&B,CAD DESIGN
451804,DIGBRUXCRN,C&B,STAINGLZ
451998,CRNCS,C&B,C&B
451998,CRNCS,C&B,Brux Porcelain
451998,CRNCS,C&B,CAD Mill crown/coping
451998,CRNCS,C&B,CUSTSHADE
451998,CRNCS,C&B,Die Trim
451998,CRNCS,C&B,Fixed QC
451998,CRNCS,C&B,FIXED MODELS
451998,CRNCS,C&B,Invoice and Ship
451998,CRNCS,C&B,Outsource Design full contour
451998,CRNCS,C&B,PORCELAIN
451998,CRNCS,C&B,Scan for crowns
451998,CRNCS,C&B,Sinter
451998,CRNCS,C&B,SCHEDULING
451998,CRNCS,C&B,Stain & Glaze
451998,CRNEZZ,C&B,C&B
451998,CRNEZZ,C&B,Brux Porcelain
451998,CRNEZZ,C&B,CAD Mill crown/coping
451998,CRNEZZ,C&B,CUSTSHADE
451998,CRNEZZ,C&B,Die Trim
451998,CRNEZZ,C&B,FIXED MODELS
451998,CRNEZZ,C&B,Fixed QC
451998,CRNEZZ,C&B,Invoice and Ship
451998,CRNEZZ,C&B,Outsource Design full contour
451998,CRNEZZ,C&B,PORCELAIN
451998,CRNEZZ,C&B,Scan for crowns
451998,CRNEZZ,C&B,Sinter
451998,CRNEZZ,C&B,SCHEDULING
451998,CRNEZZ,C&B,Stain & Glaze
451007,DELIVERY,DELIVERY,
449265,,,
451900,CRNBRUX,C&B,Brux Porcelain
451900,CRNBRUX,C&B,C&B
451900,CRNBRUX,C&B,FIXED QC
451900,CRNBRUX,C&B,CAD Mill crown/coping
451900,CRNBRUX,C&B,Invoice and Ship
451900,CRNBRUX,C&B,Die Trim
451900,CRNBRUX,C&B,Scan for crowns
451900,CRNBRUX,C&B,FIXED MODELS
451900,CRNBRUX,C&B,Sinter
451900,CRNBRUX,C&B,Outsource Design full contour
451900,CRNBRUX,C&B,Stain & Glaze
451900,CRNBRUX,C&B,SCHEDULING
451617,CRNBRUX,C&B,Brux Porcelain
451617,CRNBRUX,C&B,FIXED MODELS
451617,CRNBRUX,C&B,C&B
451617,CRNBRUX,C&B,IMPLANTS
451617,CRNBRUX,C&B,CAD Mill crown/coping
451617,CRNBRUX,C&B,Invoice and Ship
451617,CRNBRUX,C&B,Die Trim
451617,CRNBRUX,C&B,Outsource Design full contour
451617,CRNBRUX,C&B,FIXED QC
451617,CRNBRUX,C&B,Scan Abutments
451617,CRNBRUX,C&B,Impl Eval/Set TA
451617,CRNBRUX,C&B,Scan for crowns
451617,CRNBRUX,C&B,Sinter
451617,CRNBRUX,C&B,SCHEDULING
451617,CRNBRUX,C&B,Tissue Trim
451617,CRNBRUX,C&B,Stain & Glaze
451617,INFCONT,MISC,Brux Porcelain
451617,INFCONT,MISC,C&B
451617,INFCONT,MISC,CAD Mill crown/coping
451617,INFCONT,MISC,FIXED MODELS
451617,INFCONT,MISC,Die Trim
451617,INFCONT,MISC,IMPLANTS
451617,INFCONT,MISC,FIXED QC
451617,INFCONT,MISC,Invoice and Ship
451617,INFCONT,MISC,Impl Eval/Set TA
451617,INFCONT,MISC,Outsource Design full contour
451617,INFCONT,MISC,SCHEDULING
451617,INFCONT,MISC,Scan Abutments
451617,SCREWRETCRN,IMPLANTS,Brux Porcelain
451617,INFCONT,MISC,Scan for crowns
451617,SCREWRETCRN,IMPLANTS,Die Trim
451617,INFCONT,MISC,Sinter
451617,SCREWRETCRN,IMPLANTS,FIXED QC
451617,INFCONT,MISC,Stain & Glaze
451617,SCREWRETCRN,IMPLANTS,Impl Eval/Set TA
451617,INFCONT,MISC,Tissue Trim
451617,SCREWRETCRN,IMPLANTS,Scan for crowns
451617,SCREWRETCRN,IMPLANTS,C&B
451617,SCREWRETCRN,IMPLANTS,SCHEDULING
451617,SCREWRETCRN,IMPLANTS,CAD Mill crown/coping
451617,SCREWRETCRN,IMPLANTS,Sinter
451617,SCREWRETCRN,IMPLANTS,FIXED MODELS
451617,SCREWRETCRN,IMPLANTS,Tissue Trim
451617,SCREWRETCRN,IMPLANTS,IMPLANTS
451617,SCREWRETCRN,IMPLANTS,Invoice and Ship
451617,SCREWRETCRN,IMPLANTS,Outsource Design full contour
451617,SCREWRETCRN,IMPLANTS,Scan Abutments
451617,SCREWRETCRN,IMPLANTS,Stain & Glaze
451735,CRNEZZ,C&B,C&B
451735,CRNEZZ,C&B,Brux Porcelain
451735,CRNEZZ,C&B,CAD Mill crown/coping
451735,CRNEZZ,C&B,Die Trim
451735,CRNEZZ,C&B,FIXED MODELS
451735,CRNEZZ,C&B,Invoice and Ship
451735,CRNEZZ,C&B,Fixed QC
451735,CRNEZZ,C&B,SCHEDULING
451735,CRNEZZ,C&B,Outsource Design full contour
451735,CRNEZZ,C&B,Sinter
451735,CRNEZZ,C&B,Scan for crowns
451735,CRNEZZ,C&B,Stain & Glaze
451735,INFCONT,MISC,C&B
451735,INFCONT,MISC,Brux Porcelain
451735,INFCONT,MISC,Die Trim
451735,INFCONT,MISC,CAD Mill crown/coping
451735,INFCONT,MISC,Outsource Design full contour
451735,INFCONT,MISC,FIXED MODELS
451735,INFCONT,MISC,Fixed QC
451735,INFCONT,MISC,Invoice and Ship
451735,INFCONT,MISC,Scan for crowns
451735,INFCONT,MISC,SCHEDULING
451735,INFCONT,MISC,Sinter
451735,INFCONT,MISC,Stain & Glaze
452025,DIGLAYCRN,C&B,BUSOFF
452025,DIGLAYCRN,C&B,BUILD MODEL
452025,DIGLAYCRN,C&B,C&B
452025,DIGLAYCRN,C&B,CAD DESIGN
452025,DIGLAYCRN,C&B,FIXED MODELS
452025,DIGLAYCRN,C&B,SINTER
452025,DIGLAYCRN,C&B,FIXED QC
452025,DIGLAYCRN,C&B,STAINGLZ
452025,DIGLAYCRN,C&B,PRINT STUDY MODELS
452025,DIGMODCADFIX,C&B,BUILD MODEL
452025,DIGLAYCRN,C&B,SCHEDULING
452025,DIGMODCADFIX,C&B,CAD DESIGN
452025,DIGMODCADFIX,C&B,BUSOFF
452025,DIGMODCADFIX,C&B,FIXED QC
452025,DIGMODCADFIX,C&B,C&B
452025,DIGMODCADFIX,C&B,SCHEDULING
452025,DIGMODCADFIX,C&B,FIXED MODELS
452025,DIGMODCADFIX,C&B,SINTER
452025,DIGMODCADFIX,C&B,PRINT STUDY MODELS
452025,DIGMODCADFIX,C&B,STAINGLZ
448641,CRNCS,C&B,BUSOFF
448641,CRNCS,C&B,Brux Porcelain
448641,CRNCS,C&B,CAD Mill crown/coping
448641,CRNCS,C&B,CUSTSHADE
448641,CRNCS,C&B,FINISHING
448641,CRNCS,C&B,DIETRIM
448641,CRNCS,C&B,FIXED MODELS
448641,CRNCS,C&B,FIXED QC
448641,CRNCS,C&B,Outsource Design full contour
448641,CRNCS,C&B,PORCELAIN
448641,CRNCS,C&B,SCHEDULING
448641,CRNCS,C&B,Sinter
448641,CRNCS,C&B,Stain & Glaze
448641,CRNCS,C&B,WAX
448641,CRNMLBDGWG,C&B,Brux Porcelain
448641,CRNMLBDGWG,C&B,BUSOFF
448641,CRNMLBDGWG,C&B,CUSTSHADE
448641,CRNMLBDGWG,C&B,CAD Mill crown/coping
448641,CRNMLBDGWG,C&B,Sinter
448641,CRNMLBDGWG,C&B,DIETRIM
448641,CRNMLBDGWG,C&B,WAX
448641,CRNMLBDGWG,C&B,FINISHING
448641,CRNMLBETCH,C&B,BUSOFF
448641,CRNMLBDGWG,C&B,FIXED MODELS
448641,CRNMLBETCH,C&B,CAD Mill crown/coping
448641,CRNMLBDGWG,C&B,FIXED QC
448641,CRNMLBETCH,C&B,DIETRIM
448641,CRNMLBDGWG,C&B,Outsource Design full contour
448641,CRNMLBETCH,C&B,FINISHING
448641,CRNMLBDGWG,C&B,PORCELAIN
448641,CRNMLBETCH,C&B,FIXED MODELS
448641,CRNMLBDGWG,C&B,SCHEDULING
448641,CRNMLBETCH,C&B,Outsource Design full contour
448641,CRNMLBDGWG,C&B,Stain & Glaze
448641,CRNMLBETCH,C&B,PORCELAIN
448641,CRNMLBETCH,C&B,Brux Porcelain
448641,CRNMLBETCH,C&B,SCHEDULING
448641,CRNMLBETCH,C&B,CUSTSHADE
448641,CRNZIRCBR,C&B,BUSOFF
448641,CRNMLBETCH,C&B,FIXED QC
448641,CRNZIRCBR,C&B,CAD Mill crown/coping
448641,CRNMLBETCH,C&B,Sinter
448641,CRNZIRCBR,C&B,DIETRIM
448641,CRNMLBETCH,C&B,Stain & Glaze
448641,CRNZIRCBR,C&B,FINISHING
448641,CRNMLBETCH,C&B,WAX
448641,CRNZIRCBR,C&B,FIXED QC
448641,CRNZIRCBR,C&B,Brux Porcelain
448641,CRNZIRCBR,C&B,SCHEDULING
448641,CRNZIRCBR,C&B,CUSTSHADE
448641,CRNZIRCBR,C&B,Stain & Glaze
448641,CRNZIRCBR,C&B,FIXED MODELS
448641,DIGEZZCRN,C&B,Brux Porcelain
448641,CRNZIRCBR,C&B,Outsource Design full contour
448641,DIGEZZCRN,C&B,DIETRIM
448641,CRNZIRCBR,C&B,PORCELAIN
448641,DIGEZZCRN,C&B,FINISHING
448641,CRNZIRCBR,C&B,Sinter
448641,DIGEZZCRN,C&B,FIXED QC
448641,CRNZIRCBR,C&B,WAX
448641,DIGEZZCRN,C&B,PORCELAIN
448641,DIGEZZCRN,C&B,BUSOFF
448641,DIGEZZCRN,C&B,WAX
448641,DIGEZZCRN,C&B,CAD Mill crown/coping
448641,DIGEZZCRN,C&B,CUSTSHADE
448641,DIGEZZCRN,C&B,FIXED MODELS
448641,DIGEZZCRN,C&B,Outsource Design full contour
448641,DIGEZZCRN,C&B,SCHEDULING
448641,DIGEZZCRN,C&B,Sinter
448641,DIGEZZCRN,C&B,Stain & Glaze
452037,CRNBRUX,C&B,C&B
452037,CRNBRUX,C&B,Brux Porcelain
452037,CRNBRUX,C&B,CAD Mill crown/coping
452037,CRNBRUX,C&B,FIXED MODELS
452037,CRNBRUX,C&B,Die Trim
452037,CRNBRUX,C&B,Invoice and Ship
452037,CRNBRUX,C&B,FIXED QC
452037,CRNBRUX,C&B,Outsource Design full contour
452037,CRNBRUX,C&B,Scan for crowns
452037,CRNBRUX,C&B,Sinter
452037,CRNBRUX,C&B,SCHEDULING
452037,CRNBRUX,C&B,Stain & Glaze
452037,INFCONT,MISC,Brux Porcelain
452037,INFCONT,MISC,C&B
452037,INFCONT,MISC,Die Trim
452037,INFCONT,MISC,CAD Mill crown/coping
452037,INFCONT,MISC,FIXED QC
452037,INFCONT,MISC,FIXED MODELS
452037,INFCONT,MISC,Scan for crowns
452037,INFCONT,MISC,Invoice and Ship
452037,INFCONT,MISC,Sinter
452037,INFCONT,MISC,Outsource Design full contour
452037,INFCONT,MISC,SCHEDULING
452037,INFCONT,MISC,Stain & Glaze
451354,,,
451870,DIGBRUXCRN,C&B,BUILD MODEL
451870,DIGBRUXCRN,C&B,BUSOFF
451870,DIGBRUXCRN,C&B,CAD DESIGN
451870,DIGBRUXCRN,C&B,C&B
451870,DIGBRUXCRN,C&B,FIXED MODELS
451870,DIGBRUXCRN,C&B,Fixed QC
451870,DIGBRUXCRN,C&B,PRINT STUDY MODELS
451870,DIGBRUXCRN,C&B,SCHEDULING
451870,DIGMODCADFIX,C&B,CAD DESIGN
451870,DIGBRUXCRN,C&B,SINTER
451870,DIGMODCADFIX,C&B,SCHEDULING
451870,DIGBRUXCRN,C&B,STAINGLZ
451870,DIGMODCADFIX,C&B,BUILD MODEL
451870,DIGMODCADFIX,C&B,BUSOFF
451870,DIGMODCADFIX,C&B,C&B
451870,DIGMODCADFIX,C&B,FIXED MODELS
451870,DIGMODCADFIX,C&B,Fixed QC
451870,DIGMODCADFIX,C&B,PRINT STUDY MODELS
451870,DIGMODCADFIX,C&B,SINTER
451870,DIGMODCADFIX,C&B,STAINGLZ
449989,,,
451861,DENCLASP,Removables,BUSOFF
451861,DIGFLIP1-5,PARTIAL,Removables
451861,DENCLASP,Removables,PRINTING
451861,DIGMODCADREM,Removables,REMQC
451861,DENCLASP,Removables,Removables
451861,DTARTICA1,Removables,BUSOFF
451861,DENCLASP,Removables,REMQC
451861,DTARTICA1,Removables,PRINTING
451861,DIGFLIP1-5,PARTIAL,BUSOFF
451861,DTARTICA1,Removables,Removables
451861,DIGFLIP1-5,PARTIAL,PRINTING
451861,DTARTICA1,Removables,REMQC
451861,DIGFLIP1-5,PARTIAL,REMQC
451861,DIGMODCADREM,Removables,BUSOFF
451861,DIGMODCADREM,Removables,PRINTING
451861,DIGMODCADREM,Removables,Removables
450590,CRNDRCALLN,C&B,CAD DESIGN
450590,CRNDRCALLN,C&B,BUSOFF
450590,CRNDRCALLN,C&B,CTS
450590,CRNDRCALLN,C&B,C&B
450590,CRNDRCALLN,C&B,OUTSRCBUS
450590,CRNDRCALLN,C&B,CAD SCANNING
450590,CRNFCC,C&B,CAD DESIGN
450590,CRNDRCALLN,C&B,DIETRIM
450590,CRNFCC,C&B,DIETRIM
450590,CRNDRCALLN,C&B,FINISHING
450590,CRNFCC,C&B,OUTSRCBUS
450590,CRNDRCALLN,C&B,FIXED QC
450590,HNY40,Alloy,CTS
450590,CRNDRCALLN,C&B,IMPLANTS
450590,HNY40,Alloy,FIXED QC
450590,CRNFCC,C&B,BUSOFF
450590,HNY40,Alloy,IMPLANTS
450590,CRNFCC,C&B,C&B
450590,HNY40,Alloy,OUTSRCBUS
450590,CRNFCC,C&B,CAD SCANNING
450590,SMTCRN,IMPLANTS,BUSOFF
450590,CRNFCC,C&B,CTS
450590,SMTCRN,IMPLANTS,C&B
450590,CRNFCC,C&B,FINISHING
450590,SMTCRN,IMPLANTS,CAD DESIGN
450590,CRNFCC,C&B,FIXED QC
450590,SMTCRN,IMPLANTS,CTS
450590,CRNFCC,C&B,IMPLANTS
450590,SMTCRN,IMPLANTS,DIETRIM
450590,HNY40,Alloy,BUSOFF
450590,SMTCRN,IMPLANTS,FINISHING
450590,HNY40,Alloy,C&B
450590,SMTCRN,IMPLANTS,FIXED QC
450590,HNY40,Alloy,CAD DESIGN
450590,SMTCRN,IMPLANTS,IMPLANTS
450590,HNY40,Alloy,CAD SCANNING
450590,SMTCRN,IMPLANTS,OUTSRCBUS
450590,HNY40,Alloy,DIETRIM
450590,HNY40,Alloy,FINISHING
450590,SMTCRN,IMPLANTS,CAD SCANNING
451932,CRNBRUX,C&B,Brux Porcelain
451932,CRNBRUX,C&B,CAD Mill crown/coping
451932,CRNBRUX,C&B,C&B
451932,CRNBRUX,C&B,FIXED MODELS
451932,CRNBRUX,C&B,Die Trim
451932,CRNBRUX,C&B,Invoice and Ship
451932,CRNBRUX,C&B,FIXED QC
451932,CRNBRUX,C&B,Outsource Design full contour
451932,CRNBRUX,C&B,Scan for crowns
451932,CRNBRUX,C&B,SCHEDULING
451932,CRNBRUX,C&B,Sinter
451932,CRNBRUX,C&B,Stain & Glaze
448741,DIGDRCLCRN,C&B,CTS
448741,DIGDRCLCRN,C&B,BUSOFF
448741,DIGDRCLCRN,C&B,SCHEDULING
448741,DIGDRCLCRN,C&B,C&B
451229,CRNBRUX,C&B,Brux Porcelain
451229,CRNBRUX,C&B,FIXED MODELS
451229,CRNBRUX,C&B,C&B
451229,CRNBRUX,C&B,Invoice and Ship
451229,CRNBRUX,C&B,CAD Mill crown/coping
451229,CRNBRUX,C&B,Outsource Design full contour
451229,CRNBRUX,C&B,Die Trim
451229,CRNBRUX,C&B,Stain & Glaze
451229,CRNBRUX,C&B,FIXED QC
451229,CRNBRUX,C&B,Scan for crowns
451229,CRNBRUX,C&B,SCHEDULING
451229,CRNBRUX,C&B,Sinter
452070,CRNBRUX,C&B,Brux Porcelain
452070,CRNBRUX,C&B,C&B
452070,CRNBRUX,C&B,Sinter
452070,CRNBRUX,C&B,CAD Mill crown/coping
452070,INFCONT,MISC,C&B
452070,CRNBRUX,C&B,Die Trim
452070,INFCONT,MISC,CAD Mill crown/coping
452070,CRNBRUX,C&B,FIXED MODELS
452070,INFCONT,MISC,Die Trim
452070,CRNBRUX,C&B,FIXED QC
452070,INFCONT,MISC,FIXED MODELS
452070,CRNBRUX,C&B,Invoice and Ship
452070,INFCONT,MISC,Outsource Design full contour
452070,CRNBRUX,C&B,Outsource Design full contour
452070,CRNBRUX,C&B,Scan for crowns
452070,CRNBRUX,C&B,SCHEDULING
452070,CRNBRUX,C&B,Stain & Glaze
452070,INFCONT,MISC,Brux Porcelain
452070,INFCONT,MISC,FIXED QC
452070,INFCONT,MISC,Invoice and Ship
452070,INFCONT,MISC,Scan for crowns
452070,INFCONT,MISC,SCHEDULING
452070,INFCONT,MISC,Sinter
452070,INFCONT,MISC,Stain & Glaze
451860,DIGEZZCRN,C&B,Brux Porcelain
451860,DIGEZZCRN,C&B,CAD Mill crown/coping
451860,DIGEZZCRN,C&B,Fixed QC
451860,DIGEZZCRN,C&B,FIXED MODELS
451860,DIGEZZCRN,C&B,Invoice and Ship
451860,DIGEZZCRN,C&B,Outsource Design full contour
451860,DIGEZZCRN,C&B,Sinter
451860,DIGEZZCRN,C&B,SCHEDULING
451860,DIGEZZCRN,C&B,Stain & Glaze
451543,CRNEZZ,C&B,C&B
451543,CRNEZZ,C&B,Brux Porcelain
451543,CRNEZZ,C&B,FIXED MODELS
451543,CRNEZZ,C&B,CAD Mill crown/coping
451543,CRNEZZ,C&B,Invoice and Ship
451543,CRNEZZ,C&B,Die Trim
451543,CRNEZZ,C&B,Outsource Design full contour
451543,CRNEZZ,C&B,Fixed QC
451543,CRNEZZ,C&B,Scan for crowns
451543,CRNEZZ,C&B,SCHEDULING
451543,CRNEZZ,C&B,Sinter
451543,CRNEZZ,C&B,Stain & Glaze
451889,ARTREM,Removables,PRINTING
451889,ARTREM,Removables,BUSOFF
451889,ARTREM,Removables,SCHEDULING
451889,ARTREM,Removables,CAD SCANNING
451889,CRA,SPLINTS,PRINTING
451889,ARTREM,Removables,Removables
451889,CRA,SPLINTS,Removables
451889,ARTREM,Removables,SPLINTS
451889,CRA,SPLINTS,SPLINTS
451889,CRA,SPLINTS,BUSOFF
451889,DELIVERY,DELIVERY,BUSOFF
451889,CRA,SPLINTS,CAD SCANNING
451889,DELIVERY,DELIVERY,PRINTING
451889,CRA,SPLINTS,SCHEDULING
451889,DELIVERY,DELIVERY,Removables
451889,DELIVERY,DELIVERY,CAD SCANNING
451889,DELIVERY,DELIVERY,SPLINTS
451889,DELIVERY,DELIVERY,SCHEDULING
451889,INFCONT,MISC,Removables
451889,INFCONT,MISC,BUSOFF
451889,INFCONT,MISC,SPLINTS
451889,INFCONT,MISC,CAD SCANNING
451889,INFCONT,MISC,PRINTING
451889,INFCONT,MISC,SCHEDULING
451985,CRA,SPLINTS,Dup Model
451985,CRA,SPLINTS,Finish CRA
451985,CRA,SPLINTS,Process CRA
451985,CRA,SPLINTS,Invoice and Ship
451985,CRA,SPLINTS,SCHEDULING
451985,CRA,SPLINTS,Rem Model
451985,CRA,SPLINTS,Splint QC
451985,CRA,SPLINTS,SPLINTS
451985,CRA,SPLINTS,Wax CRA
451985,DELIVERY,DELIVERY,Finish CRA
451985,DELIVERY,DELIVERY,Dup Model
451985,DELIVERY,DELIVERY,Splint QC
451985,DELIVERY,DELIVERY,Invoice and Ship
451985,DELIVERY,DELIVERY,Wax CRA
451985,DELIVERY,DELIVERY,Process CRA
451985,INFCONT,MISC,Dup Model
451985,DELIVERY,DELIVERY,Rem Model
451985,INFCONT,MISC,Invoice and Ship
451985,DELIVERY,DELIVERY,SCHEDULING
451985,INFCONT,MISC,Process CRA
451985,DELIVERY,DELIVERY,SPLINTS
451985,INFCONT,MISC,Rem Model
451985,INFCONT,MISC,Finish CRA
451985,INFCONT,MISC,SCHEDULING
451985,INFCONT,MISC,Splint QC
451985,INFCONT,MISC,SPLINTS
451985,INFCONT,MISC,Wax CRA
451945,ART-EVQC-CLSCN,MISC,CAD DESIGN
451945,ART-EVQC-CLSCN,MISC,BUSOFF
451945,ART-EVQC-CLSCN,MISC,FIXED QC
451945,ART-EVQC-CLSCN,MISC,C&B
451945,ART-EVQC-CLSCN,MISC,STAINGLZ
451945,ART-EVQC-CLSCN,MISC,SCHEDULING
451945,DIGBRUXCRN,C&B,CAD DESIGN
451945,ART-EVQC-CLSCN,MISC,SINTER
451945,DIGBRUXCRN,C&B,BUSOFF
451945,DIGBRUXCRN,C&B,C&B
451945,DIGBRUXCRN,C&B,FIXED QC
451945,DIGBRUXCRN,C&B,SCHEDULING
451945,DIGBRUXCRN,C&B,SINTER
451945,DIGBRUXCRN,C&B,STAINGLZ
451963,CRNEZZ,C&B,Brux Porcelain
451963,CRNEZZ,C&B,C&B
451963,CRNEZZ,C&B,Fixed QC
451963,CRNEZZ,C&B,CAD Mill crown/coping
451963,CRNEZZ,C&B,Invoice and Ship
451963,CRNEZZ,C&B,Die Trim
451963,CRNEZZ,C&B,Scan for crowns
451963,CRNEZZ,C&B,FIXED MODELS
451963,CRNEZZ,C&B,SCHEDULING
451963,CRNEZZ,C&B,Outsource Design full contour
451963,CRNEZZ,C&B,Sinter
451963,CRNEZZ,C&B,Stain & Glaze
451650,CRNBRUX,C&B,C&B
451650,CRNBRUX,C&B,Brux Porcelain
451650,CRNBRUX,C&B,CAD Mill crown/coping
451650,CRNBRUX,C&B,Die Trim
451650,CRNBRUX,C&B,FIXED MODELS
451650,CRNBRUX,C&B,FIXED QC
451650,CRNBRUX,C&B,Invoice and Ship
451650,CRNBRUX,C&B,Scan for crowns
451650,CRNBRUX,C&B,Outsource Design full contour
451650,CRNBRUX,C&B,Sinter
451650,CRNBRUX,C&B,SCHEDULING
451650,INFCONT,MISC,CAD Mill crown/coping
451650,CRNBRUX,C&B,Stain & Glaze
451650,INFCONT,MISC,FIXED MODELS
451650,INFCONT,MISC,Brux Porcelain
451650,INFCONT,MISC,Invoice and Ship
451650,INFCONT,MISC,C&B
451650,INFCONT,MISC,Outsource Design full contour
451650,INFCONT,MISC,Die Trim
451650,INFCONT,MISC,Scan for crowns
451650,INFCONT,MISC,FIXED QC
451650,INFCONT,MISC,SCHEDULING
451650,INFCONT,MISC,Sinter
451650,INFCONT,MISC,Stain & Glaze
451687,DENSET>9,Removables,BUSOFF
451687,DENSET>9,Removables,Removables
451687,DENSET>9,Removables,PARTIAL
451687,DENSET>9,Removables,REMQC
451687,DENSET>9,Removables,SCHEDULING
451687,DTARTICP8,Removables,Removables
451687,DTARTICP8,Removables,BUSOFF
451687,DTARTICP8,Removables,REMQC
451687,DTARTICP8,Removables,PARTIAL
451687,DTARTICP8,Removables,SCHEDULING
451687,INFCONT,MISC,Removables
451687,INFCONT,MISC,BUSOFF
451687,INFCONT,MISC,REMQC
451687,INFCONT,MISC,PARTIAL
451687,PARCASTFIN,PARTIAL,PARTIAL
451687,INFCONT,MISC,SCHEDULING
451687,PARCASTFIN,PARTIAL,Removables
451687,PARCASTFIN,PARTIAL,BUSOFF
451687,PARCASTFIN,PARTIAL,REMQC
451687,PARCASTFIN,PARTIAL,SCHEDULING
447006,ART-EVQC-CLDR,MISC,
441945,DIGBRUXCRN,C&B,BUSOFF
441945,DIGBRUXCRN,C&B,FIXED QC
441945,DIGBRUXCRN,C&B,C&B
441945,DIGBRUXCRN,C&B,SCHEDULING
441945,DIGBRUXCRN,C&B,CAD DESIGN
441945,DIGBRUXCRN,C&B,SINTER
441945,DIGBRUXCRN,C&B,STAINGLZ
451368,REMADJ,Removables,Invoice and Ship
451368,REMADJ,Removables,Complex Repair
451368,REMADJ,Removables,Rem Model
451368,REMADJ,Removables,SCHEDULING
451368,REMADJ,Removables,Removable QC
452039,CRNBRUX,C&B,Die Trim
452039,CRNBRUX,C&B,Brux Porcelain
452039,CRNBRUX,C&B,FIXED MODELS
452039,CRNBRUX,C&B,C&B
452039,CRNBRUX,C&B,Outsource Design full contour
452039,CRNBRUX,C&B,CAD Mill crown/coping
452039,CRNBRUX,C&B,FIXED QC
452039,CRNBRUX,C&B,Invoice and Ship
452039,CRNBRUX,C&B,Scan for crowns
452039,CRNBRUX,C&B,SCHEDULING
452039,CRNBRUX,C&B,Sinter
452039,CRNBRUX,C&B,Stain & Glaze
450487,,,
451507,ASC,IMPLANTS,Brux Porcelain
451507,ASC,IMPLANTS,C&B
451507,ASC,IMPLANTS,CAD Mill crown/coping
451507,ASC,IMPLANTS,FIXED QC
451507,ASC,IMPLANTS,Die Trim
451507,ASC,IMPLANTS,Impl Eval/Set TA
451507,ASC,IMPLANTS,FINISHING
451507,ASC,IMPLANTS,IMPLANTS
451507,ASC,IMPLANTS,FIXED MODELS
451507,ASC,IMPLANTS,Scan Abutments
451507,ASC,IMPLANTS,Invoice and Ship
451507,ASC,IMPLANTS,Sinter
451507,ASC,IMPLANTS,Outsource Design full contour
451507,ASC,IMPLANTS,Tissue Trim
451507,ASC,IMPLANTS,Scan for crowns
451507,CRNBRUX,C&B,Brux Porcelain
451507,ASC,IMPLANTS,SCHEDULING
451507,CRNBRUX,C&B,Die Trim
451507,ASC,IMPLANTS,Stain & Glaze
451507,CRNBRUX,C&B,FINISHING
451507,CRNBRUX,C&B,C&B
451507,CRNBRUX,C&B,FIXED QC
451507,CRNBRUX,C&B,CAD Mill crown/coping
451507,CRNBRUX,C&B,Impl Eval/Set TA
451507,CRNBRUX,C&B,FIXED MODELS
451507,CRNBRUX,C&B,Scan for crowns
451507,CRNBRUX,C&B,IMPLANTS
451507,CRNBRUX,C&B,Sinter
451507,CRNBRUX,C&B,Invoice and Ship
451507,CRNBRUX,C&B,Tissue Trim
451507,CRNBRUX,C&B,Outsource Design full contour
451507,CRNZIRCBR,C&B,Brux Porcelain
451507,CRNBRUX,C&B,Scan Abutments
451507,CRNZIRCBR,C&B,C&B
451507,CRNBRUX,C&B,SCHEDULING
451507,CRNZIRCBR,C&B,FIXED MODELS
451507,CRNBRUX,C&B,Stain & Glaze
451507,CRNZIRCBR,C&B,Impl Eval/Set TA
451507,CRNZIRCBR,C&B,CAD Mill crown/coping
451507,CRNZIRCBR,C&B,IMPLANTS
451507,CRNZIRCBR,C&B,Die Trim
451507,CRNZIRCBR,C&B,Scan Abutments
451507,CRNZIRCBR,C&B,FINISHING
451507,CRNZIRCBR,C&B,Sinter
451507,CRNZIRCBR,C&B,FIXED QC
451507,CRNZIRCBR,C&B,Tissue Trim
451507,CRNZIRCBR,C&B,Invoice and Ship
451507,INFCONT,MISC,Brux Porcelain
451507,CRNZIRCBR,C&B,Outsource Design full contour
451507,INFCONT,MISC,CAD Mill crown/coping
451507,CRNZIRCBR,C&B,Scan for crowns
451507,INFCONT,MISC,FINISHING
451507,CRNZIRCBR,C&B,SCHEDULING
451507,INFCONT,MISC,FIXED MODELS
451507,CRNZIRCBR,C&B,Stain & Glaze
451507,INFCONT,MISC,IMPLANTS
451507,INFCONT,MISC,C&B
451507,INFCONT,MISC,Invoice and Ship
451507,INFCONT,MISC,Die Trim
451507,INFCONT,MISC,Outsource Design full contour
451507,INFCONT,MISC,FIXED QC
451507,INFCONT,MISC,Scan Abutments
451507,INFCONT,MISC,Impl Eval/Set TA
451507,INFCONT,MISC,Scan for crowns
451507,INFCONT,MISC,Sinter
451507,INFCONT,MISC,SCHEDULING
451507,INFCONT,MISC,Tissue Trim
451507,INFCONT,MISC,Stain & Glaze
451507,SCREWRETCRN,IMPLANTS,C&B
451507,SCREWRETCRN,IMPLANTS,Brux Porcelain
451507,SCREWRETCRN,IMPLANTS,CAD Mill crown/coping
451507,SCREWRETCRN,IMPLANTS,Die Trim
451507,SCREWRETCRN,IMPLANTS,FINISHING
451507,SCREWRETCRN,IMPLANTS,Invoice and Ship
451507,SCREWRETCRN,IMPLANTS,FIXED MODELS
451507,SCREWRETCRN,IMPLANTS,Sinter
451507,SCREWRETCRN,IMPLANTS,FIXED QC
451507,SCREWRETCRN,IMPLANTS,Stain & Glaze
451507,SCREWRETCRN,IMPLANTS,Impl Eval/Set TA
451507,SCREWRETCRN,IMPLANTS,IMPLANTS
451507,SCREWRETCRN,IMPLANTS,Outsource Design full contour
451507,SCREWRETCRN,IMPLANTS,Scan Abutments
451507,SCREWRETCRN,IMPLANTS,Scan for crowns
451507,SCREWRETCRN,IMPLANTS,SCHEDULING
451507,SCREWRETCRN,IMPLANTS,Tissue Trim
451834,CRNBRUX,C&B,C&B
451834,CRNBRUX,C&B,Brux Porcelain
451834,CRNBRUX,C&B,CAD Mill crown/coping
451834,CRNBRUX,C&B,Die Trim
451834,CRNBRUX,C&B,FIXED MODELS
451834,CRNBRUX,C&B,Invoice and Ship
451834,CRNBRUX,C&B,FIXED QC
451834,CRNBRUX,C&B,Sinter
451834,CRNBRUX,C&B,Outsource Design full contour
451834,CRNBRUX,C&B,Stain & Glaze
451834,CRNBRUX,C&B,Scan for crowns
451834,INFCONT,MISC,C&B
451834,CRNBRUX,C&B,SCHEDULING
451834,INFCONT,MISC,FIXED MODELS
451834,INFCONT,MISC,Brux Porcelain
451834,INFCONT,MISC,Invoice and Ship
451834,INFCONT,MISC,CAD Mill crown/coping
451834,INFCONT,MISC,Outsource Design full contour
451834,INFCONT,MISC,Die Trim
451834,INFCONT,MISC,Scan for crowns
451834,INFCONT,MISC,FIXED QC
451834,INFCONT,MISC,SCHEDULING
451834,INFCONT,MISC,Sinter
451834,INFCONT,MISC,Stain & Glaze
451833,CRNEZZ,C&B,Brux Porcelain
451833,CRNEZZ,C&B,C&B
451833,CRNEZZ,C&B,FIXED MODELS
451833,CRNEZZ,C&B,CAD Mill crown/coping
451833,CRNEZZ,C&B,Invoice and Ship
451833,CRNEZZ,C&B,Die Trim
451833,CRNEZZ,C&B,Outsource Design full contour
451833,CRNEZZ,C&B,Fixed QC
451833,CRNEZZ,C&B,Sinter
451833,CRNEZZ,C&B,Scan for crowns
451833,CRNEZZ,C&B,Stain & Glaze
451833,CRNEZZ,C&B,SCHEDULING
451833,INFCONT,MISC,C&B
451833,INFCONT,MISC,Brux Porcelain
451833,INFCONT,MISC,FIXED MODELS
451833,INFCONT,MISC,CAD Mill crown/coping
451833,INFCONT,MISC,Invoice and Ship
451833,INFCONT,MISC,Die Trim
451833,INFCONT,MISC,Outsource Design full contour
451833,INFCONT,MISC,Fixed QC
451833,INFCONT,MISC,Scan for crowns
451833,INFCONT,MISC,SCHEDULING
451833,INFCONT,MISC,Sinter
451833,INFCONT,MISC,Stain & Glaze
448024,CRNCASECON,C&B,BUSOFF
448024,DENEVALREM,Removables,Removables
448024,CRNCASECON,C&B,Removables
448024,CRNCASECON,C&B,REMQC
448024,CRNCASECON,C&B,SCHEDULING
448024,DENEVALREM,Removables,BUSOFF
448024,DENEVALREM,Removables,REMQC
448024,DENEVALREM,Removables,SCHEDULING
451645,CRNBRUX,C&B,Die Trim
451645,CRNBRUX,C&B,Brux Porcelain
451645,CRNBRUX,C&B,FIXED MODELS
451645,CRNBRUX,C&B,C&B
451645,CRNBRUX,C&B,Invoice and Ship
451645,CRNBRUX,C&B,CAD Mill crown/coping
451645,CRNBRUX,C&B,Outsource Design full contour
451645,CRNBRUX,C&B,FIXED QC
451645,CRNBRUX,C&B,Sinter
451645,CRNBRUX,C&B,Scan for crowns
451645,CRNBRUX,C&B,Stain & Glaze
451645,CRNBRUX,C&B,SCHEDULING
451645,INFCONT,MISC,C&B
451645,INFCONT,MISC,Brux Porcelain
451645,INFCONT,MISC,CAD Mill crown/coping
451645,INFCONT,MISC,Die Trim
451645,INFCONT,MISC,FIXED MODELS
451645,INFCONT,MISC,FIXED QC
451645,INFCONT,MISC,Invoice and Ship
451645,INFCONT,MISC,Scan for crowns
451645,INFCONT,MISC,Outsource Design full contour
451645,INFCONT,MISC,Sinter
451645,INFCONT,MISC,SCHEDULING
451645,INFCONT,MISC,Stain & Glaze
451591,CRNBRUX,C&B,Brux Porcelain
451591,CRNBRUX,C&B,Die Trim
451591,CRNBRUX,C&B,C&B
451591,CRNBRUX,C&B,FIXED MODELS
451591,CRNBRUX,C&B,CAD Mill crown/coping
451591,CRNBRUX,C&B,Outsource Design full contour
451591,CRNBRUX,C&B,FIXED QC
451591,CRNBRUX,C&B,Sinter
451591,CRNBRUX,C&B,Invoice and Ship
451591,CRNBRUX,C&B,Stain & Glaze
451591,CRNBRUX,C&B,Scan for crowns
451591,INFCONT,MISC,C&B
451591,CRNBRUX,C&B,SCHEDULING
451591,INFCONT,MISC,CAD Mill crown/coping
451591,INFCONT,MISC,Brux Porcelain
451591,INFCONT,MISC,FIXED MODELS
451591,INFCONT,MISC,Die Trim
451591,INFCONT,MISC,Invoice and Ship
451591,INFCONT,MISC,FIXED QC
451591,INFCONT,MISC,Outsource Design full contour
451591,INFCONT,MISC,Scan for crowns
451591,INFCONT,MISC,SCHEDULING
451591,INFCONT,MISC,Sinter
451591,INFCONT,MISC,Stain & Glaze
451736,ART-EVQC-CLDR,MISC,CAD Mill crown/coping
451736,ART-EVQC-CLDR,MISC,Brux Porcelain
451736,ART-EVQC-CLDR,MISC,Outsource Design full contour
451736,ART-EVQC-CLDR,MISC,FIXED MODELS
451736,DIGEZZCRN,C&B,CAD Mill crown/coping
451736,ART-EVQC-CLDR,MISC,Fixed QC
451736,DIGEZZCRN,C&B,FIXED MODELS
451736,ART-EVQC-CLDR,MISC,Invoice and Ship
451736,DIGEZZCRN,C&B,Outsource Design full contour
451736,ART-EVQC-CLDR,MISC,SCHEDULING
451736,DIGEZZCRN,C&B,SCHEDULING
451736,ART-EVQC-CLDR,MISC,Sinter
451736,ART-EVQC-CLDR,MISC,Stain & Glaze
451736,DIGEZZCRN,C&B,Brux Porcelain
451736,DIGEZZCRN,C&B,Fixed QC
451736,DIGEZZCRN,C&B,Invoice and Ship
451736,DIGEZZCRN,C&B,Sinter
451736,DIGEZZCRN,C&B,Stain & Glaze
451537,CRNZIRCBR,C&B,CAD DESIGN
451537,CRNZIRCBR,C&B,BUSOFF
451537,CRNZIRCBR,C&B,FINISHING
451537,CRNZIRCBR,C&B,C&B
451537,CRNZIRCBR,C&B,FIXED QC
451537,CRNZIRCBR,C&B,SINTER
451537,CRNZIRCBR,C&B,SCHEDULING
451537,DIGBRUXCRN,C&B,BUSOFF
451537,CRNZIRCBR,C&B,STAINGLZ
451537,DIGBRUXCRN,C&B,C&B
451537,DIGBRUXCRN,C&B,SINTER
451537,DIGBRUXCRN,C&B,CAD DESIGN
451537,DIGBRUXCRN,C&B,STAINGLZ
451537,DIGBRUXCRN,C&B,FINISHING
451537,DIGBRUXCRN,C&B,FIXED QC
451537,DIGBRUXCRN,C&B,SCHEDULING
452016,CRNBRUX,C&B,C&B
452016,CRNBRUX,C&B,Brux Porcelain
452016,CRNBRUX,C&B,CAD Mill crown/coping
452016,CRNBRUX,C&B,FIXED QC
452016,CRNBRUX,C&B,Die Trim
452016,CRNBRUX,C&B,Scan for crowns
452016,CRNBRUX,C&B,FIXED MODELS
452016,CRNBRUX,C&B,SCHEDULING
452016,CRNBRUX,C&B,Invoice and Ship
452016,CRNBRUX,C&B,Sinter
452016,CRNBRUX,C&B,Outsource Design full contour
452016,CRNBRUX,C&B,Stain & Glaze
447025,CRNDRCALLF,C&B,BUSOFF
447025,CRNDRCALLF,C&B,CTS
447025,CRNDRCALLF,C&B,C&B
447025,CRNDRCALLF,C&B,DIETRIM
447025,CRNDRCALLF,C&B,SCHEDULING
450180,INFCONT,MISC,BUSOFF
450180,INFCONT,MISC,CAD DESIGN
450180,INFCONT,MISC,IMPLANTS
450180,INFCONT,MISC,SCHEDULING
450180,INFCONT,MISC,PRINTING
450180,MODSTOREM,Removables,CAD DESIGN
450180,INFCONT,MISC,Removables
450180,MODSTOREM,Removables,PRINTING
450180,MODSTOREM,Removables,BUSOFF
450180,MODSTOREM,Removables,Removables
450180,MODSTOREM,Removables,IMPLANTS
450180,SGSTNTBSKY,Surgical Guides,PRINTING
450180,MODSTOREM,Removables,SCHEDULING
450180,SGSTNTBSKY,Surgical Guides,Removables
450180,SGSTNTBSKY,Surgical Guides,BUSOFF
450180,SGSTNTBSKY,Surgical Guides,SCHEDULING
450180,SGSTNTBSKY,Surgical Guides,CAD DESIGN
450180,SGSTNTBSKY,Surgical Guides,IMPLANTS
449878,ART-EVQC-CLDR,MISC,CAD DESIGN
449878,ART-EVQC-CLDR,MISC,BUSOFF
449878,ART-EVQC-CLDR,MISC,FIXED QC
449878,ART-EVQC-CLDR,MISC,C&B
449878,ART-EVQC-CLDR,MISC,PRINTING
449878,ART-EVQC-CLDR,MISC,CAD SCANNING
449878,ART-EVQC-CLDR,MISC,SCHEDULING
449878,DIGDWXDWU,C&B,CAD DESIGN
449878,DIGDWXDWU,C&B,BUSOFF
449878,DIGDWXDWU,C&B,PRINTING
449878,DIGDWXDWU,C&B,C&B
449878,DIGDWXDWU,C&B,CAD SCANNING
449878,DIGDWXDWU,C&B,FIXED QC
449878,DIGDWXDWU,C&B,SCHEDULING
451939,,,
451768,CRNBRUX,C&B,Brux Porcelain
451768,CRNBRUX,C&B,C&B
451768,CRNBRUX,C&B,CAD Mill crown/coping
451768,CRNBRUX,C&B,FIXED MODELS
451768,CRNBRUX,C&B,Die Trim
451768,CRNBRUX,C&B,Invoice and Ship
451768,CRNBRUX,C&B,FIXED QC
451768,CRNBRUX,C&B,Outsource Design full contour
451768,INFCONT,MISC,Brux Porcelain
451768,CRNBRUX,C&B,Scan for crowns
451768,INFCONT,MISC,CAD Mill crown/coping
451768,CRNBRUX,C&B,SCHEDULING
451768,INFCONT,MISC,FIXED MODELS
451768,CRNBRUX,C&B,Sinter
451768,INFCONT,MISC,Invoice and Ship
451768,CRNBRUX,C&B,Stain & Glaze
451768,INFCONT,MISC,Outsource Design full contour
451768,INFCONT,MISC,C&B
451768,INFCONT,MISC,Scan for crowns
451768,INFCONT,MISC,Die Trim
451768,INFCONT,MISC,SCHEDULING
451768,INFCONT,MISC,FIXED QC
451768,INFCONT,MISC,Stain & Glaze
451768,INFCONT,MISC,Sinter
451818,DELIVERY,DELIVERY,
446054,,,
440896,DIGANALOG,IMPLANT PT,FIXED MODELS
440896,DIGANALOG,IMPLANT PT,Brux Porcelain
440896,DIGANALOG,IMPLANT PT,IMPLANTS
440896,DIGANALOG,IMPLANT PT,CAD Mill crown/coping
440896,DIGANALOG,IMPLANT PT,Invoice and Ship
440896,DIGANALOG,IMPLANT PT,Fixed QC
440896,DIGANALOG,IMPLANT PT,Outsource Design full contour
440896,DIGANALOG,IMPLANT PT,Impl Eval/Set TA
440896,DIGANALOG,IMPLANT PT,Scan Abutments
440896,DIGANALOG,IMPLANT PT,SCHEDULING
440896,DIGANALOG,IMPLANT PT,Stain & Glaze
440896,DIGANALOG,IMPLANT PT,Sinter
440896,DIGEZZCRN,C&B,CAD Mill crown/coping
440896,DIGANALOG,IMPLANT PT,Tissue Trim
440896,DIGEZZCRN,C&B,Impl Eval/Set TA
440896,DIGEZZCRN,C&B,Brux Porcelain
440896,DIGEZZCRN,C&B,Outsource Design full contour
440896,DIGEZZCRN,C&B,FIXED MODELS
440896,DIGEZZCRN,C&B,Tissue Trim
440896,DIGEZZCRN,C&B,Fixed QC
440896,SCREWRETCRN,IMPLANTS,FIXED MODELS
440896,DIGEZZCRN,C&B,IMPLANTS
440896,SCREWRETCRN,IMPLANTS,Impl Eval/Set TA
440896,DIGEZZCRN,C&B,Invoice and Ship
440896,SCREWRETCRN,IMPLANTS,IMPLANTS
440896,DIGEZZCRN,C&B,Scan Abutments
440896,SCREWRETCRN,IMPLANTS,Outsource Design full contour
440896,DIGEZZCRN,C&B,SCHEDULING
440896,SCREWRETCRN,IMPLANTS,Sinter
440896,DIGEZZCRN,C&B,Sinter
440896,SCREWRETCRN,IMPLANTS,Tissue Trim
440896,DIGEZZCRN,C&B,Stain & Glaze
440896,SCREWRETCRN,IMPLANTS,Brux Porcelain
440896,SCREWRETCRN,IMPLANTS,CAD Mill crown/coping
440896,SCREWRETCRN,IMPLANTS,Fixed QC
440896,SCREWRETCRN,IMPLANTS,Invoice and Ship
440896,SCREWRETCRN,IMPLANTS,Scan Abutments
440896,SCREWRETCRN,IMPLANTS,SCHEDULING
440896,SCREWRETCRN,IMPLANTS,Stain & Glaze
446832,DIGBRUXCRN,C&B,
452008,CRNBRUX,C&B,Die Trim
452008,CRNBRUX,C&B,Brux Porcelain
452008,CRNBRUX,C&B,FIXED MODELS
452008,CRNBRUX,C&B,C&B
452008,CRNBRUX,C&B,Outsource Design full contour
452008,CRNBRUX,C&B,CAD Mill crown/coping
452008,CRNBRUX,C&B,FIXED QC
452008,CRNBRUX,C&B,Invoice and Ship
452008,CRNBRUX,C&B,Scan for crowns
452008,CRNBRUX,C&B,SCHEDULING
452008,CRNBRUX,C&B,Sinter
452008,CRNBRUX,C&B,Stain & Glaze
451753,ART-EVQC-CLDD,MISC,Brux Porcelain
451753,ART-EVQC-CLDD,MISC,FIXED MODELS
451753,ART-EVQC-CLDD,MISC,CAD Mill crown/coping
451753,ART-EVQC-CLDD,MISC,Invoice and Ship
451753,ART-EVQC-CLDD,MISC,Fixed QC
451753,ART-EVQC-CLDD,MISC,Outsource Design full contour
451753,ART-EVQC-CLDD,MISC,SCHEDULING
451753,ART-EVQC-CLDD,MISC,Sinter
451753,DIGEZZCRN,C&B,FIXED MODELS
451753,ART-EVQC-CLDD,MISC,Stain & Glaze
451753,DIGEZZCRN,C&B,Invoice and Ship
451753,DIGEZZCRN,C&B,Brux Porcelain
451753,DIGEZZCRN,C&B,Outsource Design full contour
451753,DIGEZZCRN,C&B,CAD Mill crown/coping
451753,DIGEZZCRN,C&B,Stain & Glaze
451753,DIGEZZCRN,C&B,Fixed QC
451753,DIGEZZCRN,C&B,SCHEDULING
451753,DIGEZZCRN,C&B,Sinter
451717,SGSTNTBSKY,Surgical Guides,PRINTING
451717,SGSTNTBSKY,Surgical Guides,BUSOFF
451717,SGSTNTBSKY,Surgical Guides,Removables
451717,SGSTNTBSKY,Surgical Guides,CAD DESIGN
451717,SGSTNTBSKY,Surgical Guides,IMPLANTS
451717,SGSTNTBSKY,Surgical Guides,SCHEDULING
451920,DIGANALOG,IMPLANT PT,BUSOFF
451920,DIGANALOG,IMPLANT PT,CAD DESIGN
451920,DIGANALOG,IMPLANT PT,C&B
451920,DIGANALOG,IMPLANT PT,FIXED MODELS
451920,DIGANALOG,IMPLANT PT,FIXED QC
451920,DIGANALOG,IMPLANT PT,IMPLANTS
451920,DIGANALOG,IMPLANT PT,Impl Eval/Set TA
451920,DIGANALOG,IMPLANT PT,Scan Abutments
451920,DIGANALOG,IMPLANT PT,STAINGLZ
451920,DIGANALOG,IMPLANT PT,SCHEDULING
451920,DIGANALOG,IMPLANT PT,Tissue Trim
451920,DIGANALOG,IMPLANT PT,SINTER
451920,DIGBRUXCRN,C&B,BUSOFF
451920,DIGBRUXCRN,C&B,CAD DESIGN
451920,DIGBRUXCRN,C&B,C&B
451920,DIGBRUXCRN,C&B,FIXED MODELS
451920,DIGBRUXCRN,C&B,FIXED QC
451920,DIGBRUXCRN,C&B,IMPLANTS
451920,DIGBRUXCRN,C&B,Impl Eval/Set TA
451920,DIGBRUXCRN,C&B,Scan Abutments
451920,DIGBRUXCRN,C&B,SINTER
451920,DIGBRUXCRN,C&B,SCHEDULING
451920,DIGBRUXCRN,C&B,Tissue Trim
451920,DIGBRUXCRN,C&B,STAINGLZ
451920,SCREWRETCRN,IMPLANTS,BUSOFF
451920,SCREWRETCRN,IMPLANTS,FIXED MODELS
451920,SCREWRETCRN,IMPLANTS,C&B
451920,SCREWRETCRN,IMPLANTS,Impl Eval/Set TA
451920,SCREWRETCRN,IMPLANTS,CAD DESIGN
451920,SCREWRETCRN,IMPLANTS,IMPLANTS
451920,SCREWRETCRN,IMPLANTS,FIXED QC
451920,SCREWRETCRN,IMPLANTS,SINTER
451920,SCREWRETCRN,IMPLANTS,Scan Abutments
451920,SCREWRETCRN,IMPLANTS,Tissue Trim
451920,SCREWRETCRN,IMPLANTS,SCHEDULING
451920,SCREWRETCRN,IMPLANTS,STAINGLZ
447709,,,
451089,DIGEMAXVEN,C&B,C&B
451089,ART-EVQC-CLDR,MISC,C&B
451947,CRNBRUX,C&B,Brux Porcelain
451947,CRNBRUX,C&B,C&B
451947,CRNBRUX,C&B,Die Trim
451947,CRNBRUX,C&B,CAD Mill crown/coping
451947,CRNBRUX,C&B,FIXED MODELS
451947,CRNBRUX,C&B,FINISHING
451947,CRNBRUX,C&B,Outsource Design full contour
451947,CRNBRUX,C&B,FIXED QC
451947,CRNBRUX,C&B,Sinter
451947,CRNBRUX,C&B,Invoice and Ship
451947,CRNZIRCBR,C&B,Brux Porcelain
451947,CRNBRUX,C&B,Scan for crowns
451947,CRNZIRCBR,C&B,FINISHING
451947,CRNBRUX,C&B,SCHEDULING
451947,CRNZIRCBR,C&B,FIXED QC
451947,CRNBRUX,C&B,Stain & Glaze
451947,CRNZIRCBR,C&B,Scan for crowns
451947,CRNZIRCBR,C&B,C&B
451947,CRNZIRCBR,C&B,SCHEDULING
451947,CRNZIRCBR,C&B,CAD Mill crown/coping
451947,CRNZIRCBR,C&B,Sinter
451947,CRNZIRCBR,C&B,Die Trim
451947,CRNZIRCBR,C&B,FIXED MODELS
451947,CRNZIRCBR,C&B,Invoice and Ship
451947,CRNZIRCBR,C&B,Outsource Design full contour
451947,CRNZIRCBR,C&B,Stain & Glaze
446271,PARTIALDUR,PARTIAL,BUSOFF
446271,PARTIALDUR,PARTIAL,REMQC
446271,PARTIALDUR,PARTIAL,PARTIAL
446271,PARTIALDUR,PARTIAL,SCHEDULING
452074,CRNBRUX,C&B,Brux Porcelain
452074,CRNBRUX,C&B,CAD Mill crown/coping
452074,CRNBRUX,C&B,C&B
452074,CRNBRUX,C&B,Die Trim
452074,CRNBRUX,C&B,FIXED MODELS
452074,CRNBRUX,C&B,Outsource Design full contour
452074,CRNBRUX,C&B,FIXED QC
452074,CRNBRUX,C&B,SCHEDULING
452074,CRNBRUX,C&B,Invoice and Ship
452074,INFCONT,MISC,Brux Porcelain
452074,CRNBRUX,C&B,Scan for crowns
452074,INFCONT,MISC,C&B
452074,CRNBRUX,C&B,Sinter
452074,INFCONT,MISC,CAD Mill crown/coping
452074,CRNBRUX,C&B,Stain & Glaze
452074,INFCONT,MISC,FIXED QC
452074,INFCONT,MISC,Die Trim
452074,INFCONT,MISC,Invoice and Ship
452074,INFCONT,MISC,FIXED MODELS
452074,INFCONT,MISC,Scan for crowns
452074,INFCONT,MISC,Outsource Design full contour
452074,INFCONT,MISC,SCHEDULING
452074,INFCONT,MISC,Sinter
452074,INFCONT,MISC,Stain & Glaze
449763,DIGDRCLCRN,C&B,BUSOFF
449763,DIGDRCLCRN,C&B,SCHEDULING
449763,DIGDRCLCRN,C&B,C&B
449763,DIGDRCLCRN,C&B,CTS
451514,DIGBRUXCRN,C&B,FIXED QC
451514,DIGBRUXCRN,C&B,BUSOFF
451514,DIGBRUXCRN,C&B,SCHEDULING
451514,DIGBRUXCRN,C&B,C&B
451514,DIGBRUXCRN,C&B,SINTER
451514,DIGBRUXCRN,C&B,CAD DESIGN
451514,DIGBRUXCRN,C&B,STAINGLZ
451694,CRNBRUX,C&B,C&B
451694,CRNBRUX,C&B,Brux Porcelain
451694,CRNBRUX,C&B,CAD Mill crown/coping
451694,CRNBRUX,C&B,FIXED MODELS
451694,CRNBRUX,C&B,Die Trim
451694,CRNBRUX,C&B,Invoice and Ship
451694,CRNBRUX,C&B,FIXED QC
451694,CRNBRUX,C&B,Sinter
451694,CRNBRUX,C&B,Outsource Design full contour
451694,CRNBRUX,C&B,Stain & Glaze
451694,CRNBRUX,C&B,Scan for crowns
451694,CRNBRUX,C&B,SCHEDULING
451366,DENZIADSTE,CHAIRSIDE SERVICES,BUSOFF
451366,DENZIADSTE,CHAIRSIDE SERVICES,REMQC
451366,DENZIADSTE,CHAIRSIDE SERVICES,CHAIRSIDE SERVICES
451366,DENZIADSTE,CHAIRSIDE SERVICES,SCHEDULING
451366,PHOTOZRBASE,CHAIRSIDE SERVICES,BUSOFF
451366,PHOTOZRBASE,CHAIRSIDE SERVICES,REMQC
451366,PHOTOZRBASE,CHAIRSIDE SERVICES,CHAIRSIDE SERVICES
451366,PHOTOZRBASE,CHAIRSIDE SERVICES,SCHEDULING
451897,DIGEZZCRN,C&B,FIXED MODELS
451897,DIGEZZCRN,C&B,Brux Porcelain
451897,DIGEZZCRN,C&B,Invoice and Ship
451897,DIGEZZCRN,C&B,CAD Mill crown/coping
451897,DIGEZZCRN,C&B,Outsource Design full contour
451897,DIGEZZCRN,C&B,Fixed QC
451897,DIGEZZCRN,C&B,SCHEDULING
451897,DIGEZZCRN,C&B,Sinter
451897,DIGEZZCRN,C&B,Stain & Glaze
451949,INFCONT,MISC,BUSOFF
451949,INFCONT,MISC,IMPLANTS
451949,INFCONT,MISC,CAD DESIGN
451949,INFCONT,MISC,PRINTING
451949,INFCONT,MISC,SCHEDULING
451949,INFCONT,MISC,Removables
451949,MODSTOREM,Removables,CAD DESIGN
451949,MODSTOREM,Removables,BUSOFF
451949,MODSTOREM,Removables,Removables
451949,MODSTOREM,Removables,IMPLANTS
451949,SGADDSITE,Surgical Guides,PRINTING
451949,MODSTOREM,Removables,PRINTING
451949,SGADDSITE,Surgical Guides,Removables
451949,MODSTOREM,Removables,SCHEDULING
451949,SGSTNTBSKY,Surgical Guides,CAD DESIGN
451949,SGADDSITE,Surgical Guides,BUSOFF
451949,SGSTNTBSKY,Surgical Guides,Removables
451949,SGADDSITE,Surgical Guides,CAD DESIGN
451949,SGADDSITE,Surgical Guides,IMPLANTS
451949,SGADDSITE,Surgical Guides,SCHEDULING
451949,SGSTNTBSKY,Surgical Guides,BUSOFF
451949,SGSTNTBSKY,Surgical Guides,IMPLANTS
451949,SGSTNTBSKY,Surgical Guides,PRINTING
451949,SGSTNTBSKY,Surgical Guides,SCHEDULING
451800,CRNBRUX,C&B,Brux Porcelain
451800,CRNBRUX,C&B,C&B
451800,CRNBRUX,C&B,CAD Mill crown/coping
451800,CRNBRUX,C&B,FIXED MODELS
451800,CRNBRUX,C&B,Die Trim
451800,CRNBRUX,C&B,Invoice and Ship
451800,CRNBRUX,C&B,FIXED QC
451800,CRNBRUX,C&B,Outsource Design full contour
451800,CRNBRUX,C&B,SCHEDULING
451800,CRNBRUX,C&B,Scan for crowns
451800,INFCONT,MISC,CAD Mill crown/coping
451800,CRNBRUX,C&B,Sinter
451800,INFCONT,MISC,FIXED MODELS
451800,CRNBRUX,C&B,Stain & Glaze
451800,INFCONT,MISC,Invoice and Ship
451800,INFCONT,MISC,Brux Porcelain
451800,INFCONT,MISC,Outsource Design full contour
451800,INFCONT,MISC,C&B
451800,INFCONT,MISC,Scan for crowns
451800,INFCONT,MISC,Die Trim
451800,INFCONT,MISC,SCHEDULING
451800,INFCONT,MISC,FIXED QC
451800,INFCONT,MISC,Sinter
451800,INFCONT,MISC,Stain & Glaze
451657,DENEVALREM,Removables,BUSOFF
451657,DENEVALREM,Removables,Removables
451657,DENLASERWD,Removables,BUSOFF
451657,DENEVALREM,Removables,REMQC
451657,DENREPCOM,Removables,BUSOFF
451657,DENEVALREM,Removables,SCHEDULING
451657,DENREPCOM,Removables,Removables
451657,DENLASERWD,Removables,Removables
451657,DENLASERWD,Removables,REMQC
451657,DENLASERWD,Removables,SCHEDULING
451657,DENREPCOM,Removables,REMQC
451657,DENREPCOM,Removables,SCHEDULING
449752,DIGBRUXCRN,C&B,
451823,CRNBRUX,C&B,Brux Porcelain
451823,CRNBRUX,C&B,C&B
451823,CRNBRUX,C&B,Die Trim
451823,CRNBRUX,C&B,CAD Mill crown/coping
451823,CRNBRUX,C&B,Invoice and Ship
451823,CRNBRUX,C&B,FIXED MODELS
451823,CRNBRUX,C&B,Sinter
451823,CRNBRUX,C&B,FIXED QC
451823,CRNBRUX,C&B,Stain & Glaze
451823,CRNBRUX,C&B,Outsource Design full contour
451823,INFCONT,MISC,C&B
451823,CRNBRUX,C&B,Scan for crowns
451823,INFCONT,MISC,CAD Mill crown/coping
451823,CRNBRUX,C&B,SCHEDULING
451823,INFCONT,MISC,FIXED MODELS
451823,INFCONT,MISC,Brux Porcelain
451823,INFCONT,MISC,Invoice and Ship
451823,INFCONT,MISC,Die Trim
451823,INFCONT,MISC,Outsource Design full contour
451823,INFCONT,MISC,FIXED QC
451823,INFCONT,MISC,SCHEDULING
451823,INFCONT,MISC,Scan for crowns
451823,INFCONT,MISC,Sinter
451823,INFCONT,MISC,Stain & Glaze
451849,DIGBRUXCRN,C&B,BUSOFF
451849,DIGBRUXCRN,C&B,SINTER
451849,DIGBRUXCRN,C&B,C&B
451849,DIGBRUXCRN,C&B,CAD DESIGN
451849,DIGBRUXCRN,C&B,FIXED QC
451849,DIGBRUXCRN,C&B,SCHEDULING
451849,DIGBRUXCRN,C&B,STAINGLZ
447311,DIGBRUXCRN,C&B,
445009,DIGBRUXCRN,C&B,BUSOFF
445009,DIGBRUXCRN,C&B,CAD DESIGN
445009,DIGBRUXCRN,C&B,C&B
445009,DIGBRUXCRN,C&B,SINTER
445009,DIGBRUXCRN,C&B,FIXED QC
445009,DIGBRUXCRN,C&B,SCHEDULING
445009,DIGBRUXCRN,C&B,STAINGLZ
450152,DIGLAYCRN,C&B,BUSOFF
450152,DIGLAYCRN,C&B,CAD DESIGN
450152,DIGLAYCRN,C&B,C&B
450152,DIGLAYCRN,C&B,SCHEDULING
450152,DIGLAYCRN,C&B,FIXED QC
450152,DIGLAYCRN,C&B,SINTER
450152,DIGLAYCRN,C&B,STAINGLZ
451772,CRNBRUX,C&B,FIXED MODELS
451772,CRNBRUX,C&B,Brux Porcelain
451772,CRNBRUX,C&B,Invoice and Ship
451772,CRNBRUX,C&B,C&B
451772,CRNBRUX,C&B,Outsource Design full contour
451772,CRNBRUX,C&B,CAD Mill crown/coping
451772,CRNBRUX,C&B,Stain & Glaze
451772,CRNBRUX,C&B,Die Trim
451772,CRNBRUX,C&B,FIXED QC
451772,CRNBRUX,C&B,Scan for crowns
451772,CRNBRUX,C&B,SCHEDULING
451772,CRNBRUX,C&B,Sinter
451526,DIGANALOG,IMPLANT PT,CAD DESIGN
451526,DIGANALOG,IMPLANT PT,BUSOFF
451526,DIGANALOG,IMPLANT PT,Fixed QC
451526,DIGANALOG,IMPLANT PT,C&B
451526,DIGANALOG,IMPLANT PT,Impl Eval/Set TA
451526,DIGANALOG,IMPLANT PT,FIXED MODELS
451526,DIGANALOG,IMPLANT PT,SCHEDULING
451526,DIGANALOG,IMPLANT PT,IMPLANTS
451526,DIGANALOG,IMPLANT PT,SINTER
451526,DIGANALOG,IMPLANT PT,Scan Abutments
451526,DIGANALOG,IMPLANT PT,STAINGLZ
451526,DIGBRUXCRN,C&B,CAD DESIGN
451526,DIGANALOG,IMPLANT PT,Tissue Trim
451526,DIGBRUXCRN,C&B,FIXED MODELS
451526,DIGBRUXCRN,C&B,BUSOFF
451526,DIGBRUXCRN,C&B,IMPLANTS
451526,DIGBRUXCRN,C&B,C&B
451526,DIGBRUXCRN,C&B,Scan Abutments
451526,DIGBRUXCRN,C&B,Fixed QC
451526,DIGBRUXCRN,C&B,SCHEDULING
451526,DIGBRUXCRN,C&B,Impl Eval/Set TA
451526,DIGBRUXCRN,C&B,SINTER
451526,DIGBRUXCRN,C&B,STAINGLZ
451526,SCREWRETCRN,IMPLANTS,FIXED MODELS
451526,DIGBRUXCRN,C&B,Tissue Trim
451526,SCREWRETCRN,IMPLANTS,Impl Eval/Set TA
451526,SCREWRETCRN,IMPLANTS,BUSOFF
451526,SCREWRETCRN,IMPLANTS,IMPLANTS
451526,SCREWRETCRN,IMPLANTS,C&B
451526,SCREWRETCRN,IMPLANTS,Tissue Trim
451526,SCREWRETCRN,IMPLANTS,CAD DESIGN
451526,SCREWRETCRN,IMPLANTS,Fixed QC
451526,SCREWRETCRN,IMPLANTS,Scan Abutments
451526,SCREWRETCRN,IMPLANTS,SCHEDULING
451526,SCREWRETCRN,IMPLANTS,SINTER
451526,SCREWRETCRN,IMPLANTS,STAINGLZ
451794,CRNEZZ,C&B,C&B
451794,CRNEZZ,C&B,Brux Porcelain
451794,CRNEZZ,C&B,FIXED MODELS
451794,CRNEZZ,C&B,CAD Mill crown/coping
451794,CRNEZZ,C&B,Invoice and Ship
451794,CRNEZZ,C&B,Die Trim
451794,CRNEZZ,C&B,Outsource Design full contour
451794,CRNEZZ,C&B,Fixed QC
451794,CRNEZZ,C&B,Scan for crowns
451794,CRNEZZ,C&B,SCHEDULING
451794,CRNEZZ,C&B,Sinter
451794,CRNEZZ,C&B,Stain & Glaze
451784,DIGBRUXCRN,C&B,CAD DESIGN
451784,DIGBRUXCRN,C&B,BUSOFF
451784,DIGBRUXCRN,C&B,SINTER
451784,DIGBRUXCRN,C&B,C&B
451784,DIGBRUXCRN,C&B,STAINGLZ
451784,DIGBRUXCRN,C&B,FIXED QC
451784,DIGBRUXCRN,C&B,SCHEDULING
451140,CRNDRCALLN,C&B,Brux Porcelain
451140,CRNDRCALLN,C&B,BUSOFF
451140,CRNDRCALLN,C&B,CAD Mill crown/coping
451140,CRNDRCALLN,C&B,C&B
451140,CRNDRCALLN,C&B,CTS
451140,CRNDRCALLN,C&B,FIXED MODELS
451140,CRNDRCALLN,C&B,FINISHING
451140,CRNDRCALLN,C&B,Outsource Design full contour
451140,CRNDRCALLN,C&B,Fixed QC
451140,CRNDRCALLN,C&B,Stain & Glaze
451140,CRNDRCALLN,C&B,SCHEDULING
451140,CRNZIRCBR,C&B,BUSOFF
451140,CRNDRCALLN,C&B,Sinter
451140,CRNZIRCBR,C&B,C&B
451140,CRNZIRCBR,C&B,Brux Porcelain
451140,CRNZIRCBR,C&B,CAD Mill crown/coping
451140,CRNZIRCBR,C&B,CTS
451140,CRNZIRCBR,C&B,FIXED MODELS
451140,CRNZIRCBR,C&B,FINISHING
451140,CRNZIRCBR,C&B,Outsource Design full contour
451140,CRNZIRCBR,C&B,Fixed QC
451140,DIGEZZCRN,C&B,BUSOFF
451140,CRNZIRCBR,C&B,SCHEDULING
451140,DIGEZZCRN,C&B,C&B
451140,CRNZIRCBR,C&B,Sinter
451140,DIGEZZCRN,C&B,CAD Mill crown/coping
451140,CRNZIRCBR,C&B,Stain & Glaze
451140,DIGEZZCRN,C&B,FINISHING
451140,DIGEZZCRN,C&B,Brux Porcelain
451140,DIGEZZCRN,C&B,Fixed QC
451140,DIGEZZCRN,C&B,CTS
451140,DIGEZZCRN,C&B,Outsource Design full contour
451140,DIGEZZCRN,C&B,FIXED MODELS
451140,DIGEZZCRN,C&B,SCHEDULING
451140,DIGEZZCRN,C&B,Sinter
451140,DIGEZZCRN,C&B,Stain & Glaze
451980,PARTIALDUR,PARTIAL,
451356,,,
451737,DIGBRUXCRN,C&B,
451894,CRNZAD,C&B,C&B
451894,INFCONT,MISC,C&B
450433,,,
451392,DIGMODCADREM,Removables,OUTSRCBUS
451392,DIGMODCADREM,Removables,BUSOFF
451392,DIGMODCADREM,Removables,REMQC
451392,DIGMODCADREM,Removables,PARTIAL
451392,DIGMODCADREM,Removables,SCHEDULING
451392,DIGMODCADREM,Removables,PRINTING
451392,PARTIAL,PARTIAL,OUTSRCBUS
451392,DIGMODCADREM,Removables,Removables
451392,PARTIAL,PARTIAL,Removables
451392,PARTIAL,PARTIAL,BUSOFF
451392,PARTIAL,PARTIAL,REMQC
451392,PARTIAL,PARTIAL,PARTIAL
451392,PARTIAL,PARTIAL,PRINTING
451392,PARTIAL,PARTIAL,SCHEDULING
450005,IMPEVAL,IMPLANTS,BUSOFF
450005,IMPEVAL,IMPLANTS,IMPLANTS
450005,IMPEVAL,IMPLANTS,SCHEDULING
443849,,,
451568,DELIVERY,DELIVERY,BUSOFF
451568,DELIVERY,DELIVERY,PARTIAL
451568,DELIVERY,DELIVERY,REMQC
451568,DELIVERY,DELIVERY,SCHEDULING
451568,DENTHREM5+,Removables,BUSOFF
451568,DENTHREM5+,Removables,REMQC
451568,DENTHREM5+,Removables,PARTIAL
451568,DENTHREM5+,Removables,SCHEDULING
451568,INFCONT,MISC,PARTIAL
451568,INFCONT,MISC,BUSOFF
451568,PARTIALDUR,PARTIAL,REMQC
451568,INFCONT,MISC,REMQC
451568,PARTIALDUR,PARTIAL,SCHEDULING
451568,INFCONT,MISC,SCHEDULING
451568,PARTIALDUR,PARTIAL,BUSOFF
451568,PARTIALDUR,PARTIAL,PARTIAL
452019,CRA,SPLINTS,SCHEDULING
452019,CRA,SPLINTS,BUSOFF
452019,DENDRCALLR,Removables,BUSOFF
452019,CRA,SPLINTS,CAD SCANNING
452019,DENDRCALLR,Removables,CAD SCANNING
452019,CRA,SPLINTS,PRINTING
452019,DENDRCALLR,Removables,SPLINTS
452019,CRA,SPLINTS,Removables
452019,INFCONT,MISC,CAD SCANNING
452019,CRA,SPLINTS,REMQC
452019,INFCONT,MISC,PRINTING
452019,CRA,SPLINTS,SPLINTS
452019,INFCONT,MISC,Removables
452019,DENDRCALLR,Removables,PRINTING
452019,INFCONT,MISC,SPLINTS
452019,DENDRCALLR,Removables,Removables
452019,MODSTOREM,Removables,BUSOFF
452019,DENDRCALLR,Removables,REMQC
452019,MODSTOREM,Removables,CAD SCANNING
452019,DENDRCALLR,Removables,SCHEDULING
452019,MODSTOREM,Removables,PRINTING
452019,INFCONT,MISC,BUSOFF
452019,MODSTOREM,Removables,REMQC
452019,INFCONT,MISC,REMQC
452019,MODSTOREM,Removables,SCHEDULING
452019,INFCONT,MISC,SCHEDULING
452019,MODSTOREM,Removables,Removables
452019,MODSTOREM,Removables,SPLINTS
451874,CRNEZZ,C&B,C&B
451874,CRNEZZ,C&B,Brux Porcelain
451874,CRNEZZ,C&B,CAD Mill crown/coping
451874,CRNEZZ,C&B,Fixed QC
451874,CRNEZZ,C&B,Die Trim
451874,CRNEZZ,C&B,Scan for crowns
451874,CRNEZZ,C&B,FIXED MODELS
451874,CRNEZZ,C&B,Sinter
451874,CRNEZZ,C&B,Invoice and Ship
451874,CRNEZZ,C&B,Outsource Design full contour
451874,CRNEZZ,C&B,SCHEDULING
451874,CRNEZZ,C&B,Stain & Glaze
452052,DIGBRUXCRN,C&B,CAD DESIGN
452052,DIGBRUXCRN,C&B,BUSOFF
452052,DIGBRUXCRN,C&B,SCHEDULING
452052,DIGBRUXCRN,C&B,C&B
452052,DIGBRUXCRN,C&B,FIXED QC
452052,DIGBRUXCRN,C&B,SINTER
452052,DIGBRUXCRN,C&B,STAINGLZ
451265,DIGFCCRN,C&B,BUSOFF
451265,DIGFCCRN,C&B,FINISHING
451265,DIGFCCRN,C&B,C&B
451265,DIGFCCRN,C&B,FIXED QC
451265,DIGFCCRN,C&B,CAD DESIGN
451265,DIGFCCRN,C&B,OUTSRCBUS
451265,DIGFCCRN,C&B,CAD SCANNING
451265,DIGFCCRN,C&B,SCHEDULING
451265,DIGFCCRN,C&B,DIETRIM
451265,HNY40,Alloy,BUSOFF
451265,HNY40,Alloy,CAD DESIGN
451265,HNY40,Alloy,C&B
451265,HNY40,Alloy,FINISHING
451265,HNY40,Alloy,CAD SCANNING
451265,HNY40,Alloy,FIXED QC
451265,HNY40,Alloy,DIETRIM
451265,HNY40,Alloy,OUTSRCBUS
451265,HNY40,Alloy,SCHEDULING
451714,PARTIALDUR,PARTIAL,PARTIAL
451714,PARTIALDUR,PARTIAL,BUSOFF
451714,PARTIALDUR,PARTIAL,REMQC
451714,PARTIALDUR,PARTIAL,SCHEDULING
452000,DIGBRUXCRN,C&B,BUSOFF
452000,DIGBRUXCRN,C&B,CAD DESIGN
452000,DIGBRUXCRN,C&B,C&B
452000,DIGBRUXCRN,C&B,FIXED QC
452000,DIGBRUXCRN,C&B,SCHEDULING
452000,DIGBRUXCRN,C&B,SINTER
452000,DIGBRUXCRN,C&B,STAINGLZ
452022,CRNCS,C&B,CAD DESIGN
452022,CRNCS,C&B,BUSOFF
452022,CRNCS,C&B,CUSTSHADE
452022,CRNCS,C&B,C&B
452022,CRNCS,C&B,PORCELAIN
452022,CRNCS,C&B,CAD SCANNING
452022,CRNEMAXVEN,C&B,CAD DESIGN
452022,CRNCS,C&B,DIETRIM
452022,CRNEMAXVEN,C&B,DIETRIM
452022,CRNCS,C&B,FIXED QC
452022,CRNEMAXVEN,C&B,FIXED QC
452022,CRNCS,C&B,SCHEDULING
452022,CRNEMAXVEN,C&B,BUSOFF
452022,CRNEMAXVEN,C&B,C&B
452022,CRNEMAXVEN,C&B,CAD SCANNING
452022,CRNEMAXVEN,C&B,CUSTSHADE
452022,CRNEMAXVEN,C&B,PORCELAIN
452022,CRNEMAXVEN,C&B,SCHEDULING
447312,DIGBRUXCRN,C&B,
451809,CRNBRUX,C&B,Brux Porcelain
451809,CRNBRUX,C&B,C&B
451809,CRNBRUX,C&B,Die Trim
451809,CRNBRUX,C&B,CAD Mill crown/coping
451809,CRNBRUX,C&B,Invoice and Ship
451809,CRNBRUX,C&B,FIXED MODELS
451809,CRNBRUX,C&B,Sinter
451809,CRNBRUX,C&B,FIXED QC
451809,CRNBRUX,C&B,Stain & Glaze
451809,CRNBRUX,C&B,Outsource Design full contour
451809,CRNBRUX,C&B,Scan for crowns
451809,CRNBRUX,C&B,SCHEDULING
451635,CRNZIRCBR,C&B,BUSOFF
451635,CRNZIRCBR,C&B,FIXED QC
451635,CRNZIRCBR,C&B,C&B
451635,CRNZIRCBR,C&B,SINTER
451635,CRNZIRCBR,C&B,CAD DESIGN
451635,CRNZIRCBR,C&B,STAINGLZ
451635,CRNZIRCBR,C&B,FINISHING
451635,DIGLAYCRN,C&B,CAD DESIGN
451635,CRNZIRCBR,C&B,SCHEDULING
451635,DIGLAYCRN,C&B,FIXED QC
451635,DIGLAYCRN,C&B,BUSOFF
451635,DIGLAYCRN,C&B,SINTER
451635,DIGLAYCRN,C&B,C&B
451635,DIGLAYCRN,C&B,STAINGLZ
451635,DIGLAYCRN,C&B,FINISHING
451635,DIGLAYCRN,C&B,SCHEDULING
450324,DENFULPFIN,Removables,BUSOFF
450324,DENFULPFIN,Removables,REMQC
450324,DENFULPFIN,Removables,Removables
450324,DENFULPFIN,Removables,SCHEDULING
450324,DENPROCNM,Removables,Removables
450324,DENPROCNM,Removables,BUSOFF
450324,DENPROCNM,Removables,REMQC
450324,DENPROCNM,Removables,SCHEDULING
451019,BIOTIABUT,IMPLANTS,CUSTSHADE
451019,BIOTIABUT,IMPLANTS,Brux Porcelain
451019,BIOTIABUT,IMPLANTS,Die Trim
451019,BIOTIABUT,IMPLANTS,C&B
451019,BIOTIABUT,IMPLANTS,FIXED MODELS
451019,BIOTIABUT,IMPLANTS,CAD Mill crown/coping
451019,BIOTIABUT,IMPLANTS,IMPLANTS
451019,BIOTIABUT,IMPLANTS,Fixed QC
451019,BIOTIABUT,IMPLANTS,Outsource Design full contour
451019,BIOTIABUT,IMPLANTS,Invoice and Ship
451019,BIOTIABUT,IMPLANTS,Sinter
451019,BIOTIABUT,IMPLANTS,PORCELAIN
451019,CRNCS,C&B,C&B
451019,BIOTIABUT,IMPLANTS,Scan for crowns
451019,CRNCS,C&B,CAD Mill crown/coping
451019,BIOTIABUT,IMPLANTS,SCHEDULING
451019,CRNCS,C&B,Die Trim
451019,BIOTIABUT,IMPLANTS,Stain & Glaze
451019,CRNCS,C&B,FIXED MODELS
451019,CRNCS,C&B,Brux Porcelain
451019,CRNCS,C&B,Fixed QC
451019,CRNCS,C&B,CUSTSHADE
451019,CRNCS,C&B,IMPLANTS
451019,CRNCS,C&B,Invoice and Ship
451019,CRNCS,C&B,Outsource Design full contour
451019,CRNCS,C&B,PORCELAIN
451019,CRNCS,C&B,Scan for crowns
451019,CRNCS,C&B,Sinter
451019,CRNCS,C&B,SCHEDULING
451019,CRNCS,C&B,Stain & Glaze
451019,CRNEZZ,C&B,C&B
451019,CRNEZZ,C&B,Brux Porcelain
451019,CRNEZZ,C&B,CAD Mill crown/coping
451019,CRNEZZ,C&B,CUSTSHADE
451019,CRNEZZ,C&B,Die Trim
451019,CRNEZZ,C&B,FIXED MODELS
451019,CRNEZZ,C&B,Fixed QC
451019,CRNEZZ,C&B,IMPLANTS
451019,CRNEZZ,C&B,Scan for crowns
451019,CRNEZZ,C&B,Invoice and Ship
451019,CRNEZZ,C&B,SCHEDULING
451019,CRNEZZ,C&B,Outsource Design full contour
451019,INFCONT,MISC,Brux Porcelain
451019,CRNEZZ,C&B,PORCELAIN
451019,INFCONT,MISC,CAD Mill crown/coping
451019,CRNEZZ,C&B,Sinter
451019,INFCONT,MISC,Die Trim
451019,CRNEZZ,C&B,Stain & Glaze
451019,INFCONT,MISC,Fixed QC
451019,INFCONT,MISC,C&B
451019,INFCONT,MISC,CUSTSHADE
451019,INFCONT,MISC,FIXED MODELS
451019,INFCONT,MISC,IMPLANTS
451019,INFCONT,MISC,Invoice and Ship
451019,INFCONT,MISC,Outsource Design full contour
451019,INFCONT,MISC,PORCELAIN
451019,INFCONT,MISC,Scan for crowns
451019,INFCONT,MISC,SCHEDULING
451019,INFCONT,MISC,Sinter
451019,INFCONT,MISC,Stain & Glaze
452027,DIGBRUXCRN,C&B,BUSOFF
452027,DIGBRUXCRN,C&B,BUILD MODEL
452027,DIGBRUXCRN,C&B,C&B
452027,DIGBRUXCRN,C&B,CAD DESIGN
452027,DIGBRUXCRN,C&B,Fixed QC
452027,DIGBRUXCRN,C&B,FIXED MODELS
452027,DIGBRUXCRN,C&B,SCHEDULING
452027,DIGBRUXCRN,C&B,PRINT STUDY MODELS
452027,DIGBRUXCRN,C&B,SINTER
452027,DIGMODCADFIX,C&B,CAD DESIGN
452027,DIGBRUXCRN,C&B,STAINGLZ
452027,DIGMODCADFIX,C&B,Fixed QC
452027,DIGMODCADFIX,C&B,BUILD MODEL
452027,DIGMODCADFIX,C&B,SCHEDULING
452027,DIGMODCADFIX,C&B,BUSOFF
452027,DIGMODCADFIX,C&B,C&B
452027,DIGMODCADFIX,C&B,FIXED MODELS
452027,DIGMODCADFIX,C&B,PRINT STUDY MODELS
452027,DIGMODCADFIX,C&B,SINTER
452027,DIGMODCADFIX,C&B,STAINGLZ
451850,CRAHSC,SPLINTS,Removables
451850,CRAHSC,SPLINTS,BUSOFF
451850,CRAHSC,SPLINTS,SPLINTS
451850,CRAHSC,SPLINTS,PRINTING
451850,DIGMODCADREM,Removables,PRINTING
451850,CRAHSC,SPLINTS,SCHEDULING
451850,DIGMODCADREM,Removables,Removables
451850,DIGMODCADREM,Removables,BUSOFF
451850,DIGMODCADREM,Removables,SCHEDULING
451850,DIGMODCADREM,Removables,SPLINTS
451502,CRNDRCALLN,C&B,Brux Porcelain
451502,CRNDRCALLN,C&B,BUSOFF
451502,CRNDRCALLN,C&B,CAD Mill crown/coping
451502,CRNDRCALLN,C&B,C&B
451502,CRNDRCALLN,C&B,Scan for crowns
451502,CRNDRCALLN,C&B,CTS
451502,CRNDRCALLN,C&B,SCHEDULING
451502,CRNDRCALLN,C&B,Die Trim
451502,CRNDRCALLN,C&B,Stain & Glaze
451502,CRNDRCALLN,C&B,Fixed QC
451502,CRNEZZ,C&B,Brux Porcelain
451502,CRNDRCALLN,C&B,Outsource Design full contour
451502,CRNEZZ,C&B,CAD Mill crown/coping
451502,CRNDRCALLN,C&B,Sinter
451502,CRNEZZ,C&B,Outsource Design full contour
451502,CRNEZZ,C&B,BUSOFF
451502,CRNEZZ,C&B,Scan for crowns
451502,CRNEZZ,C&B,C&B
451502,CRNEZZ,C&B,SCHEDULING
451502,CRNEZZ,C&B,CTS
451502,CRNEZZ,C&B,Stain & Glaze
451502,CRNEZZ,C&B,Die Trim
451502,INFCONT,MISC,Brux Porcelain
451502,CRNEZZ,C&B,Fixed QC
451502,INFCONT,MISC,CAD Mill crown/coping
451502,CRNEZZ,C&B,Sinter
451502,INFCONT,MISC,CTS
451502,INFCONT,MISC,BUSOFF
451502,INFCONT,MISC,Fixed QC
451502,INFCONT,MISC,C&B
451502,INFCONT,MISC,Scan for crowns
451502,INFCONT,MISC,Die Trim
451502,INFCONT,MISC,SCHEDULING
451502,INFCONT,MISC,Outsource Design full contour
451502,INFCONT,MISC,Sinter
451502,INFCONT,MISC,Stain & Glaze
440397,DENEVALREM,Removables,BUSOFF
440397,DENEVALREM,Removables,ORTHO
440397,DENEVALREM,Removables,REMQC
440397,DENEVALREM,Removables,OUTSRCBUS
440397,DENEVALREM,Removables,SCHEDULING
440397,DENEVALREM,Removables,PRINTING
440397,DIGMODCADREM,Removables,BUSOFF
440397,DENEVALREM,Removables,Removables
440397,DIGMODCADREM,Removables,ORTHO
440397,DIGMODCADREM,Removables,OUTSRCBUS
440397,DIGMODCADREM,Removables,PRINTING
440397,DIGMODCADREM,Removables,Removables
440397,DIGMODCADREM,Removables,REMQC
440397,ORTSPMAINT,ORTHO,OUTSRCBUS
440397,DIGMODCADREM,Removables,SCHEDULING
440397,ORTSPMAINT,ORTHO,Removables
440397,ORTSPMAINT,ORTHO,BUSOFF
440397,ORTSPMAINT,ORTHO,REMQC
440397,ORTSPMAINT,ORTHO,ORTHO
440397,ORTSPMAINT,ORTHO,PRINTING
440397,ORTSPMAINT,ORTHO,SCHEDULING
451734,CRNFCCNP,C&B,BUSOFF
451734,CRNFCCNP,C&B,CAD DESIGN
451734,CRNFCCNP,C&B,C&B
451734,INFCONT,MISC,CAD DESIGN
451734,CRNFCCNP,C&B,CAD SCANNING
451734,INFCONT,MISC,DIETRIM
451734,CRNFCCNP,C&B,DIETRIM
451734,INFCONT,MISC,FIXED QC
451734,CRNFCCNP,C&B,FINISHING
451734,INFCONT,MISC,SCHEDULING
451734,CRNFCCNP,C&B,FIXED QC
451734,CRNFCCNP,C&B,SCHEDULING
451734,INFCONT,MISC,BUSOFF
451734,INFCONT,MISC,C&B
451734,INFCONT,MISC,CAD SCANNING
451734,INFCONT,MISC,FINISHING
451631,ART-EVQC-CLSCN,MISC,
451631,ART-EVQC-CLSCN,MISC,BUSOFF
451631,ART-EVQC-CLSCN,MISC,Removables
451631,ART-EVQC-CLSCN,MISC,PRINTING
451631,DIGCRAHARD,SPLINTS,BUSOFF
451631,ART-EVQC-CLSCN,MISC,SCHEDULING
451631,DIGCRAHARD,SPLINTS,PRINTING
451631,DIGCRAHARD,SPLINTS,
451631,DIGCRAHARD,SPLINTS,SCHEDULING
451631,DIGCRAHARD,SPLINTS,Removables
451631,DIGMODCADREM,Removables,BUSOFF
451631,DIGMODCADREM,Removables,
451631,DIGMODCADREM,Removables,PRINTING
451631,DIGMODCADREM,Removables,Removables
451631,DIGMODCADREM,Removables,SCHEDULING
451567,CRNBRUX,C&B,Die Trim
451567,CRNBRUX,C&B,Brux Porcelain
451567,CRNBRUX,C&B,FIXED MODELS
451567,CRNBRUX,C&B,C&B
451567,CRNBRUX,C&B,Outsource Design full contour
451567,CRNBRUX,C&B,CAD Mill crown/coping
451567,CRNZIRCBR,C&B,Brux Porcelain
451567,CRNBRUX,C&B,FINISHING
451567,CRNZIRCBR,C&B,Die Trim
451567,CRNBRUX,C&B,FIXED QC
451567,CRNZIRCBR,C&B,FINISHING
451567,CRNBRUX,C&B,Invoice and Ship
451567,CRNZIRCBR,C&B,FIXED QC
451567,CRNBRUX,C&B,Scan for crowns
451567,CRNZIRCBR,C&B,Scan for crowns
451567,CRNBRUX,C&B,SCHEDULING
451567,CRNZIRCBR,C&B,SCHEDULING
451567,CRNBRUX,C&B,Sinter
451567,CRNZIRCBR,C&B,Sinter
451567,CRNBRUX,C&B,Stain & Glaze
451567,DELIVERY,DELIVERY,Brux Porcelain
451567,CRNZIRCBR,C&B,C&B
451567,DELIVERY,DELIVERY,Die Trim
451567,CRNZIRCBR,C&B,CAD Mill crown/coping
451567,DELIVERY,DELIVERY,FINISHING
451567,CRNZIRCBR,C&B,FIXED MODELS
451567,DELIVERY,DELIVERY,FIXED QC
451567,CRNZIRCBR,C&B,Invoice and Ship
451567,DELIVERY,DELIVERY,Scan for crowns
451567,CRNZIRCBR,C&B,Outsource Design full contour
451567,DELIVERY,DELIVERY,SCHEDULING
451567,CRNZIRCBR,C&B,Stain & Glaze
451567,DELIVERY,DELIVERY,Sinter
451567,DELIVERY,DELIVERY,C&B
451567,INFCONT,MISC,C&B
451567,DELIVERY,DELIVERY,CAD Mill crown/coping
451567,INFCONT,MISC,CAD Mill crown/coping
451567,DELIVERY,DELIVERY,FIXED MODELS
451567,INFCONT,MISC,Die Trim
451567,DELIVERY,DELIVERY,Invoice and Ship
451567,INFCONT,MISC,FINISHING
451567,DELIVERY,DELIVERY,Outsource Design full contour
451567,INFCONT,MISC,FIXED MODELS
451567,DELIVERY,DELIVERY,Stain & Glaze
451567,INFCONT,MISC,Invoice and Ship
451567,INFCONT,MISC,Brux Porcelain
451567,INFCONT,MISC,Outsource Design full contour
451567,INFCONT,MISC,FIXED QC
451567,INFCONT,MISC,SCHEDULING
451567,INFCONT,MISC,Scan for crowns
451567,INFCONT,MISC,Stain & Glaze
451567,INFCONT,MISC,Sinter
451813,CRAHSC,SPLINTS,BUSOFF
451813,CRAHSC,SPLINTS,Removables
451813,CRAHSC,SPLINTS,PRINTING
451813,CRAHSC,SPLINTS,SPLINTS
451813,CRAHSC,SPLINTS,SCHEDULING
451813,DIGMODCADREM,Removables,BUSOFF
451813,DIGMODCADREM,Removables,PRINTING
451813,DIGMODCADREM,Removables,SCHEDULING
451813,DIGMODCADREM,Removables,Removables
451813,DIGMODCADREM,Removables,SPLINTS
451328,CRNCS,C&B,BUSOFF
451328,CRNCS,C&B,BUILD MODEL
451328,CRNCS,C&B,C&B
451328,CRNCS,C&B,CAD DESIGN
451328,CRNCS,C&B,Fixed QC
451328,CRNCS,C&B,CUSTSHADE
451328,CRNCS,C&B,SCHEDULING
451328,CRNCS,C&B,FIXED MODELS
451328,DIGLAYCRN,C&B,CAD DESIGN
451328,CRNCS,C&B,PORCELAIN
451328,DIGLAYCRN,C&B,FIXED MODELS
451328,CRNCS,C&B,PRINT STUDY MODELS
451328,DIGLAYCRN,C&B,Fixed QC
451328,CRNCS,C&B,SINTER
451328,DIGLAYCRN,C&B,PORCELAIN
451328,CRNCS,C&B,STAINGLZ
451328,DIGLAYCRN,C&B,SCHEDULING
451328,DIGLAYCRN,C&B,BUILD MODEL
451328,DIGLAYCRN,C&B,STAINGLZ
451328,DIGLAYCRN,C&B,BUSOFF
451328,DIGMODCADFIX,C&B,CAD DESIGN
451328,DIGLAYCRN,C&B,C&B
451328,DIGMODCADFIX,C&B,CUSTSHADE
451328,DIGLAYCRN,C&B,CUSTSHADE
451328,DIGMODCADFIX,C&B,PORCELAIN
451328,DIGLAYCRN,C&B,PRINT STUDY MODELS
451328,DIGMODCADFIX,C&B,SCHEDULING
451328,DIGLAYCRN,C&B,SINTER
451328,DIGMODCADFIX,C&B,BUILD MODEL
451328,DIGMODCADFIX,C&B,BUSOFF
451328,DIGMODCADFIX,C&B,C&B
451328,DIGMODCADFIX,C&B,FIXED MODELS
451328,DIGMODCADFIX,C&B,Fixed QC
451328,DIGMODCADFIX,C&B,PRINT STUDY MODELS
451328,DIGMODCADFIX,C&B,SINTER
451328,DIGMODCADFIX,C&B,STAINGLZ
451698,CRNEZZ,C&B,Brux Porcelain
451698,CRNEZZ,C&B,C&B
451698,CRNEZZ,C&B,Fixed QC
451698,CRNEZZ,C&B,CAD Mill crown/coping
451698,CRNEZZ,C&B,Scan for crowns
451698,CRNEZZ,C&B,Die Trim
451698,CRNEZZ,C&B,Sinter
451698,CRNEZZ,C&B,FINISHING
451698,CRNZIRCBR,C&B,C&B
451698,CRNEZZ,C&B,FIXED MODELS
451698,CRNZIRCBR,C&B,FIXED MODELS
451698,CRNEZZ,C&B,Invoice and Ship
451698,CRNZIRCBR,C&B,Fixed QC
451698,CRNEZZ,C&B,Outsource Design full contour
451698,CRNZIRCBR,C&B,Outsource Design full contour
451698,CRNEZZ,C&B,SCHEDULING
451698,CRNZIRCBR,C&B,Sinter
451698,CRNEZZ,C&B,Stain & Glaze
451698,CRNZIRCBR,C&B,Brux Porcelain
451698,CRNZIRCBR,C&B,CAD Mill crown/coping
451698,CRNZIRCBR,C&B,Die Trim
451698,CRNZIRCBR,C&B,FINISHING
451698,CRNZIRCBR,C&B,Invoice and Ship
451698,CRNZIRCBR,C&B,Scan for crowns
451698,CRNZIRCBR,C&B,SCHEDULING
451698,CRNZIRCBR,C&B,Stain & Glaze
451943,DIGBRUXCRN,C&B,BUSOFF
451943,DIGBRUXCRN,C&B,FIXED QC
451943,DIGBRUXCRN,C&B,C&B
451943,DIGBRUXCRN,C&B,SCHEDULING
451943,DIGBRUXCRN,C&B,CAD DESIGN
451943,DIGBRUXCRN,C&B,SINTER
451943,DIGBRUXCRN,C&B,STAINGLZ
445409,ART-EVQC-CLDR,MISC,Brux Porcelain
445409,ART-EVQC-CLDR,MISC,FIXED MODELS
445409,ART-EVQC-CLDR,MISC,BUSOFF
445409,ART-EVQC-CLDR,MISC,Outsource Design full contour
445409,ART-EVQC-CLDR,MISC,CAD Mill crown/coping
445409,ART-EVQC-CLDR,MISC,PRINTING
445409,ART-EVQC-CLDR,MISC,Fixed QC
445409,ART-EVQC-CLDR,MISC,Removables
445409,ART-EVQC-CLDR,MISC,REMQC
445409,ART-EVQC-CLDR,MISC,Stain & Glaze
445409,ART-EVQC-CLDR,MISC,SCHEDULING
445409,DENCLASP,Removables,CAD Mill crown/coping
445409,ART-EVQC-CLDR,MISC,Sinter
445409,DENCLASP,Removables,FIXED MODELS
445409,DENCLASP,Removables,Brux Porcelain
445409,DENCLASP,Removables,Fixed QC
445409,DENCLASP,Removables,BUSOFF
445409,DENCLASP,Removables,Outsource Design full contour
445409,DENCLASP,Removables,PRINTING
445409,DENCLASP,Removables,REMQC
445409,DENCLASP,Removables,Removables
445409,DENCLASP,Removables,SCHEDULING
445409,DENCLASP,Removables,Sinter
445409,DENCLASP,Removables,Stain & Glaze
445409,DIGEZZCRN,C&B,Brux Porcelain
445409,DIGEZZCRN,C&B,BUSOFF
445409,DIGEZZCRN,C&B,Fixed QC
445409,DIGEZZCRN,C&B,CAD Mill crown/coping
445409,DIGEZZCRN,C&B,Removables
445409,DIGEZZCRN,C&B,FIXED MODELS
445409,DIGEZZCRN,C&B,REMQC
445409,DIGEZZCRN,C&B,Outsource Design full contour
445409,DIGEZZCRN,C&B,SCHEDULING
445409,DIGEZZCRN,C&B,PRINTING
445409,DIGEZZCRN,C&B,Sinter
445409,DIGEZZCRN,C&B,Stain & Glaze
445409,DIGFLIP1-5,PARTIAL,Brux Porcelain
445409,DIGFLIP1-5,PARTIAL,BUSOFF
445409,DIGFLIP1-5,PARTIAL,Fixed QC
445409,DIGFLIP1-5,PARTIAL,CAD Mill crown/coping
445409,DIGFLIP1-5,PARTIAL,PRINTING
445409,DIGFLIP1-5,PARTIAL,FIXED MODELS
445409,DIGFLIP1-5,PARTIAL,Removables
445409,DIGFLIP1-5,PARTIAL,Outsource Design full contour
445409,DIGFLIP1-5,PARTIAL,REMQC
445409,DIGFLIP1-5,PARTIAL,SCHEDULING
445409,DIGFLIP1-5,PARTIAL,Sinter
445409,DIGMODCADREM,Removables,BUSOFF
445409,DIGFLIP1-5,PARTIAL,Stain & Glaze
445409,DIGMODCADREM,Removables,FIXED MODELS
445409,DIGMODCADREM,Removables,Brux Porcelain
445409,DIGMODCADREM,Removables,Outsource Design full contour
445409,DIGMODCADREM,Removables,CAD Mill crown/coping
445409,DIGMODCADREM,Removables,PRINTING
445409,DIGMODCADREM,Removables,Fixed QC
445409,DIGMODCADREM,Removables,Removables
445409,DIGMODCADREM,Removables,SCHEDULING
445409,DIGMODCADREM,Removables,REMQC
445409,DTARTICA1,Removables,BUSOFF
445409,DIGMODCADREM,Removables,Sinter
445409,DTARTICA1,Removables,CAD Mill crown/coping
445409,DIGMODCADREM,Removables,Stain & Glaze
445409,DTARTICA1,Removables,Fixed QC
445409,DTARTICA1,Removables,Brux Porcelain
445409,DTARTICA1,Removables,REMQC
445409,DTARTICA1,Removables,FIXED MODELS
445409,DTARTICA1,Removables,SCHEDULING
445409,DTARTICA1,Removables,Outsource Design full contour
445409,DTARTICA1,Removables,Stain & Glaze
445409,DTARTICA1,Removables,PRINTING
445409,DTARTICA1,Removables,Removables
445409,DTARTICA1,Removables,Sinter
441597,,,
451589,CRNBRUX,C&B,C&B
451589,CRNBRUX,C&B,Brux Porcelain
451589,CRNBRUX,C&B,CAD Mill crown/coping
451589,CRNBRUX,C&B,FIXED MODELS
451589,CRNBRUX,C&B,Die Trim
451589,CRNBRUX,C&B,Invoice and Ship
451589,CRNBRUX,C&B,FIXED QC
451589,CRNBRUX,C&B,Outsource Design full contour
451589,CRNBRUX,C&B,Scan for crowns
451589,CRNBRUX,C&B,Sinter
451589,CRNBRUX,C&B,SCHEDULING
451589,CRNBRUX,C&B,Stain & Glaze
451864,CRNPORREST,C&B,Polish
451864,CRNPORREST,C&B,BUSOFF
451864,CRNZIRCBR,C&B,BUSOFF
451864,CRNPORREST,C&B,C&B
451864,CRNZIRCBR,C&B,C&B
451864,CRNPORREST,C&B,CAD DESIGN
451864,CRNZIRCBR,C&B,Polish
451864,CRNPORREST,C&B,FINISHING
451864,CRNZIRCBR,C&B,SCHEDULING
451864,CRNPORREST,C&B,FIXED QC
451864,DIGLAYCRN,C&B,BUSOFF
451864,CRNPORREST,C&B,Porcelain Adjust/Add On
451864,DIGLAYCRN,C&B,C&B
451864,CRNPORREST,C&B,SCHEDULING
451864,DIGLAYCRN,C&B,Polish
451864,CRNPORREST,C&B,SINTER
451864,CRNPORREST,C&B,STAINGLZ
451864,CRNZIRCBR,C&B,CAD DESIGN
451864,CRNZIRCBR,C&B,FINISHING
451864,CRNZIRCBR,C&B,FIXED QC
451864,CRNZIRCBR,C&B,Porcelain Adjust/Add On
451864,CRNZIRCBR,C&B,SINTER
451864,CRNZIRCBR,C&B,STAINGLZ
451864,DIGLAYCRN,C&B,CAD DESIGN
451864,DIGLAYCRN,C&B,FINISHING
451864,DIGLAYCRN,C&B,FIXED QC
451864,DIGLAYCRN,C&B,Porcelain Adjust/Add On
451864,DIGLAYCRN,C&B,SCHEDULING
451864,DIGLAYCRN,C&B,SINTER
451864,DIGLAYCRN,C&B,STAINGLZ
451871,DENBB,Removables,Removables
451871,DENBB,Removables,BUSOFF
451871,DENBB,Removables,REMQC
451871,DENBB,Removables,SCHEDULING
451871,INFCONT,MISC,BUSOFF
451871,INFCONT,MISC,SCHEDULING
451871,INFCONT,MISC,Removables
451871,INFCONT,MISC,REMQC
452029,,,
451697,CRNZAD,C&B,C&B
451832,CRNEZZ,C&B,Brux Porcelain
451832,CRNEZZ,C&B,CAD Mill crown/coping
451832,CRNEZZ,C&B,C&B
451832,CRNEZZ,C&B,FIXED MODELS
451832,CRNEZZ,C&B,Die Trim
451832,CRNEZZ,C&B,Invoice and Ship
451832,CRNEZZ,C&B,Fixed QC
451832,CRNEZZ,C&B,Outsource Design full contour
451832,CRNEZZ,C&B,Sinter
451832,CRNEZZ,C&B,Scan for crowns
451832,INFCONT,MISC,C&B
451832,CRNEZZ,C&B,SCHEDULING
451832,INFCONT,MISC,CAD Mill crown/coping
451832,CRNEZZ,C&B,Stain & Glaze
451832,INFCONT,MISC,Die Trim
451832,INFCONT,MISC,Brux Porcelain
451832,INFCONT,MISC,FIXED MODELS
451832,INFCONT,MISC,Fixed QC
451832,INFCONT,MISC,Outsource Design full contour
451832,INFCONT,MISC,Invoice and Ship
451832,INFCONT,MISC,Scan for crowns
451832,INFCONT,MISC,SCHEDULING
451832,INFCONT,MISC,Sinter
451832,INFCONT,MISC,Stain & Glaze
451801,DENSET>9,Removables,BUSOFF
451801,DENSET>9,Removables,Removables
451801,DENSET>9,Removables,SCHEDULING
451801,DENSET>9,Removables,REMQC
451801,DTMONDA1,Removables,Removables
451801,DTMONDA1,Removables,BUSOFF
451801,DTMONDP1,Removables,BUSOFF
451801,DTMONDA1,Removables,REMQC
451801,DTMONDP1,Removables,Removables
451801,DTMONDA1,Removables,SCHEDULING
451801,INFCONT,MISC,Removables
451801,DTMONDP1,Removables,REMQC
451801,INFCONT,MISC,REMQC
451801,DTMONDP1,Removables,SCHEDULING
451801,INFCONT,MISC,SCHEDULING
451801,INFCONT,MISC,BUSOFF
451878,CRNBRUX,C&B,Brux Porcelain
451878,CRNBRUX,C&B,C&B
451878,CRNBRUX,C&B,CAD Mill crown/coping
451878,CRNBRUX,C&B,FIXED MODELS
451878,CRNBRUX,C&B,Die Trim
451878,CRNBRUX,C&B,Invoice and Ship
451878,CRNBRUX,C&B,FIXED QC
451878,CRNBRUX,C&B,Outsource Design full contour
451878,CRNBRUX,C&B,SCHEDULING
451878,CRNBRUX,C&B,Scan for crowns
451878,INFCONT,MISC,CAD Mill crown/coping
451878,CRNBRUX,C&B,Sinter
451878,INFCONT,MISC,FIXED MODELS
451878,CRNBRUX,C&B,Stain & Glaze
451878,INFCONT,MISC,Invoice and Ship
451878,INFCONT,MISC,Brux Porcelain
451878,INFCONT,MISC,Scan for crowns
451878,INFCONT,MISC,C&B
451878,INFCONT,MISC,SCHEDULING
451878,INFCONT,MISC,Die Trim
451878,INFCONT,MISC,Sinter
451878,INFCONT,MISC,FIXED QC
451878,INFCONT,MISC,Stain & Glaze
451878,INFCONT,MISC,Outsource Design full contour
451721,DENEVALREM,Removables,CAD DESIGN
451721,DENEVALREM,Removables,BUSOFF
451721,DENEVALREM,Removables,Removables
451721,DENEVALREM,Removables,IMPLANTS
451721,SGSTNTBSKY,Surgical Guides,BUSOFF
451721,DENEVALREM,Removables,PRINTING
451721,SGSTNTBSKY,Surgical Guides,IMPLANTS
451721,DENEVALREM,Removables,SCHEDULING
451721,SGSTNTBSKY,Surgical Guides,PRINTING
451721,SGSTNTBSKY,Surgical Guides,CAD DESIGN
451721,SGSTNTBSKY,Surgical Guides,Removables
451721,SGSTNTBSKY,Surgical Guides,SCHEDULING
451868,CRNZIRCBR,C&B,
451868,CRNZIRCBR,C&B,FINISHING
451868,DIGPFMCRN,C&B,
451868,CRNZIRCBR,C&B,SCHEDULING
451868,NOBLE,Alloy,
451868,DIGPFMCRN,C&B,FINISHING
451868,NOBLE,Alloy,FINISHING
451868,DIGPFMCRN,C&B,SCHEDULING
451868,NOBLE,Alloy,SCHEDULING
452072,CRNBRUX,C&B,C&B
452072,CRNBRUX,C&B,Brux Porcelain
452072,CRNBRUX,C&B,FIXED MODELS
452072,CRNBRUX,C&B,CAD Mill crown/coping
452072,CRNBRUX,C&B,Invoice and Ship
452072,CRNBRUX,C&B,Die Trim
452072,CRNBRUX,C&B,Outsource Design full contour
452072,CRNBRUX,C&B,FIXED QC
452072,CRNBRUX,C&B,Stain & Glaze
452072,CRNBRUX,C&B,Scan for crowns
452072,CRNBRUX,C&B,SCHEDULING
452072,CRNBRUX,C&B,Sinter
451381,CRNBRUX,C&B,BUSOFF
451381,CRNBRUX,C&B,Brux Porcelain
451381,CRNBRUX,C&B,C&B
451381,CRNBRUX,C&B,CAD DESIGN
451381,CRNBRUX,C&B,CAD Mill crown/coping
451381,CRNBRUX,C&B,Die Trim
451381,CRNBRUX,C&B,CAD SCANNING
451381,CRNBRUX,C&B,FIXED QC
451381,CRNBRUX,C&B,DIETRIM
451381,CRNBRUX,C&B,Scan for crowns
451381,CRNBRUX,C&B,FIXED MODELS
451381,CRNBRUX,C&B,Sinter
451381,CRNBRUX,C&B,IMPLANTS
451381,INFCONT,MISC,CAD DESIGN
451381,CRNBRUX,C&B,Outsource Design full contour
451381,INFCONT,MISC,CAD SCANNING
451381,CRNBRUX,C&B,SCHEDULING
451381,INFCONT,MISC,DIETRIM
451381,CRNBRUX,C&B,Stain & Glaze
451381,INFCONT,MISC,FIXED MODELS
451381,INFCONT,MISC,Brux Porcelain
451381,INFCONT,MISC,IMPLANTS
451381,INFCONT,MISC,BUSOFF
451381,INFCONT,MISC,Outsource Design full contour
451381,INFCONT,MISC,C&B
451381,INFCONT,MISC,SCHEDULING
451381,INFCONT,MISC,CAD Mill crown/coping
451381,INFCONT,MISC,Stain & Glaze
451381,INFCONT,MISC,Die Trim
451381,TIABUT,IMPLANTS,Brux Porcelain
451381,INFCONT,MISC,FIXED QC
451381,TIABUT,IMPLANTS,CAD DESIGN
451381,INFCONT,MISC,Scan for crowns
451381,TIABUT,IMPLANTS,FIXED QC
451381,INFCONT,MISC,Sinter
451381,TIABUT,IMPLANTS,Scan for crowns
451381,TIABUT,IMPLANTS,BUSOFF
451381,TIABUT,IMPLANTS,Sinter
451381,TIABUT,IMPLANTS,C&B
451381,TIABUT,IMPLANTS,CAD Mill crown/coping
451381,TIABUT,IMPLANTS,CAD SCANNING
451381,TIABUT,IMPLANTS,Die Trim
451381,TIABUT,IMPLANTS,DIETRIM
451381,TIABUT,IMPLANTS,FIXED MODELS
451381,TIABUT,IMPLANTS,IMPLANTS
451381,TIABUT,IMPLANTS,Outsource Design full contour
451381,TIABUT,IMPLANTS,SCHEDULING
451381,TIABUT,IMPLANTS,Stain & Glaze
450755,ART-EVQC-CLDD,MISC,BUSOFF
450755,ART-EVQC-CLDD,MISC,CAD DESIGN
450755,ART-EVQC-CLDD,MISC,C&B
450755,ART-EVQC-CLDD,MISC,Fixed QC
450755,ART-EVQC-CLDD,MISC,FIXED MODELS
450755,ART-EVQC-CLDD,MISC,Scan Abutments
450755,ART-EVQC-CLDD,MISC,Impl Eval/Set TA
450755,ART-EVQC-CLDD,MISC,SINTER
450755,ART-EVQC-CLDD,MISC,IMPLANTS
450755,ART-EVQC-CLDD,MISC,STAINGLZ
450755,ART-EVQC-CLDD,MISC,SCHEDULING
450755,ART-EVQC-CLDD,MISC,Tissue Trim
450755,DIGANALOG,IMPLANT PT,CAD DESIGN
450755,DIGANALOG,IMPLANT PT,BUSOFF
450755,DIGANALOG,IMPLANT PT,Fixed QC
450755,DIGANALOG,IMPLANT PT,C&B
450755,DIGANALOG,IMPLANT PT,Impl Eval/Set TA
450755,DIGANALOG,IMPLANT PT,FIXED MODELS
450755,DIGANALOG,IMPLANT PT,SCHEDULING
450755,DIGANALOG,IMPLANT PT,IMPLANTS
450755,DIGANALOG,IMPLANT PT,STAINGLZ
450755,DIGANALOG,IMPLANT PT,Scan Abutments
450755,DIGBRUXCRN,C&B,CAD DESIGN
450755,DIGANALOG,IMPLANT PT,SINTER
450755,DIGBRUXCRN,C&B,Fixed QC
450755,DIGANALOG,IMPLANT PT,Tissue Trim
450755,DIGBRUXCRN,C&B,Impl Eval/Set TA
450755,DIGBRUXCRN,C&B,BUSOFF
450755,DIGBRUXCRN,C&B,Tissue Trim
450755,DIGBRUXCRN,C&B,C&B
450755,SCREWRETCRN,IMPLANTS,Fixed QC
450755,DIGBRUXCRN,C&B,FIXED MODELS
450755,SCREWRETCRN,IMPLANTS,Scan Abutments
450755,DIGBRUXCRN,C&B,IMPLANTS
450755,SCREWRETCRN,IMPLANTS,SCHEDULING
450755,DIGBRUXCRN,C&B,Scan Abutments
450755,SCREWRETCRN,IMPLANTS,SINTER
450755,DIGBRUXCRN,C&B,SCHEDULING
450755,SCREWRETCRN,IMPLANTS,STAINGLZ
450755,DIGBRUXCRN,C&B,SINTER
450755,DIGBRUXCRN,C&B,STAINGLZ
450755,SCREWRETCRN,IMPLANTS,BUSOFF
450755,SCREWRETCRN,IMPLANTS,C&B
450755,SCREWRETCRN,IMPLANTS,CAD DESIGN
450755,SCREWRETCRN,IMPLANTS,FIXED MODELS
450755,SCREWRETCRN,IMPLANTS,Impl Eval/Set TA
450755,SCREWRETCRN,IMPLANTS,IMPLANTS
450755,SCREWRETCRN,IMPLANTS,Tissue Trim
450438,,,
446608,DIGBRUXCRN,C&B,CAD DESIGN
446608,DIGBRUXCRN,C&B,BUSOFF
446608,DIGBRUXCRN,C&B,FIXED QC
446608,DIGBRUXCRN,C&B,C&B
446608,DIGBRUXCRN,C&B,SCHEDULING
446608,DIGBRUXCRN,C&B,SINTER
446608,DIGBRUXCRN,C&B,STAINGLZ
447669,DIGMODCADREM,Removables,BUSOFF
447669,DIGMODCADREM,Removables,CAD DESIGN
447669,DIGMODCADREM,Removables,IMPLANTS
447669,DIGMODCADREM,Removables,Removables
447669,DIGMODCADREM,Removables,PRINTING
447669,SGADDSITE,Surgical Guides,CAD DESIGN
447669,DIGMODCADREM,Removables,SCHEDULING
447669,SGADDSITE,Surgical Guides,IMPLANTS
447669,SGADDSITE,Surgical Guides,BUSOFF
447669,SGADDSITE,Surgical Guides,Removables
447669,SGADDSITE,Surgical Guides,PRINTING
447669,SGSTNTBSKY,Surgical Guides,CAD DESIGN
447669,SGADDSITE,Surgical Guides,SCHEDULING
447669,SGSTNTBSKY,Surgical Guides,IMPLANTS
447669,SGSTNTBSKY,Surgical Guides,BUSOFF
447669,SGSTNTBSKY,Surgical Guides,SCHEDULING
447669,SGSTNTBSKY,Surgical Guides,PRINTING
447669,SGSTNTBSKY,Surgical Guides,Removables
451996,CRNDRCALLF,C&B,BUSOFF
451996,CRNDRCALLF,C&B,C&B
451996,CRNDRCALLF,C&B,CTS
451996,CRNDRCALLF,C&B,DIETRIM
451996,CRNDRCALLF,C&B,SCHEDULING
451425,CRNBRUX,C&B,C&B
451425,CRNBRUX,C&B,Brux Porcelain
451425,CRNBRUX,C&B,CAD Mill crown/coping
451425,CRNBRUX,C&B,Sinter
451425,CRNBRUX,C&B,Die Trim
451425,CRNBRUX,C&B,FIXED MODELS
451425,CRNBRUX,C&B,FIXED QC
451425,CRNBRUX,C&B,Invoice and Ship
451425,CRNBRUX,C&B,Outsource Design full contour
451425,CRNBRUX,C&B,Scan for crowns
451425,CRNBRUX,C&B,SCHEDULING
451425,CRNBRUX,C&B,Stain & Glaze
451919,CRNZAD,C&B,C&B
448730,DENAO4TMP,CHAIRSIDE SERVICES,CHAIRSIDE SERVICES
448730,DENAO4TMP,CHAIRSIDE SERVICES,Finish AOF temp and Bite index
448730,DENAO4TMP,CHAIRSIDE SERVICES,Dup Model
448730,DENAO4TMP,CHAIRSIDE SERVICES,Finish Duplicate Denture w/ Ba
448730,DENAO4TMP,CHAIRSIDE SERVICES,Invoice and Ship
448730,DENAO4TMP,CHAIRSIDE SERVICES,Process Denture
448730,DENAO4TMP,CHAIRSIDE SERVICES,Process Duplicate Denture
448730,DENAO4TMP,CHAIRSIDE SERVICES,Removable QC
448730,DENAO4TMP,CHAIRSIDE SERVICES,Rem Model
448730,DENAO4TMP,CHAIRSIDE SERVICES,Set AOF Immediate
448730,DENAO4TMP,CHAIRSIDE SERVICES,Removable Articulation
448730,INFCONT,MISC,CHAIRSIDE SERVICES
448730,DENAO4TMP,CHAIRSIDE SERVICES,SCHEDULING
448730,INFCONT,MISC,Dup Model
448730,INFCONT,MISC,Finish AOF temp and Bite index
448730,INFCONT,MISC,Invoice and Ship
448730,INFCONT,MISC,Finish Duplicate Denture w/ Ba
448730,INFCONT,MISC,Process Duplicate Denture
448730,INFCONT,MISC,Process Denture
448730,INFCONT,MISC,Rem Model
448730,INFCONT,MISC,SCHEDULING
448730,INFCONT,MISC,Removable Articulation
448730,INFCONT,MISC,Set AOF Immediate
448730,INFCONT,MISC,Removable QC
451859,ART-EVQC-CLSCN,MISC,CAD DESIGN
451859,ART-EVQC-CLSCN,MISC,BUILD MODEL
451859,ART-EVQC-CLSCN,MISC,FIXED MODELS
451859,ART-EVQC-CLSCN,MISC,BUSOFF
451859,ART-EVQC-CLSCN,MISC,SCHEDULING
451859,ART-EVQC-CLSCN,MISC,C&B
451859,ART-EVQC-CLSCN,MISC,SINTER
451859,ART-EVQC-CLSCN,MISC,FIXED QC
451859,ART-EVQC-CLSCN,MISC,STAINGLZ
451859,ART-EVQC-CLSCN,MISC,PRINT STUDY MODELS
451859,DIGBRUXCRN,C&B,BUSOFF
451859,DIGBRUXCRN,C&B,BUILD MODEL
451859,DIGBRUXCRN,C&B,C&B
451859,DIGBRUXCRN,C&B,CAD DESIGN
451859,DIGBRUXCRN,C&B,FIXED QC
451859,DIGBRUXCRN,C&B,FIXED MODELS
451859,DIGBRUXCRN,C&B,SCHEDULING
451859,DIGBRUXCRN,C&B,PRINT STUDY MODELS
451859,DIGBRUXCRN,C&B,STAINGLZ
451859,DIGBRUXCRN,C&B,SINTER
451859,DIGMODCADFIX,C&B,BUILD MODEL
451859,DIGMODCADFIX,C&B,BUSOFF
451859,DIGMODCADFIX,C&B,CAD DESIGN
451859,DIGMODCADFIX,C&B,C&B
451859,DIGMODCADFIX,C&B,FIXED QC
451859,DIGMODCADFIX,C&B,FIXED MODELS
451859,DIGMODCADFIX,C&B,SINTER
451859,DIGMODCADFIX,C&B,PRINT STUDY MODELS
451859,DIGMODCADFIX,C&B,STAINGLZ
451859,DIGMODCADFIX,C&B,SCHEDULING
451862,CRNZIRCBR,C&B,BUSOFF
451862,CRNZIRCBR,C&B,BUILD MODEL
451862,CRNZIRCBR,C&B,CAD DESIGN
451862,CRNZIRCBR,C&B,C&B
451862,CRNZIRCBR,C&B,FINISHING
451862,CRNZIRCBR,C&B,FIXED QC
451862,CRNZIRCBR,C&B,FIXED MODELS
451862,CRNZIRCBR,C&B,PRINT STUDY MODELS
451862,CRNZIRCBR,C&B,SCHEDULING
451862,DIGLAYCRN,C&B,BUILD MODEL
451862,CRNZIRCBR,C&B,SINTER
451862,DIGLAYCRN,C&B,BUSOFF
451862,CRNZIRCBR,C&B,STAINGLZ
451862,DIGLAYCRN,C&B,C&B
451862,DIGLAYCRN,C&B,CAD DESIGN
451862,DIGLAYCRN,C&B,FIXED QC
451862,DIGLAYCRN,C&B,FINISHING
451862,DIGLAYCRN,C&B,PRINT STUDY MODELS
451862,DIGLAYCRN,C&B,FIXED MODELS
451862,DIGMODCADFIX,C&B,BUILD MODEL
451862,DIGLAYCRN,C&B,SCHEDULING
451862,DIGMODCADFIX,C&B,BUSOFF
451862,DIGLAYCRN,C&B,SINTER
451862,DIGMODCADFIX,C&B,C&B
451862,DIGLAYCRN,C&B,STAINGLZ
451862,DIGMODCADFIX,C&B,FINISHING
451862,DIGMODCADFIX,C&B,CAD DESIGN
451862,DIGMODCADFIX,C&B,FIXED QC
451862,DIGMODCADFIX,C&B,FIXED MODELS
451862,DIGMODCADFIX,C&B,SINTER
451862,DIGMODCADFIX,C&B,PRINT STUDY MODELS
451862,DIGMODCADFIX,C&B,STAINGLZ
451862,DIGMODCADFIX,C&B,SCHEDULING
452044,ART-EVQC-CLSCN,MISC,BUSOFF
452044,ART-EVQC-CLSCN,MISC,CAD DESIGN
452044,ART-EVQC-CLSCN,MISC,C&B
452044,ART-EVQC-CLSCN,MISC,SINTER
452044,ART-EVQC-CLSCN,MISC,FINISHING
452044,ART-EVQC-CLSCN,MISC,STAINGLZ
452044,ART-EVQC-CLSCN,MISC,FIXED QC
452044,CRNZIRCBR,C&B,BUSOFF
452044,ART-EVQC-CLSCN,MISC,SCHEDULING
452044,CRNZIRCBR,C&B,C&B
452044,CRNZIRCBR,C&B,CAD DESIGN
452044,DIGBRUXCRN,C&B,CAD DESIGN
452044,CRNZIRCBR,C&B,FINISHING
452044,DIGBRUXCRN,C&B,FINISHING
452044,CRNZIRCBR,C&B,FIXED QC
452044,DIGBRUXCRN,C&B,SCHEDULING
452044,CRNZIRCBR,C&B,SCHEDULING
452044,CRNZIRCBR,C&B,SINTER
452044,CRNZIRCBR,C&B,STAINGLZ
452044,DIGBRUXCRN,C&B,BUSOFF
452044,DIGBRUXCRN,C&B,C&B
452044,DIGBRUXCRN,C&B,FIXED QC
452044,DIGBRUXCRN,C&B,SINTER
452044,DIGBRUXCRN,C&B,STAINGLZ
451741,,,
451944,CRAHSC,SPLINTS,SCHEDULING
451944,CRAHSC,SPLINTS,BUSOFF
451944,DIGMODCADREM,Removables,Removables
451944,CRAHSC,SPLINTS,PRINTING
451944,DIGMODCADREM,Removables,SPLINTS
451944,CRAHSC,SPLINTS,Removables
451944,CRAHSC,SPLINTS,SPLINTS
451944,DIGMODCADREM,Removables,BUSOFF
451944,DIGMODCADREM,Removables,PRINTING
451944,DIGMODCADREM,Removables,SCHEDULING
439554,,,
451891,CRNCS,C&B,BUSOFF
451891,CRNCS,C&B,CAD DESIGN
451891,CRNCS,C&B,C&B
451891,CRNCS,C&B,CUSTSHADE
451891,CRNCS,C&B,SCHEDULING
451891,CRNCS,C&B,FIXED QC
451891,DIGBRUXCRN,C&B,CUSTSHADE
451891,CRNCS,C&B,PORCELAIN
451891,DIGBRUXCRN,C&B,PORCELAIN
451891,CRNCS,C&B,SINTER
451891,DIGBRUXCRN,C&B,SINTER
451891,CRNCS,C&B,STAINGLZ
451891,DIGBRUXCRN,C&B,BUSOFF
451891,DIGBRUXCRN,C&B,C&B
451891,DIGBRUXCRN,C&B,CAD DESIGN
451891,DIGBRUXCRN,C&B,FIXED QC
451891,DIGBRUXCRN,C&B,SCHEDULING
451891,DIGBRUXCRN,C&B,STAINGLZ
451853,CRAHSC,SPLINTS,SCHEDULING
451853,CRAHSC,SPLINTS,BUSOFF
451853,CRAHSC,SPLINTS,SPLINTS
451853,CRAHSC,SPLINTS,PRINTING
451853,DIGMODCADREM,Removables,BUSOFF
451853,CRAHSC,SPLINTS,Removables
451853,DIGMODCADREM,Removables,PRINTING
451853,DIGMODCADREM,Removables,Removables
451853,DIGMODCADREM,Removables,SCHEDULING
451853,DIGMODCADREM,Removables,SPLINTS
451644,DIGCRAHARD,SPLINTS,BUSOFF
451644,DIGCRAHARD,SPLINTS,
451644,DIGCRAHARD,SPLINTS,SCHEDULING
451644,DIGCRAHARD,SPLINTS,PRINTING
451644,DIGMODCADREM,Removables,
451644,DIGCRAHARD,SPLINTS,Removables
451644,DIGMODCADREM,Removables,Removables
451644,DIGMODCADREM,Removables,BUSOFF
451644,DIGMODCADREM,Removables,PRINTING
451644,DIGMODCADREM,Removables,SCHEDULING
451983,DIGBRUXCRN,C&B,CAD DESIGN
451983,DIGBRUXCRN,C&B,BUSOFF
451983,DIGBRUXCRN,C&B,SCHEDULING
451983,DIGBRUXCRN,C&B,C&B
451983,DIGBRUXCRN,C&B,FIXED QC
451983,DIGBRUXCRN,C&B,SINTER
451983,DIGBRUXCRN,C&B,STAINGLZ
452063,PARCASTSET,PARTIAL,
452079,CRNEZZ,C&B,Brux Porcelain
452079,CRNEZZ,C&B,C&B
452079,CRNEZZ,C&B,Fixed QC
452079,CRNEZZ,C&B,CAD Mill crown/coping
452079,CRNEZZ,C&B,Scan for crowns
452079,CRNEZZ,C&B,Die Trim
452079,CRNEZZ,C&B,Sinter
452079,CRNEZZ,C&B,FIXED MODELS
452079,CRNEZZ,C&B,Stain & Glaze
452079,CRNEZZ,C&B,IMPLANTS
452079,INFCONT,MISC,Brux Porcelain
452079,CRNEZZ,C&B,Outsource Design full contour
452079,INFCONT,MISC,Die Trim
452079,INFCONT,MISC,C&B
452079,INFCONT,MISC,Sinter
452079,INFCONT,MISC,CAD Mill crown/coping
452079,INFCONT,MISC,Stain & Glaze
452079,INFCONT,MISC,FIXED MODELS
452079,SMTCRN,IMPLANTS,Brux Porcelain
452079,INFCONT,MISC,Fixed QC
452079,SMTCRN,IMPLANTS,Die Trim
452079,INFCONT,MISC,IMPLANTS
452079,SMTCRN,IMPLANTS,FIXED MODELS
452079,INFCONT,MISC,Outsource Design full contour
452079,SMTCRN,IMPLANTS,Sinter
452079,INFCONT,MISC,Scan for crowns
452079,SMTCRN,IMPLANTS,Stain & Glaze
452079,SMTCRN,IMPLANTS,C&B
452079,SMTCRN,IMPLANTS,CAD Mill crown/coping
452079,SMTCRN,IMPLANTS,Fixed QC
452079,SMTCRN,IMPLANTS,IMPLANTS
452079,SMTCRN,IMPLANTS,Outsource Design full contour
452079,SMTCRN,IMPLANTS,Scan for crowns
447603,DIGBRUXCRN,C&B,
451587,CRNBRUX,C&B,CAD Mill crown/coping
451587,CRNBRUX,C&B,Brux Porcelain
451587,CRNBRUX,C&B,Die Trim
451587,CRNBRUX,C&B,C&B
451587,CRNBRUX,C&B,Outsource Design full contour
451587,CRNBRUX,C&B,FIXED MODELS
451587,CRNBRUX,C&B,FIXED QC
451587,CRNBRUX,C&B,Invoice and Ship
451587,CRNBRUX,C&B,Scan for crowns
451587,CRNBRUX,C&B,SCHEDULING
451587,CRNBRUX,C&B,Sinter
451587,CRNBRUX,C&B,Stain & Glaze
450497,SGSTNTBSKY,Surgical Guides,CAD DESIGN
450497,SGSTNTBSKY,Surgical Guides,BUSOFF
450497,SGSTNTBSKY,Surgical Guides,IMPLANTS
450497,SGSTNTBSKY,Surgical Guides,PRINTING
450497,SGSTNTBSKY,Surgical Guides,SCHEDULING
450497,SGSTNTBSKY,Surgical Guides,Removables
451727,CRNBRUX,C&B,C&B
451727,CRNBRUX,C&B,Brux Porcelain
451727,CRNBRUX,C&B,CAD Mill crown/coping
451727,CRNBRUX,C&B,Fixed QC
451727,CRNBRUX,C&B,Die Trim
451727,CRNBRUX,C&B,Invoice and Ship
451727,CRNBRUX,C&B,FIXED MODELS
451727,CRNBRUX,C&B,Scan Abutments
451727,CRNBRUX,C&B,Impl Eval/Set TA
451727,CRNBRUX,C&B,Scan for crowns
451727,CRNBRUX,C&B,IMPLANTS
451727,CRNBRUX,C&B,Sinter
451727,CRNBRUX,C&B,Outsource Design full contour
451727,CRNBRUX,C&B,Stain & Glaze
451727,CRNBRUX,C&B,SCHEDULING
451727,CRNBRUX,C&B,Tissue Trim
451727,INFCONT,MISC,Brux Porcelain
451727,INFCONT,MISC,Die Trim
451727,INFCONT,MISC,C&B
451727,INFCONT,MISC,FIXED MODELS
451727,INFCONT,MISC,CAD Mill crown/coping
451727,INFCONT,MISC,Impl Eval/Set TA
451727,INFCONT,MISC,Fixed QC
451727,INFCONT,MISC,IMPLANTS
451727,INFCONT,MISC,Scan Abutments
451727,INFCONT,MISC,Invoice and Ship
451727,INFCONT,MISC,Scan for crowns
451727,INFCONT,MISC,Outsource Design full contour
451727,INFCONT,MISC,SCHEDULING
451727,INFCONT,MISC,Stain & Glaze
451727,INFCONT,MISC,Sinter
451727,INFCONT,MISC,Tissue Trim
451727,SCREWRETCRN,IMPLANTS,C&B
451727,SCREWRETCRN,IMPLANTS,Brux Porcelain
451727,SCREWRETCRN,IMPLANTS,CAD Mill crown/coping
451727,SCREWRETCRN,IMPLANTS,Die Trim
451727,SCREWRETCRN,IMPLANTS,Fixed QC
451727,SCREWRETCRN,IMPLANTS,FIXED MODELS
451727,SCREWRETCRN,IMPLANTS,IMPLANTS
451727,SCREWRETCRN,IMPLANTS,Impl Eval/Set TA
451727,SCREWRETCRN,IMPLANTS,Invoice and Ship
451727,SCREWRETCRN,IMPLANTS,Outsource Design full contour
451727,SCREWRETCRN,IMPLANTS,Scan Abutments
451727,SCREWRETCRN,IMPLANTS,Sinter
451727,SCREWRETCRN,IMPLANTS,Scan for crowns
451727,SCREWRETCRN,IMPLANTS,Tissue Trim
451727,SCREWRETCRN,IMPLANTS,SCHEDULING
451727,SCREWRETCRN,IMPLANTS,Stain & Glaze
451948,CRNBRUX,C&B,Brux Porcelain
451948,CRNBRUX,C&B,FIXED MODELS
451948,CRNBRUX,C&B,C&B
451948,CRNBRUX,C&B,Invoice and Ship
451948,CRNBRUX,C&B,CAD Mill crown/coping
451948,CRNBRUX,C&B,Outsource Design full contour
451948,CRNBRUX,C&B,Die Trim
451948,CRNBRUX,C&B,Sinter
451948,CRNBRUX,C&B,FIXED QC
451948,CRNBRUX,C&B,Stain & Glaze
451948,CRNBRUX,C&B,Scan for crowns
451948,CRNBRUX,C&B,SCHEDULING
451146,,,
451410,CRNBRUX,C&B,CAD Mill crown/coping
451410,CRNBRUX,C&B,Brux Porcelain
451410,CRNBRUX,C&B,FINISHING
451410,CRNBRUX,C&B,C&B
451410,CRNBRUX,C&B,FIXED MODELS
451410,CRNBRUX,C&B,Die Trim
451410,CRNBRUX,C&B,Invoice and Ship
451410,CRNBRUX,C&B,FIXED QC
451410,CRNBRUX,C&B,Outsource Design full contour
451410,CRNZIRCBR,C&B,Brux Porcelain
451410,CRNBRUX,C&B,Scan for crowns
451410,CRNZIRCBR,C&B,FINISHING
451410,CRNBRUX,C&B,SCHEDULING
451410,CRNZIRCBR,C&B,FIXED QC
451410,CRNBRUX,C&B,Sinter
451410,CRNZIRCBR,C&B,Invoice and Ship
451410,CRNBRUX,C&B,Stain & Glaze
451410,CRNZIRCBR,C&B,Scan for crowns
451410,CRNZIRCBR,C&B,C&B
451410,CRNZIRCBR,C&B,SCHEDULING
451410,CRNZIRCBR,C&B,CAD Mill crown/coping
451410,CRNZIRCBR,C&B,Sinter
451410,CRNZIRCBR,C&B,Die Trim
451410,CRNZIRCBR,C&B,Stain & Glaze
451410,CRNZIRCBR,C&B,FIXED MODELS
451410,CRNZIRCBR,C&B,Outsource Design full contour
445749,DIGBRUXCRN,C&B,BUSOFF
445749,DIGBRUXCRN,C&B,CAD DESIGN
445749,DIGBRUXCRN,C&B,C&B
445749,DIGBRUXCRN,C&B,FIXED QC
445749,DIGBRUXCRN,C&B,SCHEDULING
445749,DIGBRUXCRN,C&B,SINTER
445749,DIGBRUXCRN,C&B,STAINGLZ
451708,CRNBRUX,C&B,Brux Porcelain
451708,CRNBRUX,C&B,FIXED MODELS
451708,CRNBRUX,C&B,C&B
451708,CRNBRUX,C&B,Invoice and Ship
451708,CRNBRUX,C&B,CAD Mill crown/coping
451708,CRNBRUX,C&B,Outsource Design full contour
451708,CRNBRUX,C&B,Die Trim
451708,CRNBRUX,C&B,Sinter
451708,CRNBRUX,C&B,FIXED QC
451708,CRNBRUX,C&B,Stain & Glaze
451708,CRNBRUX,C&B,Scan for crowns
451708,CRNBRUX,C&B,SCHEDULING
451930,CRNBRUX,C&B,Brux Porcelain
451930,CRNBRUX,C&B,C&B
451930,CRNBRUX,C&B,CAD Mill crown/coping
451930,CRNBRUX,C&B,Die Trim
451930,CRNBRUX,C&B,FIXED MODELS
451930,CRNBRUX,C&B,FIXED QC
451930,CRNBRUX,C&B,Invoice and Ship
451930,CRNBRUX,C&B,Outsource Design full contour
451930,CRNBRUX,C&B,Scan for crowns
451930,CRNBRUX,C&B,Sinter
451930,CRNBRUX,C&B,SCHEDULING
451930,CRNBRUX,C&B,Stain & Glaze
451841,,,
451712,PARTIALDUR,PARTIAL,BUSOFF
451712,PARTIALDUR,PARTIAL,PARTIAL
451712,PARTIALDUR,PARTIAL,REMQC
451712,PARTIALDUR,PARTIAL,SCHEDULING
444705,DIGDRCLCRN,C&B,BUSOFF
444705,DIGDRCLCRN,C&B,CTS
444705,DIGDRCLCRN,C&B,C&B
444705,DIGDRCLCRN,C&B,SCHEDULING
450856,INFCONT,MISC,BUSOFF
450856,INFCONT,MISC,CAD DESIGN
450856,INFCONT,MISC,IMPLANTS
450856,INFCONT,MISC,PRINTING
450856,INFCONT,MISC,SCHEDULING
450856,INFCONT,MISC,Removables
450856,MODSTOREM,Removables,CAD DESIGN
450856,MODSTOREM,Removables,BUSOFF
450856,MODSTOREM,Removables,SCHEDULING
450856,MODSTOREM,Removables,IMPLANTS
450856,SGSTNTBSKY,Surgical Guides,CAD DESIGN
450856,MODSTOREM,Removables,PRINTING
450856,SGSTNTBSKY,Surgical Guides,Removables
450856,MODSTOREM,Removables,Removables
450856,SGSTNTBSKY,Surgical Guides,BUSOFF
450856,SGSTNTBSKY,Surgical Guides,IMPLANTS
450856,SGSTNTBSKY,Surgical Guides,PRINTING
450856,SGSTNTBSKY,Surgical Guides,SCHEDULING
451309,CRNBRUX,C&B,FIXED MODELS
451309,CRNBRUX,C&B,Brux Porcelain
451309,CRNBRUX,C&B,IMPLANTS
451309,CRNBRUX,C&B,C&B
451309,CRNBRUX,C&B,Invoice and Ship
451309,CRNBRUX,C&B,CAD Mill crown/coping
451309,CRNBRUX,C&B,Outsource Design full contour
451309,CRNBRUX,C&B,Die Trim
451309,CRNBRUX,C&B,Scan Abutments
451309,CRNBRUX,C&B,Fixed QC
451309,CRNBRUX,C&B,Stain & Glaze
451309,CRNBRUX,C&B,Impl Eval/Set TA
451309,DELIVERY,DELIVERY,C&B
451309,CRNBRUX,C&B,Scan for crowns
451309,DELIVERY,DELIVERY,CAD Mill crown/coping
451309,CRNBRUX,C&B,SCHEDULING
451309,DELIVERY,DELIVERY,Die Trim
451309,CRNBRUX,C&B,Sinter
451309,DELIVERY,DELIVERY,FIXED MODELS
451309,CRNBRUX,C&B,Tissue Trim
451309,DELIVERY,DELIVERY,Impl Eval/Set TA
451309,DELIVERY,DELIVERY,Brux Porcelain
451309,DELIVERY,DELIVERY,IMPLANTS
451309,DELIVERY,DELIVERY,Fixed QC
451309,DELIVERY,DELIVERY,Invoice and Ship
451309,DELIVERY,DELIVERY,Scan Abutments
451309,DELIVERY,DELIVERY,Outsource Design full contour
451309,DELIVERY,DELIVERY,Scan for crowns
451309,DELIVERY,DELIVERY,SCHEDULING
451309,DELIVERY,DELIVERY,Sinter
451309,INFCONT,MISC,C&B
451309,DELIVERY,DELIVERY,Stain & Glaze
451309,INFCONT,MISC,FIXED MODELS
451309,DELIVERY,DELIVERY,Tissue Trim
451309,INFCONT,MISC,Fixed QC
451309,INFCONT,MISC,Brux Porcelain
451309,INFCONT,MISC,Impl Eval/Set TA
451309,INFCONT,MISC,CAD Mill crown/coping
451309,INFCONT,MISC,IMPLANTS
451309,INFCONT,MISC,Die Trim
451309,INFCONT,MISC,Outsource Design full contour
451309,INFCONT,MISC,Invoice and Ship
451309,INFCONT,MISC,Scan Abutments
451309,INFCONT,MISC,Scan for crowns
451309,INFCONT,MISC,Sinter
451309,INFCONT,MISC,SCHEDULING
451309,INFCONT,MISC,Tissue Trim
451309,INFCONT,MISC,Stain & Glaze
451309,STRSR,IMPLANTS,C&B
451309,STRSR,IMPLANTS,Brux Porcelain
451309,STRSR,IMPLANTS,CAD Mill crown/coping
451309,STRSR,IMPLANTS,Die Trim
451309,STRSR,IMPLANTS,FIXED MODELS
451309,STRSR,IMPLANTS,Fixed QC
451309,STRSR,IMPLANTS,IMPLANTS
451309,STRSR,IMPLANTS,Impl Eval/Set TA
451309,STRSR,IMPLANTS,Invoice and Ship
451309,STRSR,IMPLANTS,Outsource Design full contour
451309,STRSR,IMPLANTS,Scan Abutments
451309,STRSR,IMPLANTS,Tissue Trim
451309,STRSR,IMPLANTS,Scan for crowns
451309,STRSR,IMPLANTS,SCHEDULING
451309,STRSR,IMPLANTS,Sinter
451309,STRSR,IMPLANTS,Stain & Glaze
447333,,,
451060,CRNMETALOC,C&B,C&B
451060,CRNMETALOC,C&B,
451060,CRNMETALOC,C&B,FINISHING
451060,CRNMETALOC,C&B,SCHEDULING
451060,DIGPFMCRN,C&B,
451060,DIGPFMCRN,C&B,C&B
451060,NOBLE,Alloy,C&B
451060,DIGPFMCRN,C&B,FINISHING
451060,NOBLE,Alloy,FINISHING
451060,DIGPFMCRN,C&B,SCHEDULING
451060,NOBLE,Alloy,SCHEDULING
451060,NOBLE,Alloy,
451060,STRTIABUT,IMPLANTS,C&B
451060,STRTIABUT,IMPLANTS,
451060,STRTIABUT,IMPLANTS,FINISHING
451060,STRTIABUT,IMPLANTS,SCHEDULING
450918,DEN2RESET,Removables,BUSOFF
450918,DEN2RESET,Removables,PARTIAL
450918,DEN2RESET,Removables,Removables
450918,PARCASTFIN,PARTIAL,BUSOFF
450918,DEN2RESET,Removables,REMQC
450918,PARCASTFIN,PARTIAL,REMQC
450918,DEN2RESET,Removables,SCHEDULING
450918,PARCASTFIN,PARTIAL,SCHEDULING
450918,PARCASTFIN,PARTIAL,PARTIAL
450918,PARCASTFIN,PARTIAL,Removables
451951,DENAO4TMP,CHAIRSIDE SERVICES,Finish AOF temp and Bite index
451951,DENAO4TMP,CHAIRSIDE SERVICES,BUSOFF
451951,DENAO4TMP,CHAIRSIDE SERVICES,Finish Duplicate Denture w/ Ba
451951,DENAO4TMP,CHAIRSIDE SERVICES,CHAIRSIDE SERVICES
451951,DENAO4TMP,CHAIRSIDE SERVICES,Rem Model
451951,DENAO4TMP,CHAIRSIDE SERVICES,Dup Model
451951,DENAO4TMP,CHAIRSIDE SERVICES,SCHEDULING
451951,DENAO4TMP,CHAIRSIDE SERVICES,Process Denture
451951,DENDRCALLR,Removables,BUSOFF
451951,DENAO4TMP,CHAIRSIDE SERVICES,Process Duplicate Denture
451951,DENDRCALLR,Removables,CHAIRSIDE SERVICES
451951,DENAO4TMP,CHAIRSIDE SERVICES,Removable Articulation
451951,DENDRCALLR,Removables,Dup Model
451951,DENAO4TMP,CHAIRSIDE SERVICES,Removable QC
451951,DENDRCALLR,Removables,Process Denture
451951,DENAO4TMP,CHAIRSIDE SERVICES,Removables
451951,DENDRCALLR,Removables,Process Duplicate Denture
451951,DENAO4TMP,CHAIRSIDE SERVICES,Set AOF Immediate
451951,DENDRCALLR,Removables,Removable Articulation
451951,DENDRCALLR,Removables,Finish AOF temp and Bite index
451951,DENDRCALLR,Removables,Removables
451951,DENDRCALLR,Removables,Finish Duplicate Denture w/ Ba
451951,DENDRCALLR,Removables,Set AOF Immediate
451951,DENDRCALLR,Removables,Rem Model
451951,INFCONT,MISC,BUSOFF
451951,DENDRCALLR,Removables,Removable QC
451951,INFCONT,MISC,CHAIRSIDE SERVICES
451951,DENDRCALLR,Removables,SCHEDULING
451951,INFCONT,MISC,Dup Model
451951,INFCONT,MISC,Finish AOF temp and Bite index
451951,INFCONT,MISC,Process Denture
451951,INFCONT,MISC,Finish Duplicate Denture w/ Ba
451951,INFCONT,MISC,Process Duplicate Denture
451951,INFCONT,MISC,Rem Model
451951,INFCONT,MISC,Removable Articulation
451951,INFCONT,MISC,Removable QC
451951,INFCONT,MISC,Removables
451951,INFCONT,MISC,SCHEDULING
451951,INFCONT,MISC,Set AOF Immediate
451345,,,
452065,CRNEZZ,C&B,C&B
452065,CRNEZZ,C&B,Brux Porcelain
452065,CRNEZZ,C&B,CAD Mill crown/coping
452065,CRNEZZ,C&B,Die Trim
452065,CRNEZZ,C&B,FIXED MODELS
452065,CRNEZZ,C&B,Invoice and Ship
452065,CRNEZZ,C&B,Fixed QC
452065,CRNEZZ,C&B,Sinter
452065,CRNEZZ,C&B,Outsource Design full contour
452065,CRNEZZ,C&B,Stain & Glaze
452065,CRNEZZ,C&B,Scan for crowns
452065,INFCONT,MISC,CAD Mill crown/coping
452065,CRNEZZ,C&B,SCHEDULING
452065,INFCONT,MISC,FIXED MODELS
452065,INFCONT,MISC,Brux Porcelain
452065,INFCONT,MISC,Invoice and Ship
452065,INFCONT,MISC,C&B
452065,INFCONT,MISC,Outsource Design full contour
452065,INFCONT,MISC,Die Trim
452065,INFCONT,MISC,Scan for crowns
452065,INFCONT,MISC,Fixed QC
452065,INFCONT,MISC,SCHEDULING
452065,INFCONT,MISC,Sinter
452065,INFCONT,MISC,Stain & Glaze
449234,DENEVALREM,Removables,REMQC
449234,DENEVALREM,Removables,BUSOFF
449234,DENEVALREM,Removables,SCHEDULING
449234,DENEVALREM,Removables,PRINTING
449234,DIGMODCADREM,Removables,Removables
449234,DENEVALREM,Removables,Removables
449234,DIGMODCADREM,Removables,BUSOFF
449234,DIGMODCADREM,Removables,PRINTING
449234,DIGMODCADREM,Removables,REMQC
449234,DIGMODCADREM,Removables,SCHEDULING
451634,ART-EVQC-CLSCN,MISC,BUSOFF
451634,ART-EVQC-CLSCN,MISC,CAD DESIGN
451634,ART-EVQC-CLSCN,MISC,C&B
451634,ART-EVQC-CLSCN,MISC,SINTER
451634,ART-EVQC-CLSCN,MISC,FIXED QC
451634,ART-EVQC-CLSCN,MISC,STAINGLZ
451634,ART-EVQC-CLSCN,MISC,SCHEDULING
451634,DIGBRUXCRN,C&B,BUSOFF
451634,DIGBRUXCRN,C&B,FIXED QC
451634,DIGBRUXCRN,C&B,C&B
451634,DIGBRUXCRN,C&B,SINTER
451634,DIGBRUXCRN,C&B,CAD DESIGN
451634,DIGBRUXCRN,C&B,STAINGLZ
451634,DIGBRUXCRN,C&B,SCHEDULING
451724,DIGBRUXCRN,C&B,CAD DESIGN
451724,DIGBRUXCRN,C&B,BUSOFF
451724,DIGBRUXCRN,C&B,FIXED QC
451724,DIGBRUXCRN,C&B,C&B
451724,DIGBRUXCRN,C&B,SCHEDULING
451724,DIGBRUXCRN,C&B,SINTER
451724,DIGBRUXCRN,C&B,STAINGLZ
451965,DENMTHGRD,SPLINTS,BUSOFF
451965,DENMTHGRD,SPLINTS,REMQC
451965,DENMTHGRD,SPLINTS,PRINTING
451965,DENMTHGRD,SPLINTS,SCHEDULING
451965,DENMTHGRD,SPLINTS,Removables
451965,DIGMODCADREM,Removables,Removables
451965,DENMTHGRD,SPLINTS,SPLINTS
451965,DIGMODCADREM,Removables,REMQC
451965,DIGMODCADREM,Removables,BUSOFF
451965,DIGMODCADREM,Removables,SPLINTS
451965,DIGMODCADREM,Removables,PRINTING
451965,DIGMODCADREM,Removables,SCHEDULING
442424,DIGBRUXCRN,C&B,BUSOFF
442424,DIGBRUXCRN,C&B,SINTER
442424,DIGBRUXCRN,C&B,C&B
442424,DIGBRUXCRN,C&B,CAD DESIGN
442424,DIGBRUXCRN,C&B,FIXED QC
442424,DIGBRUXCRN,C&B,SCHEDULING
442424,DIGBRUXCRN,C&B,STAINGLZ
451032,DEN2RESET,Removables,SCHEDULING
451032,DEN2RESET,Removables,BUSOFF
451032,INFCONT,MISC,BUSOFF
451032,DEN2RESET,Removables,Removables
451032,INFCONT,MISC,SCHEDULING
451032,DEN2RESET,Removables,REMQC
451032,INFCONT,MISC,Removables
451032,INFCONT,MISC,REMQC
452050,CRNBRUX,C&B,Brux Porcelain
452050,CRNBRUX,C&B,C&B
452050,CRNBRUX,C&B,Die Trim
452050,CRNBRUX,C&B,CAD Mill crown/coping
452050,CRNBRUX,C&B,Invoice and Ship
452050,CRNBRUX,C&B,FINISHING
452050,CRNBRUX,C&B,Sinter
452050,CRNBRUX,C&B,FIXED MODELS
452050,CRNBRUX,C&B,Stain & Glaze
452050,CRNBRUX,C&B,FIXED QC
452050,CRNZIRCBR,C&B,Brux Porcelain
452050,CRNBRUX,C&B,Outsource Design full contour
452050,CRNZIRCBR,C&B,C&B
452050,CRNBRUX,C&B,Scan for crowns
452050,CRNZIRCBR,C&B,Die Trim
452050,CRNBRUX,C&B,SCHEDULING
452050,CRNZIRCBR,C&B,FIXED QC
452050,CRNZIRCBR,C&B,CAD Mill crown/coping
452050,INFCONT,MISC,C&B
452050,CRNZIRCBR,C&B,FINISHING
452050,INFCONT,MISC,CAD Mill crown/coping
452050,CRNZIRCBR,C&B,FIXED MODELS
452050,INFCONT,MISC,FIXED MODELS
452050,CRNZIRCBR,C&B,Invoice and Ship
452050,INFCONT,MISC,Invoice and Ship
452050,CRNZIRCBR,C&B,Outsource Design full contour
452050,INFCONT,MISC,Outsource Design full contour
452050,CRNZIRCBR,C&B,Scan for crowns
452050,INFCONT,MISC,Stain & Glaze
452050,CRNZIRCBR,C&B,SCHEDULING
452050,CRNZIRCBR,C&B,Sinter
452050,CRNZIRCBR,C&B,Stain & Glaze
452050,INFCONT,MISC,Brux Porcelain
452050,INFCONT,MISC,Die Trim
452050,INFCONT,MISC,FINISHING
452050,INFCONT,MISC,FIXED QC
452050,INFCONT,MISC,Scan for crowns
452050,INFCONT,MISC,SCHEDULING
452050,INFCONT,MISC,Sinter
451893,CRAHSC,SPLINTS,BUSOFF
451893,CRAHSC,SPLINTS,Removables
451893,CRAHSC,SPLINTS,PRINTING
451893,CRAHSC,SPLINTS,SPLINTS
451893,CRAHSC,SPLINTS,SCHEDULING
451893,DIGMODCADREM,Removables,PRINTING
451893,DIGMODCADREM,Removables,BUSOFF
451893,DIGMODCADREM,Removables,Removables
451893,DIGMODCADREM,Removables,SPLINTS
451893,DIGMODCADREM,Removables,SCHEDULING
451844,DIGMODCADREM,Removables,PRINTING
451844,DIGMODCADREM,Removables,BUSOFF
451844,DIGMODCADREM,Removables,Removables
451844,DIGMODCADREM,Removables,REMQC
451844,ORTVFRET,Removables,PRINTING
451844,DIGMODCADREM,Removables,SCHEDULING
451844,ORTVFRET,Removables,Removables
451844,ORTVFRET,Removables,BUSOFF
451844,ORTVFRET,Removables,REMQC
451844,ORTVFRET,Removables,SCHEDULING
451960,CRNBRUX,C&B,Brux Porcelain
451960,CRNBRUX,C&B,C&B
451960,CRNBRUX,C&B,FIXED MODELS
451960,CRNBRUX,C&B,CAD Mill crown/coping
451960,CRNBRUX,C&B,Invoice and Ship
451960,CRNBRUX,C&B,Die Trim
451960,CRNBRUX,C&B,Sinter
451960,CRNBRUX,C&B,FIXED QC
451960,CRNBRUX,C&B,Stain & Glaze
451960,CRNBRUX,C&B,Outsource Design full contour
451960,CRNBRUX,C&B,Scan for crowns
451960,CRNBRUX,C&B,SCHEDULING
440529,DIGBRUXCRN,C&B,CAD DESIGN
440529,DIGBRUXCRN,C&B,BUSOFF
440529,DIGBRUXCRN,C&B,SCHEDULING
440529,DIGBRUXCRN,C&B,C&B
440529,DIGBRUXCRN,C&B,SINTER
440529,DIGBRUXCRN,C&B,FIXED QC
440529,DIGBRUXCRN,C&B,STAINGLZ
446127,,,
448806,DIGBRUXCRN,C&B,
446269,,,
451879,CRNEMAXM,C&B,BUSOFF
451879,CRNEMAXM,C&B,CAD DESIGN
451879,CRNEMAXM,C&B,C&B
451879,CRNEMAXM,C&B,CAD SCANNING
451879,CRNEMAXM,C&B,DIETRIM
451879,CRNEMAXM,C&B,FIXED QC
451879,CRNEMAXM,C&B,PORCELAIN
451879,CRNEMAXM,C&B,SCHEDULING
451997,CRNBRUX,C&B,Brux Porcelain
451997,CRNBRUX,C&B,C&B
451997,CRNBRUX,C&B,CAD Mill crown/coping
451997,CRNBRUX,C&B,FIXED MODELS
451997,CRNBRUX,C&B,Die Trim
451997,CRNBRUX,C&B,Invoice and Ship
451997,CRNBRUX,C&B,FIXED QC
451997,CRNBRUX,C&B,Outsource Design full contour
451997,CRNBRUX,C&B,Scan for crowns
451997,CRNBRUX,C&B,SCHEDULING
451997,CRNBRUX,C&B,Sinter
451997,CRNBRUX,C&B,Stain & Glaze
441002,DIGBRUXCRN,C&B,BUSOFF
441002,DIGBRUXCRN,C&B,CAD DESIGN
441002,DIGBRUXCRN,C&B,C&B
441002,DIGBRUXCRN,C&B,FIXED QC
441002,DIGBRUXCRN,C&B,SCHEDULING
441002,DIGBRUXCRN,C&B,SINTER
441002,DIGBRUXCRN,C&B,STAINGLZ
451609,,,
451563,DIGCRAHARD,SPLINTS,
451563,DIGCRAHARD,SPLINTS,BUSOFF
451563,DIGCRAHARD,SPLINTS,Removables
451563,DIGCRAHARD,SPLINTS,PRINTING
451563,DIGCRAHARD,SPLINTS,SCHEDULING
451563,DIGMODCADREM,Removables,
451563,DIGMODCADREM,Removables,BUSOFF
451563,DIGMODCADREM,Removables,PRINTING
451563,DIGMODCADREM,Removables,Removables
451563,DIGMODCADREM,Removables,SCHEDULING
441584,DIGEZZCRN,C&B,CAD Mill crown/coping
441584,DIGEZZCRN,C&B,Brux Porcelain
441584,DIGEZZCRN,C&B,FIXED MODELS
441584,DIGEZZCRN,C&B,Fixed QC
441584,DIGEZZCRN,C&B,Outsource Design full contour
441584,DIGEZZCRN,C&B,Invoice and Ship
441584,DIGEZZCRN,C&B,SCHEDULING
441584,DIGEZZCRN,C&B,Sinter
441584,DIGEZZCRN,C&B,Stain & Glaze
451263,DIGBRUXCRN,C&B,
450520,DENCLASP,Removables,Removables
450520,DENCLASP,Removables,BUSOFF
450520,DIGFLIP1-5,PARTIAL,Removables
450520,DENCLASP,Removables,PRINTING
450520,DIGMODCADREM,Removables,BUSOFF
450520,DENCLASP,Removables,REMQC
450520,DIGMODCADREM,Removables,REMQC
450520,DIGFLIP1-5,PARTIAL,BUSOFF
450520,DTARTICA1,Removables,Removables
450520,DIGFLIP1-5,PARTIAL,PRINTING
450520,DTARTICA1,Removables,REMQC
450520,DIGFLIP1-5,PARTIAL,REMQC
450520,DIGMODCADREM,Removables,PRINTING
450520,DIGMODCADREM,Removables,Removables
450520,DTARTICA1,Removables,BUSOFF
450520,DTARTICA1,Removables,PRINTING
442704,ART-EVQC-CLDR,MISC,
442704,INFCONT,MISC,
452033,CRNBRUX,C&B,C&B
452033,CRNBRUX,C&B,Brux Porcelain
452033,CRNBRUX,C&B,FIXED QC
452033,CRNBRUX,C&B,CAD Mill crown/coping
452033,CRNBRUX,C&B,Sinter
452033,CRNBRUX,C&B,Die Trim
452033,CRNBRUX,C&B,FIXED MODELS
452033,CRNBRUX,C&B,Invoice and Ship
452033,CRNBRUX,C&B,Outsource Design full contour
452033,CRNBRUX,C&B,Scan for crowns
452033,CRNBRUX,C&B,SCHEDULING
452033,CRNBRUX,C&B,Stain & Glaze
451605,CRA,SPLINTS,CAD SCANNING
451605,CRA,SPLINTS,BUSOFF
451605,CRA,SPLINTS,REMQC
451605,CRA,SPLINTS,PRINTING
451605,CRA,SPLINTS,SCHEDULING
451605,CRA,SPLINTS,Removables
451605,CRA,SPLINTS,SPLINTS
451605,MODSTOREM,Removables,BUSOFF
451605,MODSTOREM,Removables,CAD SCANNING
451605,MODSTOREM,Removables,PRINTING
451605,MODSTOREM,Removables,Removables
451605,MODSTOREM,Removables,REMQC
451605,MODSTOREM,Removables,SCHEDULING
451605,MODSTOREM,Removables,SPLINTS
451857,DIGBRUXCRN,C&B,BUSOFF
451857,DIGBRUXCRN,C&B,SINTER
451857,DIGBRUXCRN,C&B,C&B
451857,DIGBRUXCRN,C&B,CAD DESIGN
451857,DIGBRUXCRN,C&B,FIXED QC
451857,DIGBRUXCRN,C&B,SCHEDULING
451857,DIGBRUXCRN,C&B,STAINGLZ
452045,ART-EVQC-CLSCN,MISC,OUTSRCBUS
452045,ART-EVQC-CLSCN,MISC,BUSOFF
452045,DIGFCCRN,C&B,BUSOFF
452045,ART-EVQC-CLSCN,MISC,C&B
452045,DIGFCCRN,C&B,CAD DESIGN
452045,ART-EVQC-CLSCN,MISC,CAD DESIGN
452045,DIGFCCRN,C&B,CAD SCANNING
452045,ART-EVQC-CLSCN,MISC,CAD SCANNING
452045,DIGFCCRN,C&B,DIETRIM
452045,ART-EVQC-CLSCN,MISC,DIETRIM
452045,DIGFCCRN,C&B,FINISHING
452045,ART-EVQC-CLSCN,MISC,FINISHING
452045,DIGFCCRN,C&B,FIXED QC
452045,ART-EVQC-CLSCN,MISC,FIXED QC
452045,DIGFCCRN,C&B,SCHEDULING
452045,ART-EVQC-CLSCN,MISC,SCHEDULING
452045,NP,Alloy,CAD DESIGN
452045,DIGFCCRN,C&B,C&B
452045,NP,Alloy,CAD SCANNING
452045,DIGFCCRN,C&B,OUTSRCBUS
452045,NP,Alloy,DIETRIM
452045,NP,Alloy,BUSOFF
452045,NP,Alloy,FIXED QC
452045,NP,Alloy,C&B
452045,NP,Alloy,OUTSRCBUS
452045,NP,Alloy,FINISHING
452045,NP,Alloy,SCHEDULING
452046,DIGBRUXCRN,C&B,BUSOFF
452046,DIGBRUXCRN,C&B,SINTER
452046,DIGBRUXCRN,C&B,C&B
452046,DIGBRUXCRN,C&B,CAD DESIGN
452046,DIGBRUXCRN,C&B,FIXED QC
452046,DIGBRUXCRN,C&B,SCHEDULING
452046,DIGBRUXCRN,C&B,STAINGLZ
451928,CRNBRUX,C&B,Die Trim
451928,CRNBRUX,C&B,Brux Porcelain
451928,CRNBRUX,C&B,FIXED MODELS
451928,CRNBRUX,C&B,C&B
451928,CRNBRUX,C&B,Outsource Design full contour
451928,CRNBRUX,C&B,CAD Mill crown/coping
451928,CRNBRUX,C&B,Sinter
451928,CRNBRUX,C&B,FIXED QC
451928,CRNBRUX,C&B,Invoice and Ship
451928,CRNBRUX,C&B,Scan for crowns
451928,CRNBRUX,C&B,SCHEDULING
451928,CRNBRUX,C&B,Stain & Glaze
451639,DENCLASP,Removables,BUSOFF
451639,DENCLASP,Removables,PRINTING
451639,DENFLIP1-4,PARTIAL,Removables
451639,DENCLASP,Removables,Removables
451639,DENFLIP1-4,PARTIAL,REMQC
451639,DENCLASP,Removables,REMQC
451639,DIGMODCADREM,Removables,REMQC
451639,DENFLIP1-4,PARTIAL,BUSOFF
451639,DTARTICP1,Removables,BUSOFF
451639,DENFLIP1-4,PARTIAL,PRINTING
451639,DIGMODCADREM,Removables,BUSOFF
451639,DIGMODCADREM,Removables,PRINTING
451639,DIGMODCADREM,Removables,Removables
451639,DTARTICP1,Removables,PRINTING
451639,DTARTICP1,Removables,Removables
451639,DTARTICP1,Removables,REMQC
445834,DIGBRUXCRN,C&B,CAD DESIGN
445834,DIGBRUXCRN,C&B,BUSOFF
445834,DIGBRUXCRN,C&B,FIXED QC
445834,DIGBRUXCRN,C&B,C&B
445834,DIGBRUXCRN,C&B,SCHEDULING
445834,DIGBRUXCRN,C&B,SINTER
445834,DIGBRUXCRN,C&B,STAINGLZ
451925,CRNBRUX,C&B,C&B
451925,CRNBRUX,C&B,Brux Porcelain
451925,CRNBRUX,C&B,CAD Mill crown/coping
451925,CRNBRUX,C&B,FIXED QC
451925,CRNBRUX,C&B,Die Trim
451925,CRNBRUX,C&B,Scan for crowns
451925,CRNBRUX,C&B,FIXED MODELS
451925,CRNBRUX,C&B,Sinter
451925,CRNBRUX,C&B,Invoice and Ship
451925,CRNBRUX,C&B,Stain & Glaze
451925,CRNBRUX,C&B,Outsource Design full contour
451925,INFCONT,MISC,Die Trim
451925,CRNBRUX,C&B,SCHEDULING
451925,INFCONT,MISC,FIXED MODELS
451925,INFCONT,MISC,Brux Porcelain
451925,INFCONT,MISC,Invoice and Ship
451925,INFCONT,MISC,C&B
451925,INFCONT,MISC,Outsource Design full contour
451925,INFCONT,MISC,CAD Mill crown/coping
451925,INFCONT,MISC,Stain & Glaze
451925,INFCONT,MISC,FIXED QC
451925,INFCONT,MISC,Scan for crowns
451925,INFCONT,MISC,SCHEDULING
451925,INFCONT,MISC,Sinter
451359,INFCONT,MISC,CHAIRSIDE SERVICES
451359,INFCONT,MISC,BUSOFF
451359,INFCONT,MISC,SINTER
451359,INFCONT,MISC,CAD DESIGN
451359,PHOTOZRBASE,CHAIRSIDE SERVICES,CAD DESIGN
451359,INFCONT,MISC,CEMENT
451359,INFCONT,MISC,FINISHING
451359,INFCONT,MISC,FIXED QC
451359,INFCONT,MISC,SCHEDULING
451359,INFCONT,MISC,STAINGLZ
451359,PHOTOZRBASE,CHAIRSIDE SERVICES,BUSOFF
451359,PHOTOZRBASE,CHAIRSIDE SERVICES,CEMENT
451359,PHOTOZRBASE,CHAIRSIDE SERVICES,CHAIRSIDE SERVICES
451359,PHOTOZRBASE,CHAIRSIDE SERVICES,FINISHING
451359,PHOTOZRBASE,CHAIRSIDE SERVICES,FIXED QC
451359,PHOTOZRBASE,CHAIRSIDE SERVICES,SCHEDULING
451359,PHOTOZRBASE,CHAIRSIDE SERVICES,SINTER
451359,PHOTOZRBASE,CHAIRSIDE SERVICES,STAINGLZ
451550,CRNBRUX,C&B,FIXED MODELS
451550,CRNBRUX,C&B,Brux Porcelain
451550,CRNBRUX,C&B,Invoice and Ship
451550,CRNBRUX,C&B,C&B
451550,CRNBRUX,C&B,Outsource Design full contour
451550,CRNBRUX,C&B,CAD Mill crown/coping
451550,CRNBRUX,C&B,Stain & Glaze
451550,CRNBRUX,C&B,Die Trim
451550,CRNZIRCBR,C&B,Brux Porcelain
451550,CRNBRUX,C&B,FINISHING
451550,CRNZIRCBR,C&B,CAD Mill crown/coping
451550,CRNBRUX,C&B,FIXED QC
451550,CRNZIRCBR,C&B,Die Trim
451550,CRNBRUX,C&B,Scan for crowns
451550,CRNZIRCBR,C&B,FIXED QC
451550,CRNBRUX,C&B,SCHEDULING
451550,CRNBRUX,C&B,Sinter
451550,CRNZIRCBR,C&B,C&B
451550,CRNZIRCBR,C&B,FINISHING
451550,CRNZIRCBR,C&B,FIXED MODELS
451550,CRNZIRCBR,C&B,Invoice and Ship
451550,CRNZIRCBR,C&B,Outsource Design full contour
451550,CRNZIRCBR,C&B,Scan for crowns
451550,CRNZIRCBR,C&B,SCHEDULING
451550,CRNZIRCBR,C&B,Sinter
451550,CRNZIRCBR,C&B,Stain & Glaze
451810,CRNBRUX,C&B,Brux Porcelain
451810,CRNBRUX,C&B,C&B
451810,CRNBRUX,C&B,Die Trim
451810,CRNBRUX,C&B,CAD Mill crown/coping
451810,CRNBRUX,C&B,Invoice and Ship
451810,CRNBRUX,C&B,FIXED MODELS
451810,CRNBRUX,C&B,Sinter
451810,CRNBRUX,C&B,FIXED QC
451810,CRNBRUX,C&B,Stain & Glaze
451810,CRNBRUX,C&B,Outsource Design full contour
451810,CRNBRUX,C&B,Scan for crowns
451810,CRNBRUX,C&B,SCHEDULING
451080,CRNBRUX,C&B,BUSOFF
451080,CRNBRUX,C&B,Brux Porcelain
451080,CRNBRUX,C&B,CAD Mill crown/coping
451080,CRNBRUX,C&B,C&B
451080,CRNBRUX,C&B,Die Trim
451080,CRNBRUX,C&B,CTS
451080,CRNBRUX,C&B,Impl Eval/Set TA
451080,CRNBRUX,C&B,Fixed QC
451080,CRNBRUX,C&B,Outsource Design full contour
451080,CRNBRUX,C&B,IMPLANTS
451080,CRNBRUX,C&B,Tissue Trim
451080,CRNBRUX,C&B,Scan Abutments
451080,CRNDRCALLF,C&B,Brux Porcelain
451080,CRNBRUX,C&B,Scan for crowns
451080,CRNDRCALLF,C&B,CAD Mill crown/coping
451080,CRNBRUX,C&B,SCHEDULING
451080,CRNDRCALLF,C&B,Die Trim
451080,CRNBRUX,C&B,Sinter
451080,CRNDRCALLF,C&B,Fixed QC
451080,CRNBRUX,C&B,Stain & Glaze
451080,CRNDRCALLF,C&B,Impl Eval/Set TA
451080,CRNDRCALLF,C&B,BUSOFF
451080,CRNDRCALLF,C&B,SCHEDULING
451080,CRNDRCALLF,C&B,C&B
451080,INFCONT,MISC,BUSOFF
451080,CRNDRCALLF,C&B,CTS
451080,INFCONT,MISC,C&B
451080,CRNDRCALLF,C&B,IMPLANTS
451080,INFCONT,MISC,CAD Mill crown/coping
451080,CRNDRCALLF,C&B,Outsource Design full contour
451080,INFCONT,MISC,Fixed QC
451080,CRNDRCALLF,C&B,Scan Abutments
451080,INFCONT,MISC,Scan Abutments
451080,CRNDRCALLF,C&B,Scan for crowns
451080,INFCONT,MISC,Scan for crowns
451080,CRNDRCALLF,C&B,Sinter
451080,INFCONT,MISC,SCHEDULING
451080,CRNDRCALLF,C&B,Stain & Glaze
451080,INFCONT,MISC,Stain & Glaze
451080,CRNDRCALLF,C&B,Tissue Trim
451080,SCREWRETCRN,IMPLANTS,CAD Mill crown/coping
451080,INFCONT,MISC,Brux Porcelain
451080,SCREWRETCRN,IMPLANTS,Die Trim
451080,INFCONT,MISC,CTS
451080,SCREWRETCRN,IMPLANTS,Fixed QC
451080,INFCONT,MISC,Die Trim
451080,SCREWRETCRN,IMPLANTS,Outsource Design full contour
451080,INFCONT,MISC,Impl Eval/Set TA
451080,SCREWRETCRN,IMPLANTS,Scan for crowns
451080,INFCONT,MISC,IMPLANTS
451080,SCREWRETCRN,IMPLANTS,SCHEDULING
451080,INFCONT,MISC,Outsource Design full contour
451080,SCREWRETCRN,IMPLANTS,Stain & Glaze
451080,INFCONT,MISC,Sinter
451080,INFCONT,MISC,Tissue Trim
451080,SCREWRETCRN,IMPLANTS,Brux Porcelain
451080,SCREWRETCRN,IMPLANTS,BUSOFF
451080,SCREWRETCRN,IMPLANTS,C&B
451080,SCREWRETCRN,IMPLANTS,CTS
451080,SCREWRETCRN,IMPLANTS,Impl Eval/Set TA
451080,SCREWRETCRN,IMPLANTS,IMPLANTS
451080,SCREWRETCRN,IMPLANTS,Scan Abutments
451080,SCREWRETCRN,IMPLANTS,Sinter
451080,SCREWRETCRN,IMPLANTS,Tissue Trim
452053,DIGBRUXCRN,C&B,BUSOFF
452053,DIGBRUXCRN,C&B,FIXED QC
452053,DIGBRUXCRN,C&B,C&B
452053,DIGBRUXCRN,C&B,CAD DESIGN
452053,DIGBRUXCRN,C&B,SCHEDULING
452053,DIGBRUXCRN,C&B,SINTER
452053,DIGBRUXCRN,C&B,STAINGLZ
451704,DIGBRUXCRN,C&B,BUSOFF
451704,DIGBRUXCRN,C&B,CAD DESIGN
451704,DIGBRUXCRN,C&B,C&B
451704,DIGBRUXCRN,C&B,SCHEDULING
451704,DIGBRUXCRN,C&B,FIXED QC
451704,DIGBRUXCRN,C&B,SINTER
451704,DIGBRUXCRN,C&B,STAINGLZ
451683,,,
452049,CRAHSC,SPLINTS,BUSOFF
452049,CRAHSC,SPLINTS,SPLINTS
452049,CRAHSC,SPLINTS,PRINTING
452049,DIGMODCADREM,Removables,BUSOFF
452049,CRAHSC,SPLINTS,Removables
452049,DIGMODCADREM,Removables,PRINTING
452049,CRAHSC,SPLINTS,SCHEDULING
452049,DIGMODCADREM,Removables,SCHEDULING
452049,DIGMODCADREM,Removables,Removables
452049,DIGMODCADREM,Removables,SPLINTS
444209,INFCONT,MISC,OUTSRCBUS
444209,INFCONT,MISC,BUSOFF
444209,INFCONT,MISC,Removables
444209,INFCONT,MISC,ORTHO
444209,MODSTOREM,Removables,BUSOFF
444209,INFCONT,MISC,REMQC
444209,MODSTOREM,Removables,ORTHO
444209,INFCONT,MISC,SCHEDULING
444209,MODSTOREM,Removables,Removables
444209,MODSTOREM,Removables,OUTSRCBUS
444209,MODSTOREM,Removables,REMQC
444209,MODSTOREM,Removables,SCHEDULING
444209,ORTSPMAINT,ORTHO,BUSOFF
444209,ORTSPMAINT,ORTHO,ORTHO
444209,ORTSPMAINT,ORTHO,REMQC
444209,ORTSPMAINT,ORTHO,OUTSRCBUS
444209,ORTSPMAINT,ORTHO,SCHEDULING
444209,ORTSPMAINT,ORTHO,Removables
451952,DIGBRUXCRN,C&B,BUSOFF
451952,DIGBRUXCRN,C&B,CAD DESIGN
451952,DIGBRUXCRN,C&B,C&B
451952,DIGBRUXCRN,C&B,FIXED QC
451952,DIGBRUXCRN,C&B,SINTER
451952,DIGBRUXCRN,C&B,SCHEDULING
451952,DIGBRUXCRN,C&B,STAINGLZ
451937,CRNZAD,C&B,C&B
451858,DIGBRUXCRN,C&B,FIXED QC
451858,DIGBRUXCRN,C&B,BUSOFF
451858,DIGBRUXCRN,C&B,SCHEDULING
451858,DIGBRUXCRN,C&B,C&B
451858,DIGBRUXCRN,C&B,SINTER
451858,DIGBRUXCRN,C&B,CAD DESIGN
451858,DIGBRUXCRN,C&B,STAINGLZ
451279,ART-EVQC-CLMI,MISC,BUSOFF
451279,ART-EVQC-CLMI,MISC,SINTER
451279,ART-EVQC-CLMI,MISC,C&B
451279,CRNFIT,C&B,BUSOFF
451279,ART-EVQC-CLMI,MISC,CAD DESIGN
451279,CRNFIT,C&B,C&B
451279,ART-EVQC-CLMI,MISC,FINISHING
451279,CRNFIT,C&B,FINISHING
451279,ART-EVQC-CLMI,MISC,FIXED QC
451279,CRNFIT,C&B,SCHEDULING
451279,ART-EVQC-CLMI,MISC,PORCELAIN
451279,DIGBRUXCRN,C&B,BUSOFF
451279,ART-EVQC-CLMI,MISC,SCHEDULING
451279,DIGBRUXCRN,C&B,C&B
451279,ART-EVQC-CLMI,MISC,STAINGLZ
451279,DIGBRUXCRN,C&B,FINISHING
451279,CRNFIT,C&B,CAD DESIGN
451279,DIGBRUXCRN,C&B,FIXED QC
451279,CRNFIT,C&B,FIXED QC
451279,DIGBRUXCRN,C&B,SCHEDULING
451279,CRNFIT,C&B,PORCELAIN
451279,DIGBRUXCRN,C&B,SINTER
451279,CRNFIT,C&B,SINTER
451279,DIGBRUXCRN,C&B,STAINGLZ
451279,CRNFIT,C&B,STAINGLZ
451279,INFCONT,MISC,BUSOFF
451279,DIGBRUXCRN,C&B,CAD DESIGN
451279,INFCONT,MISC,C&B
451279,DIGBRUXCRN,C&B,PORCELAIN
451279,INFCONT,MISC,FINISHING
451279,INFCONT,MISC,CAD DESIGN
451279,INFCONT,MISC,FIXED QC
451279,INFCONT,MISC,PORCELAIN
451279,INFCONT,MISC,SCHEDULING
451279,INFCONT,MISC,SINTER
451279,INFCONT,MISC,STAINGLZ
451626,CRA,SPLINTS,OUTSRCBUS
451626,CRA,SPLINTS,BUSOFF
451626,CRA,SPLINTS,REMQC
451626,CRA,SPLINTS,Dup Model
451626,CRA,SPLINTS,SCHEDULING
451626,CRA,SPLINTS,Finish CRA
451626,DIGMODCADREM,Removables,Dup Model
451626,CRA,SPLINTS,ORTHO
451626,DIGMODCADREM,Removables,REMQC
451626,CRA,SPLINTS,PRINTING
451626,DIGMODCADREM,Removables,SCHEDULING
451626,CRA,SPLINTS,Process CRA
451626,ORTHAWLEY,ORTHO,OUTSRCBUS
451626,CRA,SPLINTS,Removables
451626,ORTHAWLEY,ORTHO,Process CRA
451626,CRA,SPLINTS,Splint QC
451626,ORTHAWLEY,ORTHO,SCHEDULING
451626,CRA,SPLINTS,Wax CRA
451626,ORTHAWLEY,ORTHO,Splint QC
451626,DIGMODCADREM,Removables,BUSOFF
451626,DIGMODCADREM,Removables,Finish CRA
451626,DIGMODCADREM,Removables,ORTHO
451626,DIGMODCADREM,Removables,OUTSRCBUS
451626,DIGMODCADREM,Removables,PRINTING
451626,DIGMODCADREM,Removables,Process CRA
451626,DIGMODCADREM,Removables,Removables
451626,DIGMODCADREM,Removables,Splint QC
451626,DIGMODCADREM,Removables,Wax CRA
451626,ORTHAWLEY,ORTHO,BUSOFF
451626,ORTHAWLEY,ORTHO,Dup Model
451626,ORTHAWLEY,ORTHO,Finish CRA
451626,ORTHAWLEY,ORTHO,ORTHO
451626,ORTHAWLEY,ORTHO,PRINTING
451626,ORTHAWLEY,ORTHO,Removables
451626,ORTHAWLEY,ORTHO,REMQC
451626,ORTHAWLEY,ORTHO,Wax CRA
451190,DENCLASP,Removables,REMQC
451190,DENCLASP,Removables,BUSOFF
451190,DIGFLIP1-5,PARTIAL,REMQC
451190,DENCLASP,Removables,PRINTING
451190,DIGMODCADREM,Removables,BUSOFF
451190,DENCLASP,Removables,Removables
451190,DIGMODCADREM,Removables,PRINTING
451190,DIGFLIP1-5,PARTIAL,BUSOFF
451190,DIGMODCADREM,Removables,REMQC
451190,DIGFLIP1-5,PARTIAL,PRINTING
451190,DTARTICA1,Removables,Removables
451190,DIGFLIP1-5,PARTIAL,Removables
451190,DIGMODCADREM,Removables,Removables
451190,DTARTICA1,Removables,BUSOFF
451190,DTARTICA1,Removables,PRINTING
451190,DTARTICA1,Removables,REMQC
452031,,,
452011,CRNBRUX,C&B,C&B
452011,CRNBRUX,C&B,Brux Porcelain
452011,CRNBRUX,C&B,Die Trim
452011,CRNBRUX,C&B,CAD Mill crown/coping
452011,CRNBRUX,C&B,FIXED QC
452011,CRNBRUX,C&B,FIXED MODELS
452011,CRNBRUX,C&B,Outsource Design full contour
452011,CRNBRUX,C&B,Invoice and Ship
452011,CRNBRUX,C&B,Sinter
452011,CRNBRUX,C&B,Scan for crowns
452011,INFCONT,MISC,C&B
452011,CRNBRUX,C&B,SCHEDULING
452011,INFCONT,MISC,CAD Mill crown/coping
452011,CRNBRUX,C&B,Stain & Glaze
452011,INFCONT,MISC,Die Trim
452011,INFCONT,MISC,Brux Porcelain
452011,INFCONT,MISC,FIXED MODELS
452011,INFCONT,MISC,FIXED QC
452011,INFCONT,MISC,Outsource Design full contour
452011,INFCONT,MISC,Invoice and Ship
452011,INFCONT,MISC,SCHEDULING
452011,INFCONT,MISC,Scan for crowns
452011,INFCONT,MISC,Sinter
452011,INFCONT,MISC,Stain & Glaze
451924,DIGBRUXCRN,C&B,SINTER
451924,DIGBRUXCRN,C&B,BUSOFF
451924,DIGBRUXCRN,C&B,C&B
451924,DIGBRUXCRN,C&B,CAD DESIGN
451924,DIGBRUXCRN,C&B,FIXED QC
451924,DIGBRUXCRN,C&B,SCHEDULING
451924,DIGBRUXCRN,C&B,STAINGLZ
451995,CRNBRUX,C&B,Brux Porcelain
451995,CRNBRUX,C&B,C&B
451995,CRNBRUX,C&B,Die Trim
451995,CRNBRUX,C&B,CAD Mill crown/coping
451995,CRNBRUX,C&B,Invoice and Ship
451995,CRNBRUX,C&B,FIXED MODELS
451995,CRNBRUX,C&B,SCHEDULING
451995,CRNBRUX,C&B,FIXED QC
451995,CRNBRUX,C&B,Sinter
451995,CRNBRUX,C&B,Outsource Design full contour
451995,CRNBRUX,C&B,Stain & Glaze
451995,CRNBRUX,C&B,Scan for crowns
451995,INFCONT,MISC,C&B
451995,INFCONT,MISC,Brux Porcelain
451995,INFCONT,MISC,FIXED MODELS
451995,INFCONT,MISC,CAD Mill crown/coping
451995,INFCONT,MISC,Invoice and Ship
451995,INFCONT,MISC,Die Trim
451995,INFCONT,MISC,Outsource Design full contour
451995,INFCONT,MISC,FIXED QC
451995,INFCONT,MISC,Scan for crowns
451995,INFCONT,MISC,SCHEDULING
451995,INFCONT,MISC,Sinter
451995,INFCONT,MISC,Stain & Glaze
449751,DIGBRUXCRN,C&B,
449847,DELIVERY,DELIVERY,BUSOFF
449847,DEN2RESET,Removables,REMQC
449847,DELIVERY,DELIVERY,CHAIRSIDE SERVICES
449847,DENAO4ZPT,CHAIRSIDE SERVICES,BUSOFF
449847,DELIVERY,DELIVERY,REMQC
449847,INFCONT,MISC,BUSOFF
449847,DELIVERY,DELIVERY,SCHEDULING
449847,INFCONT,MISC,REMQC
449847,DEN2RESET,Removables,BUSOFF
449847,INFCONT,MISC,SCHEDULING
449847,DEN2RESET,Removables,CHAIRSIDE SERVICES
449847,DEN2RESET,Removables,SCHEDULING
449847,DENAO4ZPT,CHAIRSIDE SERVICES,CHAIRSIDE SERVICES
449847,DENAO4ZPT,CHAIRSIDE SERVICES,REMQC
449847,DENAO4ZPT,CHAIRSIDE SERVICES,SCHEDULING
449847,INFCONT,MISC,CHAIRSIDE SERVICES
450599,,,
451409,DIGMODCADREM,Removables,BUSOFF
451409,DIGMODCADREM,Removables,OUTSRCBUS
451409,DIGMODCADREM,Removables,PARTIAL
451409,DIGMODCADREM,Removables,Removables
451409,DIGMODCADREM,Removables,PRINTING
451409,DIGMODCADREM,Removables,REMQC
451409,DIGMODCADREM,Removables,SCHEDULING
451409,PARTIALUNI,PARTIAL,BUSOFF
451409,PARTIALUNI,PARTIAL,OUTSRCBUS
451409,PARTIALUNI,PARTIAL,PARTIAL
451409,PARTIALUNI,PARTIAL,PRINTING
451409,PARTIALUNI,PARTIAL,SCHEDULING
451409,PARTIALUNI,PARTIAL,Removables
451409,PARTIALUNI,PARTIAL,REMQC
451588,CRNBRUX,C&B,Brux Porcelain
451588,CRNBRUX,C&B,Die Trim
451588,CRNBRUX,C&B,C&B
451588,CRNBRUX,C&B,FIXED MODELS
451588,CRNBRUX,C&B,CAD Mill crown/coping
451588,CRNBRUX,C&B,Invoice and Ship
451588,CRNBRUX,C&B,FIXED QC
451588,CRNBRUX,C&B,Outsource Design full contour
451588,CRNBRUX,C&B,Scan for crowns
451588,CRNBRUX,C&B,Stain & Glaze
451588,CRNBRUX,C&B,SCHEDULING
451588,CRNBRUX,C&B,Sinter
451153,PARTIALDUR,PARTIAL,
446757,,,
451826,CRNEZZ,C&B,Die Trim
451826,CRNEZZ,C&B,Brux Porcelain
451826,CRNEZZ,C&B,FIXED MODELS
451826,CRNEZZ,C&B,C&B
451826,CRNEZZ,C&B,Outsource Design full contour
451826,CRNEZZ,C&B,CAD Mill crown/coping
451826,INFCONT,MISC,C&B
451826,CRNEZZ,C&B,Fixed QC
451826,INFCONT,MISC,CAD Mill crown/coping
451826,CRNEZZ,C&B,Invoice and Ship
451826,INFCONT,MISC,FIXED MODELS
451826,CRNEZZ,C&B,Scan for crowns
451826,INFCONT,MISC,Invoice and Ship
451826,CRNEZZ,C&B,SCHEDULING
451826,INFCONT,MISC,Outsource Design full contour
451826,CRNEZZ,C&B,Sinter
451826,INFCONT,MISC,SCHEDULING
451826,CRNEZZ,C&B,Stain & Glaze
451826,INFCONT,MISC,Stain & Glaze
451826,INFCONT,MISC,Brux Porcelain
451826,INFCONT,MISC,Die Trim
451826,INFCONT,MISC,Fixed QC
451826,INFCONT,MISC,Scan for crowns
451826,INFCONT,MISC,Sinter
451830,DENDRCALLR,Removables,BUSOFF
451830,DENDRCALLR,Removables,Removables
451830,DENDRCALLR,Removables,SCHEDULING
451830,INFCONT,MISC,Removables
451830,INFCONT,MISC,BUSOFF
451830,INFCONT,MISC,SCHEDULING
446035,DIGMODCADREM,Removables,BUSOFF
446035,DIGMODCADREM,Removables,CAD DESIGN
446035,DIGMODCADREM,Removables,IMPLANTS
446035,DIGMODCADREM,Removables,Removables
446035,DIGMODCADREM,Removables,PRINTING
446035,SGADDSITE,Surgical Guides,CAD DESIGN
446035,DIGMODCADREM,Removables,SCHEDULING
446035,SGADDSITE,Surgical Guides,IMPLANTS
446035,SGADDSITE,Surgical Guides,BUSOFF
446035,SGADDSITE,Surgical Guides,SCHEDULING
446035,SGADDSITE,Surgical Guides,PRINTING
446035,SGSTNTBSKY,Surgical Guides,CAD DESIGN
446035,SGADDSITE,Surgical Guides,Removables
446035,SGSTNTBSKY,Surgical Guides,IMPLANTS
446035,SGSTNTBSKY,Surgical Guides,BUSOFF
446035,SGSTNTBSKY,Surgical Guides,SCHEDULING
446035,SGSTNTBSKY,Surgical Guides,PRINTING
446035,SGSTNTBSKY,Surgical Guides,Removables
450063,DIGBRUXCRN,C&B,
442848,CRNZAD,C&B,C&B
442848,INFCONT,MISC,C&B
451976,CRAHSC,SPLINTS,BUSOFF
451976,CRAHSC,SPLINTS,Removables
451976,CRAHSC,SPLINTS,PRINTING
451976,CRAHSC,SPLINTS,SPLINTS
451976,CRAHSC,SPLINTS,SCHEDULING
451976,DIGMODCADREM,Removables,PRINTING
451976,DIGMODCADREM,Removables,BUSOFF
451976,DIGMODCADREM,Removables,Removables
451976,DIGMODCADREM,Removables,SCHEDULING
451976,DIGMODCADREM,Removables,SPLINTS
451999,DIGBRUXCRN,C&B,CAD DESIGN
451999,DIGBRUXCRN,C&B,BUSOFF
451999,DIGBRUXCRN,C&B,FIXED QC
451999,DIGBRUXCRN,C&B,C&B
451999,DIGBRUXCRN,C&B,STAINGLZ
451999,DIGBRUXCRN,C&B,SCHEDULING
451999,DIGBRUXCRN,C&B,SINTER
452042,DIGBRUXCRN,C&B,BUSOFF
452042,DIGBRUXCRN,C&B,SINTER
452042,DIGBRUXCRN,C&B,C&B
452042,DIGBRUXCRN,C&B,STAINGLZ
452042,DIGBRUXCRN,C&B,CAD DESIGN
452042,DIGBRUXCRN,C&B,FIXED QC
452042,DIGBRUXCRN,C&B,SCHEDULING
448973,DIGBRUXCRN,C&B,
451511,BIOSR,IMPLANTS,CAD DESIGN
451511,BIOSR,IMPLANTS,BUSOFF
451511,BIOSR,IMPLANTS,FIXED QC
451511,BIOSR,IMPLANTS,C&B
451511,BIOSR,IMPLANTS,SCHEDULING
451511,BIOSR,IMPLANTS,FIXED MODELS
451511,DIGANALOG,IMPLANT PT,BUSOFF
451511,BIOSR,IMPLANTS,Impl Eval/Set TA
451511,DIGANALOG,IMPLANT PT,C&B
451511,BIOSR,IMPLANTS,Scan Abutments
451511,DIGANALOG,IMPLANT PT,Impl Eval/Set TA
451511,BIOSR,IMPLANTS,SINTER
451511,DIGANALOG,IMPLANT PT,Tissue Trim
451511,BIOSR,IMPLANTS,STAINGLZ
451511,DIGBRUXCRN,C&B,FIXED MODELS
451511,BIOSR,IMPLANTS,Tissue Trim
451511,DIGBRUXCRN,C&B,Impl Eval/Set TA
451511,DIGANALOG,IMPLANT PT,CAD DESIGN
451511,DIGBRUXCRN,C&B,SINTER
451511,DIGANALOG,IMPLANT PT,FIXED MODELS
451511,DIGBRUXCRN,C&B,Tissue Trim
451511,DIGANALOG,IMPLANT PT,FIXED QC
451511,DIGANALOG,IMPLANT PT,Scan Abutments
451511,DIGANALOG,IMPLANT PT,SCHEDULING
451511,DIGANALOG,IMPLANT PT,SINTER
451511,DIGANALOG,IMPLANT PT,STAINGLZ
451511,DIGBRUXCRN,C&B,BUSOFF
451511,DIGBRUXCRN,C&B,C&B
451511,DIGBRUXCRN,C&B,CAD DESIGN
451511,DIGBRUXCRN,C&B,FIXED QC
451511,DIGBRUXCRN,C&B,Scan Abutments
451511,DIGBRUXCRN,C&B,SCHEDULING
451511,DIGBRUXCRN,C&B,STAINGLZ
451966,DENAO4ZIRC,CHAIRSIDE SERVICES,CAD DESIGN
451966,DENAO4ZIRC,CHAIRSIDE SERVICES,BUSOFF
451966,DENAO4ZIRC,CHAIRSIDE SERVICES,CEMENT
451966,DENAO4ZIRC,CHAIRSIDE SERVICES,CHAIRSIDE SERVICES
451966,DENAO4ZIRC,CHAIRSIDE SERVICES,SINTER
451966,DENAO4ZIRC,CHAIRSIDE SERVICES,FINISHING
451966,DENAO4ZIRC,CHAIRSIDE SERVICES,STAINGLZ
451966,DENAO4ZIRC,CHAIRSIDE SERVICES,FIXED QC
451966,INFCONT,MISC,CAD DESIGN
451966,DENAO4ZIRC,CHAIRSIDE SERVICES,SCHEDULING
451966,INFCONT,MISC,CEMENT
451966,INFCONT,MISC,BUSOFF
451966,INFCONT,MISC,SINTER
451966,INFCONT,MISC,CHAIRSIDE SERVICES
451966,INFCONT,MISC,STAINGLZ
451966,INFCONT,MISC,FINISHING
451966,INFCONT,MISC,FIXED QC
451966,INFCONT,MISC,SCHEDULING
451713,CRNBRUX,C&B,Brux Porcelain
451713,CRNBRUX,C&B,FIXED MODELS
451713,CRNBRUX,C&B,C&B
451713,CRNBRUX,C&B,Invoice and Ship
451713,CRNBRUX,C&B,CAD Mill crown/coping
451713,CRNBRUX,C&B,Outsource Design full contour
451713,CRNBRUX,C&B,Die Trim
451713,CRNBRUX,C&B,SCHEDULING
451713,CRNBRUX,C&B,FIXED QC
451713,CRNBRUX,C&B,Sinter
451713,CRNBRUX,C&B,Scan for crowns
451713,CRNBRUX,C&B,Stain & Glaze
451670,DIGEMAXL,C&B,Fixed QC
451670,DIGEMAXL,C&B,CAD Mill crown/coping
451670,DIGEMAXL,C&B,Invoice and Ship
451670,DIGEMAXL,C&B,Die Trim
451670,DIGEMAXL,C&B,Scan for crowns
451670,DIGEMAXL,C&B,Emax mono porcelain
451670,DIGEMAXL,C&B,FIXED MODELS
451670,DIGEMAXL,C&B,Outsource Design full contour
451670,DIGEMAXL,C&B,SCHEDULING
451899,CRNEMAXL,C&B,FIXED QC
451899,CRNEMAXL,C&B,BUSOFF
451899,CRNEMAXL,C&B,SCHEDULING
451899,CRNEMAXL,C&B,C&B
451899,INFCONT,MISC,BUSOFF
451899,CRNEMAXL,C&B,CAD DESIGN
451899,INFCONT,MISC,C&B
451899,CRNEMAXL,C&B,CAD SCANNING
451899,INFCONT,MISC,CAD SCANNING
451899,CRNEMAXL,C&B,DIETRIM
451899,INFCONT,MISC,DIETRIM
451899,CRNEMAXL,C&B,PORCELAIN
451899,INFCONT,MISC,SCHEDULING
451899,INFCONT,MISC,CAD DESIGN
451899,INFCONT,MISC,FIXED QC
451899,INFCONT,MISC,PORCELAIN
451838,ART-EVQC-CLPD,MISC,Removables
451838,ART-EVQC-CLPD,MISC,BUSOFF
451838,DIGMODCADREM,Removables,BUSOFF
451838,ART-EVQC-CLPD,MISC,PRINTING
451838,DIGMODCADREM,Removables,PRINTING
451838,ART-EVQC-CLPD,MISC,SCHEDULING
451838,DIGMODCADREM,Removables,Removables
451838,DIGMODCADREM,Removables,SCHEDULING
448532,DIGBRUXCRN,C&B,
449693,ART-EVQC-CLSCN,MISC,BUSOFF
449693,ART-EVQC-CLSCN,MISC,
449693,ART-EVQC-CLSCN,MISC,PRINTING
449693,ART-EVQC-CLSCN,MISC,SCHEDULING
449693,ART-EVQC-CLSCN,MISC,Removables
449693,DIGCRAHARD,SPLINTS,BUSOFF
449693,DIGCRAHARD,SPLINTS,
449693,DIGCRAHARD,SPLINTS,PRINTING
449693,DIGCRAHARD,SPLINTS,SCHEDULING
449693,DIGCRAHARD,SPLINTS,Removables
449693,DIGMODCADREM,Removables,
449693,DIGMODCADREM,Removables,BUSOFF
449693,DIGMODCADREM,Removables,PRINTING
449693,DIGMODCADREM,Removables,SCHEDULING
449693,DIGMODCADREM,Removables,Removables
451726,DIGBRUXCRN,C&B,SINTER
451726,DIGBRUXCRN,C&B,BUSOFF
451726,DIGBRUXCRN,C&B,C&B
451726,DIGBRUXCRN,C&B,CAD DESIGN
451726,DIGBRUXCRN,C&B,FIXED QC
451726,DIGBRUXCRN,C&B,SCHEDULING
451726,DIGBRUXCRN,C&B,STAINGLZ
451988,DIGEZZCRN,C&B,Brux Porcelain
451988,DIGEZZCRN,C&B,CAD Mill crown/coping
451988,DIGEZZCRN,C&B,Fixed QC
451988,DIGEZZCRN,C&B,FIXED MODELS
451988,DIGEZZCRN,C&B,Sinter
451988,DIGEZZCRN,C&B,Invoice and Ship
451988,DIGEZZCRN,C&B,Outsource Design full contour
451988,DIGEZZCRN,C&B,SCHEDULING
451988,DIGEZZCRN,C&B,Stain & Glaze
451731,CRATHERM,SPLINTS,BUSOFF
451731,CRATHERM,SPLINTS,CAD SCANNING
451731,CRATHERM,SPLINTS,PRINTING
451731,CRATHERM,SPLINTS,SCHEDULING
451731,CRATHERM,SPLINTS,SPLINTS
451731,INFCONT,MISC,BUSOFF
451731,INFCONT,MISC,CAD SCANNING
451731,INFCONT,MISC,PRINTING
451731,INFCONT,MISC,SCHEDULING
451731,INFCONT,MISC,SPLINTS
450491,CRNTEMP,C&B,CAD DESIGN
450491,CRNTEMP,C&B,BUSOFF
450491,CRNTEMP,C&B,CAD SCANNING
450491,CRNTEMP,C&B,C&B
450491,CRNTEMP,C&B,FIXED QC
450491,CRNTEMP,C&B,IMPLANTS
450491,CRNTEMP,C&B,Impl Eval/Set TA
450491,CRNTEMP,C&B,Scan Abutments
450491,CRNTEMP,C&B,SCHEDULING
450491,CRNTEMP,C&B,Tissue Trim
450491,CRNTEMP,C&B,WAX
450491,DIGANALOG,IMPLANT PT,BUSOFF
450491,DIGANALOG,IMPLANT PT,CAD DESIGN
450491,DIGANALOG,IMPLANT PT,C&B
450491,DIGANALOG,IMPLANT PT,FIXED QC
450491,DIGANALOG,IMPLANT PT,CAD SCANNING
450491,DIGANALOG,IMPLANT PT,Scan Abutments
450491,DIGANALOG,IMPLANT PT,Impl Eval/Set TA
450491,DIGANALOG,IMPLANT PT,SCHEDULING
450491,DIGANALOG,IMPLANT PT,IMPLANTS
450491,DIGANALOG,IMPLANT PT,WAX
450491,DIGANALOG,IMPLANT PT,Tissue Trim
450491,SCREWRETCRN,IMPLANTS,CAD DESIGN
450491,SCREWRETCRN,IMPLANTS,BUSOFF
450491,SCREWRETCRN,IMPLANTS,IMPLANTS
450491,SCREWRETCRN,IMPLANTS,C&B
450491,SCREWRETCRN,IMPLANTS,Scan Abutments
450491,SCREWRETCRN,IMPLANTS,CAD SCANNING
450491,SCREWRETCRN,IMPLANTS,SCHEDULING
450491,SCREWRETCRN,IMPLANTS,FIXED QC
450491,SCREWRETCRN,IMPLANTS,Impl Eval/Set TA
450491,SCREWRETCRN,IMPLANTS,Tissue Trim
450491,SCREWRETCRN,IMPLANTS,WAX
452012,CRNEZZ,C&B,C&B
452012,CRNEZZ,C&B,Brux Porcelain
452012,CRNEZZ,C&B,FIXED MODELS
452012,CRNEZZ,C&B,CAD Mill crown/coping
452012,CRNEZZ,C&B,Invoice and Ship
452012,CRNEZZ,C&B,Die Trim
452012,CRNEZZ,C&B,Outsource Design full contour
452012,CRNEZZ,C&B,Fixed QC
452012,CRNEZZ,C&B,Scan for crowns
452012,CRNEZZ,C&B,SCHEDULING
452012,CRNEZZ,C&B,Sinter
452012,INFCONT,MISC,C&B
452012,CRNEZZ,C&B,Stain & Glaze
452012,INFCONT,MISC,CAD Mill crown/coping
452012,INFCONT,MISC,Brux Porcelain
452012,INFCONT,MISC,Fixed QC
452012,INFCONT,MISC,Die Trim
452012,INFCONT,MISC,Invoice and Ship
452012,INFCONT,MISC,FIXED MODELS
452012,INFCONT,MISC,Scan for crowns
452012,INFCONT,MISC,Outsource Design full contour
452012,INFCONT,MISC,SCHEDULING
452012,INFCONT,MISC,Sinter
452012,INFCONT,MISC,Stain & Glaze
451848,DENBBSCREW,Removables,PRINTING
451848,DENBBSCREW,Removables,BUSOFF
451848,DENBBSCREW,Removables,REMQC
451848,DENBBSCREW,Removables,IMPLANTS
451848,DENBBSCREW,Removables,SCHEDULING
451848,DENBBSCREW,Removables,Removables
451848,DIGMODCADREM,Removables,BUSOFF
451848,DIGMODCADREM,Removables,IMPLANTS
451848,DIGMODCADREM,Removables,PRINTING
451848,DIGMODCADREM,Removables,Removables
451848,DIGMODCADREM,Removables,REMQC
451848,DIGMODCADREM,Removables,SCHEDULING
440279,ART-EVQC-CLPD,MISC,
451922,CRNBRUX,C&B,Brux Porcelain
451922,CRNBRUX,C&B,FIXED MODELS
451922,CRNBRUX,C&B,C&B
451922,CRNBRUX,C&B,Invoice and Ship
451922,CRNBRUX,C&B,CAD Mill crown/coping
451922,CRNBRUX,C&B,Outsource Design full contour
451922,CRNBRUX,C&B,Die Trim
451922,CRNBRUX,C&B,Stain & Glaze
451922,CRNBRUX,C&B,FIXED QC
451922,INFCONT,MISC,C&B
451922,CRNBRUX,C&B,Scan for crowns
451922,INFCONT,MISC,FIXED MODELS
451922,CRNBRUX,C&B,SCHEDULING
451922,INFCONT,MISC,FIXED QC
451922,CRNBRUX,C&B,Sinter
451922,INFCONT,MISC,Outsource Design full contour
451922,INFCONT,MISC,Brux Porcelain
451922,INFCONT,MISC,Sinter
451922,INFCONT,MISC,CAD Mill crown/coping
451922,INFCONT,MISC,Die Trim
451922,INFCONT,MISC,Invoice and Ship
451922,INFCONT,MISC,Scan for crowns
451922,INFCONT,MISC,SCHEDULING
451922,INFCONT,MISC,Stain & Glaze
451759,DENCLSCAST,Removables,OUTSRCBUS
451759,DENCLSCAST,Removables,BUSOFF
451759,DENCLSCAST,Removables,REMQC
451759,DENCLSCAST,Removables,PRINTING
451759,DIGFLIP1-5,PARTIAL,OUTSRCBUS
451759,DENCLSCAST,Removables,Removables
451759,DIGFLIP1-5,PARTIAL,REMQC
451759,DIGFLIP1-5,PARTIAL,BUSOFF
451759,DIGMODCADREM,Removables,BUSOFF
451759,DIGFLIP1-5,PARTIAL,PRINTING
451759,DIGMODCADREM,Removables,PRINTING
451759,DIGFLIP1-5,PARTIAL,Removables
451759,DTARTICP1,Removables,BUSOFF
451759,DIGMODCADREM,Removables,OUTSRCBUS
451759,DTARTICP1,Removables,OUTSRCBUS
451759,DIGMODCADREM,Removables,Removables
451759,DTARTICP1,Removables,PRINTING
451759,DIGMODCADREM,Removables,REMQC
451759,DTARTICP1,Removables,Removables
451759,DTARTICP1,Removables,REMQC
451929,DIGBRUXCRN,C&B,CAD DESIGN
451929,DIGBRUXCRN,C&B,BUSOFF
451929,DIGBRUXCRN,C&B,C&B
451929,DIGBRUXCRN,C&B,FIXED QC
451929,DIGBRUXCRN,C&B,SCHEDULING
451929,DIGBRUXCRN,C&B,SINTER
451929,DIGBRUXCRN,C&B,STAINGLZ
445863,ART-EVQC-CLSCN,MISC,CAD DESIGN
445863,ART-EVQC-CLSCN,MISC,BUSOFF
445863,ART-EVQC-CLSCN,MISC,SCHEDULING
445863,ART-EVQC-CLSCN,MISC,C&B
445863,ART-EVQC-CLSHD,MISC,Fixed QC
445863,ART-EVQC-CLSCN,MISC,FIXED MODELS
445863,ART-EVQC-CLSHD,MISC,Scan Abutments
445863,ART-EVQC-CLSCN,MISC,Fixed QC
445863,ART-EVQC-CLSHD,MISC,SINTER
445863,ART-EVQC-CLSCN,MISC,Impl Eval/Set TA
445863,ART-EVQC-CLSHD,MISC,STAINGLZ
445863,ART-EVQC-CLSCN,MISC,IMPLANTS
445863,ART-EVQC-CLSHD,MISC,Tissue Trim
445863,ART-EVQC-CLSCN,MISC,Scan Abutments
445863,DIGANALOG,IMPLANT PT,BUSOFF
445863,ART-EVQC-CLSCN,MISC,SINTER
445863,DIGANALOG,IMPLANT PT,C&B
445863,ART-EVQC-CLSCN,MISC,STAINGLZ
445863,DIGANALOG,IMPLANT PT,FIXED MODELS
445863,ART-EVQC-CLSCN,MISC,Tissue Trim
445863,DIGANALOG,IMPLANT PT,Fixed QC
445863,ART-EVQC-CLSHD,MISC,BUSOFF
445863,DIGANALOG,IMPLANT PT,Impl Eval/Set TA
445863,ART-EVQC-CLSHD,MISC,C&B
445863,DIGANALOG,IMPLANT PT,IMPLANTS
445863,ART-EVQC-CLSHD,MISC,CAD DESIGN
445863,DIGANALOG,IMPLANT PT,SCHEDULING
445863,ART-EVQC-CLSHD,MISC,FIXED MODELS
445863,DIGBRUXCRN,C&B,BUSOFF
445863,ART-EVQC-CLSHD,MISC,Impl Eval/Set TA
445863,DIGBRUXCRN,C&B,C&B
445863,ART-EVQC-CLSHD,MISC,IMPLANTS
445863,DIGBRUXCRN,C&B,FIXED MODELS
445863,ART-EVQC-CLSHD,MISC,SCHEDULING
445863,DIGBRUXCRN,C&B,IMPLANTS
445863,DIGANALOG,IMPLANT PT,CAD DESIGN
445863,DIGBRUXCRN,C&B,Scan Abutments
445863,DIGANALOG,IMPLANT PT,Scan Abutments
445863,DIGBRUXCRN,C&B,SCHEDULING
445863,DIGANALOG,IMPLANT PT,SINTER
445863,DIGBRUXCRN,C&B,Tissue Trim
445863,DIGANALOG,IMPLANT PT,STAINGLZ
445863,SCREWRETCRN,IMPLANTS,CAD DESIGN
445863,DIGANALOG,IMPLANT PT,Tissue Trim
445863,SCREWRETCRN,IMPLANTS,Fixed QC
445863,DIGBRUXCRN,C&B,CAD DESIGN
445863,SCREWRETCRN,IMPLANTS,Impl Eval/Set TA
445863,DIGBRUXCRN,C&B,Fixed QC
445863,SCREWRETCRN,IMPLANTS,SCHEDULING
445863,DIGBRUXCRN,C&B,Impl Eval/Set TA
445863,DIGBRUXCRN,C&B,SINTER
445863,DIGBRUXCRN,C&B,STAINGLZ
445863,SCREWRETCRN,IMPLANTS,BUSOFF
445863,SCREWRETCRN,IMPLANTS,C&B
445863,SCREWRETCRN,IMPLANTS,FIXED MODELS
445863,SCREWRETCRN,IMPLANTS,IMPLANTS
445863,SCREWRETCRN,IMPLANTS,Scan Abutments
445863,SCREWRETCRN,IMPLANTS,SINTER
445863,SCREWRETCRN,IMPLANTS,STAINGLZ
445863,SCREWRETCRN,IMPLANTS,Tissue Trim
452038,CRNEZZ,C&B,Brux Porcelain
452038,CRNEZZ,C&B,CAD Mill crown/coping
452038,CRNEZZ,C&B,C&B
452038,CRNEZZ,C&B,Die Trim
452038,CRNEZZ,C&B,FIXED MODELS
452038,CRNEZZ,C&B,Fixed QC
452038,CRNEZZ,C&B,Invoice and Ship
452038,CRNEZZ,C&B,Outsource Design full contour
452038,CRNEZZ,C&B,Scan for crowns
452038,CRNEZZ,C&B,SCHEDULING
452038,CRNEZZ,C&B,Sinter
452038,CRNEZZ,C&B,Stain & Glaze
451065,DIGBRUXCRN,C&B,
451883,CRNPFMB,C&B,CAD DESIGN
451883,CRNPFMB,C&B,BUSOFF
451883,CRNPFMB,C&B,DIETRIM
451883,CRNPFMB,C&B,C&B
451883,CRNPFMB,C&B,PORCELAIN
451883,CRNPFMB,C&B,CAD SCANNING
451883,CRNPFMB,C&B,SCHEDULING
451883,CRNPFMB,C&B,FINISHING
451883,CRNPFMB,C&B,FIXED QC
451883,CRNPFMB,C&B,OPAQUE
450404,CRNZIRBRLG,C&B,CAD DESIGN
450404,CRNZIRBRLG,C&B,BUSOFF
450404,CRNZIRBRLG,C&B,FINISHING
450404,CRNZIRBRLG,C&B,C&B
450404,CRNZIRBRLG,C&B,FIXED QC
450404,CRNZIRBRLG,C&B,SCHEDULING
450404,CRNZIRBRLG,C&B,SINTER
450404,DIGBRUXCRN,C&B,CAD DESIGN
450404,CRNZIRBRLG,C&B,STAINGLZ
450404,DIGBRUXCRN,C&B,SINTER
450404,DIGBRUXCRN,C&B,BUSOFF
450404,DIGBRUXCRN,C&B,C&B
450404,DIGBRUXCRN,C&B,FINISHING
450404,DIGBRUXCRN,C&B,FIXED QC
450404,DIGBRUXCRN,C&B,SCHEDULING
450404,DIGBRUXCRN,C&B,STAINGLZ
447271,DELIVERY,DELIVERY,
450878,DIGANALOG,IMPLANT PT,CAD DESIGN
450878,DIGANALOG,IMPLANT PT,BUSOFF
450878,DIGANALOG,IMPLANT PT,SINTER
450878,DIGANALOG,IMPLANT PT,C&B
450878,DIGANALOG,IMPLANT PT,STAINGLZ
450878,DIGANALOG,IMPLANT PT,FIXED QC
450878,DIGBRUXCRN,C&B,CAD DESIGN
450878,DIGANALOG,IMPLANT PT,SCHEDULING
450878,DIGBRUXCRN,C&B,FIXED QC
450878,DIGBRUXCRN,C&B,BUSOFF
450878,DIGBRUXCRN,C&B,SINTER
450878,DIGBRUXCRN,C&B,C&B
450878,DIGBRUXCRN,C&B,STAINGLZ
450878,DIGBRUXCRN,C&B,SCHEDULING
450878,ENCMOSSMT,IMPLANT PT,BUSOFF
450878,ENCMOSSMT,IMPLANT PT,CAD DESIGN
450878,ENCMOSSMT,IMPLANT PT,C&B
450878,ENCMOSSMT,IMPLANT PT,SINTER
450878,ENCMOSSMT,IMPLANT PT,FIXED QC
450878,ENCMOSSMT,IMPLANT PT,SCHEDULING
450878,ENCMOSSMT,IMPLANT PT,STAINGLZ
451250,CRNBRUX,C&B,Brux Porcelain
451250,CRNBRUX,C&B,Die Trim
451250,CRNBRUX,C&B,C&B
451250,CRNBRUX,C&B,FIXED MODELS
451250,CRNBRUX,C&B,CAD Mill crown/coping
451250,CRNBRUX,C&B,Impl Eval/Set TA
451250,CRNBRUX,C&B,Fixed QC
451250,CRNBRUX,C&B,IMPLANTS
451250,CRNBRUX,C&B,Scan Abutments
451250,CRNBRUX,C&B,Invoice and Ship
451250,CRNBRUX,C&B,Scan for crowns
451250,CRNBRUX,C&B,Outsource Design full contour
451250,CRNBRUX,C&B,SCHEDULING
451250,CRNBRUX,C&B,Stain & Glaze
451250,CRNBRUX,C&B,Sinter
451250,CRNBRUX,C&B,Tissue Trim
451250,INFCONT,MISC,Brux Porcelain
451250,INFCONT,MISC,C&B
451250,INFCONT,MISC,Die Trim
451250,INFCONT,MISC,CAD Mill crown/coping
451250,INFCONT,MISC,Invoice and Ship
451250,INFCONT,MISC,FIXED MODELS
451250,INFCONT,MISC,Scan Abutments
451250,INFCONT,MISC,Fixed QC
451250,INFCONT,MISC,Sinter
451250,INFCONT,MISC,Impl Eval/Set TA
451250,INFCONT,MISC,Stain & Glaze
451250,INFCONT,MISC,IMPLANTS
451250,INFCONT,MISC,Tissue Trim
451250,INFCONT,MISC,Outsource Design full contour
451250,SCREWRETCRN,IMPLANTS,Brux Porcelain
451250,INFCONT,MISC,Scan for crowns
451250,SCREWRETCRN,IMPLANTS,Fixed QC
451250,INFCONT,MISC,SCHEDULING
451250,SCREWRETCRN,IMPLANTS,Scan Abutments
451250,SCREWRETCRN,IMPLANTS,C&B
451250,SCREWRETCRN,IMPLANTS,Scan for crowns
451250,SCREWRETCRN,IMPLANTS,CAD Mill crown/coping
451250,SCREWRETCRN,IMPLANTS,Sinter
451250,SCREWRETCRN,IMPLANTS,Die Trim
451250,SCREWRETCRN,IMPLANTS,Tissue Trim
451250,SCREWRETCRN,IMPLANTS,FIXED MODELS
451250,SCREWRETCRN,IMPLANTS,Impl Eval/Set TA
451250,SCREWRETCRN,IMPLANTS,IMPLANTS
451250,SCREWRETCRN,IMPLANTS,Invoice and Ship
451250,SCREWRETCRN,IMPLANTS,Outsource Design full contour
451250,SCREWRETCRN,IMPLANTS,SCHEDULING
451250,SCREWRETCRN,IMPLANTS,Stain & Glaze
449102,PARTIALDUR,PARTIAL,
450521,CRNCASECON,C&B,
452040,CRNBRUX,C&B,Brux Porcelain
452040,CRNBRUX,C&B,C&B
452040,CRNBRUX,C&B,FIXED QC
452040,CRNBRUX,C&B,CAD Mill crown/coping
452040,CRNBRUX,C&B,Scan for crowns
452040,CRNBRUX,C&B,Die Trim
452040,CRNBRUX,C&B,Sinter
452040,CRNBRUX,C&B,FIXED MODELS
452040,CRNBRUX,C&B,Invoice and Ship
452040,CRNBRUX,C&B,Outsource Design full contour
452040,CRNBRUX,C&B,SCHEDULING
452040,CRNBRUX,C&B,Stain & Glaze
451033,DEN2RESET,Removables,PARTIAL
451033,DEN2RESET,Removables,BUSOFF
451033,DEN2RESET,Removables,Removables
451033,DEN2RESET,Removables,REMQC
451033,INFCONT,MISC,REMQC
451033,DEN2RESET,Removables,SCHEDULING
451033,INFCONT,MISC,SCHEDULING
451033,INFCONT,MISC,BUSOFF
451033,PARTIALDUR,PARTIAL,Removables
451033,INFCONT,MISC,PARTIAL
451033,PARTIALDUR,PARTIAL,REMQC
451033,INFCONT,MISC,Removables
451033,PARTIALDUR,PARTIAL,BUSOFF
451033,PARTIALDUR,PARTIAL,PARTIAL
451033,PARTIALDUR,PARTIAL,SCHEDULING
451776,CRNBRUX,C&B,Brux Porcelain
451776,CRNBRUX,C&B,C&B
451776,CRNBRUX,C&B,Die Trim
451776,CRNBRUX,C&B,CAD Mill crown/coping
451776,CRNBRUX,C&B,FIXED QC
451776,CRNBRUX,C&B,FIXED MODELS
451776,CRNBRUX,C&B,Scan for crowns
451776,CRNBRUX,C&B,Invoice and Ship
451776,CRNBRUX,C&B,Sinter
451776,CRNBRUX,C&B,Outsource Design full contour
451776,INFCONT,MISC,FIXED MODELS
451776,CRNBRUX,C&B,SCHEDULING
451776,INFCONT,MISC,Invoice and Ship
451776,CRNBRUX,C&B,Stain & Glaze
451776,INFCONT,MISC,Outsource Design full contour
451776,INFCONT,MISC,Brux Porcelain
451776,INFCONT,MISC,Stain & Glaze
451776,INFCONT,MISC,C&B
451776,INFCONT,MISC,CAD Mill crown/coping
451776,INFCONT,MISC,Die Trim
451776,INFCONT,MISC,FIXED QC
451776,INFCONT,MISC,Scan for crowns
451776,INFCONT,MISC,SCHEDULING
451776,INFCONT,MISC,Sinter
451043,DIGANALOG,IMPLANT PT,BUSOFF
451043,DIGANALOG,IMPLANT PT,CAD DESIGN
451043,DIGANALOG,IMPLANT PT,C&B
451043,DIGANALOG,IMPLANT PT,FIXED MODELS
451043,DIGANALOG,IMPLANT PT,FIXED QC
451043,DIGANALOG,IMPLANT PT,Impl Eval/Set TA
451043,DIGANALOG,IMPLANT PT,Scan Abutments
451043,DIGANALOG,IMPLANT PT,IMPLANTS
451043,DIGANALOG,IMPLANT PT,SCHEDULING
451043,DIGANALOG,IMPLANT PT,SINTER
451043,DIGANALOG,IMPLANT PT,STAINGLZ
451043,DIGANALOG,IMPLANT PT,Tissue Trim
451043,DIGBRUXCRN,C&B,BUSOFF
451043,DIGBRUXCRN,C&B,CAD DESIGN
451043,DIGBRUXCRN,C&B,C&B
451043,DIGBRUXCRN,C&B,Scan Abutments
451043,DIGBRUXCRN,C&B,FIXED MODELS
451043,DIGBRUXCRN,C&B,SINTER
451043,DIGBRUXCRN,C&B,FIXED QC
451043,DIGBRUXCRN,C&B,STAINGLZ
451043,DIGBRUXCRN,C&B,Impl Eval/Set TA
451043,DIGBRUXCRN,C&B,Tissue Trim
451043,DIGBRUXCRN,C&B,IMPLANTS
451043,ORDERPARTS,IMPLANT PT,Impl Eval/Set TA
451043,DIGBRUXCRN,C&B,SCHEDULING
451043,ORDERPARTS,IMPLANT PT,Scan Abutments
451043,ORDERPARTS,IMPLANT PT,BUSOFF
451043,ORDERPARTS,IMPLANT PT,SINTER
451043,ORDERPARTS,IMPLANT PT,C&B
451043,ORDERPARTS,IMPLANT PT,STAINGLZ
451043,ORDERPARTS,IMPLANT PT,CAD DESIGN
451043,ORDERPARTS,IMPLANT PT,Tissue Trim
451043,ORDERPARTS,IMPLANT PT,FIXED MODELS
451043,SCREWRETCRN,IMPLANTS,BUSOFF
451043,ORDERPARTS,IMPLANT PT,FIXED QC
451043,SCREWRETCRN,IMPLANTS,C&B
451043,ORDERPARTS,IMPLANT PT,IMPLANTS
451043,SCREWRETCRN,IMPLANTS,FIXED QC
451043,ORDERPARTS,IMPLANT PT,SCHEDULING
451043,SCREWRETCRN,IMPLANTS,Impl Eval/Set TA
451043,SCREWRETCRN,IMPLANTS,CAD DESIGN
451043,SCREWRETCRN,IMPLANTS,IMPLANTS
451043,SCREWRETCRN,IMPLANTS,FIXED MODELS
451043,SCREWRETCRN,IMPLANTS,Scan Abutments
451043,SCREWRETCRN,IMPLANTS,SCHEDULING
451043,SCREWRETCRN,IMPLANTS,SINTER
451043,SCREWRETCRN,IMPLANTS,STAINGLZ
451043,SCREWRETCRN,IMPLANTS,Tissue Trim
451732,ART-EVQC-CLSCN,MISC,CUSTSHADE
451732,ART-EVQC-CLSCN,MISC,Brux Porcelain
451732,ART-EVQC-CLSCN,MISC,FIXED MODELS
451732,ART-EVQC-CLSCN,MISC,CAD Mill crown/coping
451732,ART-EVQC-CLSCN,MISC,Impl. Abut. QC
451732,ART-EVQC-CLSCN,MISC,Design abutment
451732,ART-EVQC-CLSCN,MISC,IMPLANTS
451732,ART-EVQC-CLSCN,MISC,Fixed QC
451732,ART-EVQC-CLSCN,MISC,Invoice and Ship
451732,ART-EVQC-CLSCN,MISC,Impl Eval/Set TA
451732,ART-EVQC-CLSCN,MISC,Outsource Design full contour
451732,ART-EVQC-CLSCN,MISC,Outsource Impl/Abutment
451732,ART-EVQC-CLSCN,MISC,PORCELAIN
451732,ART-EVQC-CLSCN,MISC,Sinter
451732,ART-EVQC-CLSCN,MISC,Scan Abutments
451732,ART-EVQC-CLSCN,MISC,Tissue Trim
451732,ART-EVQC-CLSCN,MISC,SCHEDULING
451732,BIOHSMT,IMPLANTS,CUSTSHADE
451732,ART-EVQC-CLSCN,MISC,Stain & Glaze
451732,BIOHSMT,IMPLANTS,FIXED MODELS
451732,BIOHSMT,IMPLANTS,Brux Porcelain
451732,BIOHSMT,IMPLANTS,Impl Eval/Set TA
451732,BIOHSMT,IMPLANTS,CAD Mill crown/coping
451732,BIOHSMT,IMPLANTS,Impl. Abut. QC
451732,BIOHSMT,IMPLANTS,Design abutment
451732,BIOHSMT,IMPLANTS,IMPLANTS
451732,BIOHSMT,IMPLANTS,Fixed QC
451732,BIOHSMT,IMPLANTS,Outsource Design full contour
451732,BIOHSMT,IMPLANTS,Invoice and Ship
451732,BIOHSMT,IMPLANTS,PORCELAIN
451732,BIOHSMT,IMPLANTS,Outsource Impl/Abutment
451732,BIOHSMT,IMPLANTS,Tissue Trim
451732,BIOHSMT,IMPLANTS,Scan Abutments
451732,CRNCS,C&B,CAD Mill crown/coping
451732,BIOHSMT,IMPLANTS,SCHEDULING
451732,CRNCS,C&B,Design abutment
451732,BIOHSMT,IMPLANTS,Sinter
451732,CRNCS,C&B,FIXED MODELS
451732,BIOHSMT,IMPLANTS,Stain & Glaze
451732,CRNCS,C&B,Fixed QC
451732,CRNCS,C&B,Brux Porcelain
451732,CRNCS,C&B,Impl Eval/Set TA
451732,CRNCS,C&B,CUSTSHADE
451732,CRNCS,C&B,Impl. Abut. QC
451732,CRNCS,C&B,Invoice and Ship
451732,CRNCS,C&B,IMPLANTS
451732,CRNCS,C&B,Outsource Impl/Abutment
451732,CRNCS,C&B,Outsource Design full contour
451732,CRNCS,C&B,PORCELAIN
451732,CRNCS,C&B,SCHEDULING
451732,CRNCS,C&B,Scan Abutments
451732,DIGANALOG,IMPLANT PT,CUSTSHADE
451732,CRNCS,C&B,Sinter
451732,DIGANALOG,IMPLANT PT,FIXED MODELS
451732,CRNCS,C&B,Stain & Glaze
451732,DIGANALOG,IMPLANT PT,Impl Eval/Set TA
451732,CRNCS,C&B,Tissue Trim
451732,DIGANALOG,IMPLANT PT,Impl. Abut. QC
451732,DIGANALOG,IMPLANT PT,Brux Porcelain
451732,DIGANALOG,IMPLANT PT,IMPLANTS
451732,DIGANALOG,IMPLANT PT,CAD Mill crown/coping
451732,DIGANALOG,IMPLANT PT,Outsource Design full contour
451732,DIGANALOG,IMPLANT PT,Design abutment
451732,DIGANALOG,IMPLANT PT,PORCELAIN
451732,DIGANALOG,IMPLANT PT,Fixed QC
451732,DIGANALOG,IMPLANT PT,Tissue Trim
451732,DIGANALOG,IMPLANT PT,Invoice and Ship
451732,DIGEZZCRN,C&B,Brux Porcelain
451732,DIGANALOG,IMPLANT PT,Outsource Impl/Abutment
451732,DIGEZZCRN,C&B,Fixed QC
451732,DIGANALOG,IMPLANT PT,Scan Abutments
451732,DIGEZZCRN,C&B,Impl Eval/Set TA
451732,DIGANALOG,IMPLANT PT,SCHEDULING
451732,DIGEZZCRN,C&B,Outsource Impl/Abutment
451732,DIGANALOG,IMPLANT PT,Sinter
451732,DIGEZZCRN,C&B,PORCELAIN
451732,DIGANALOG,IMPLANT PT,Stain & Glaze
451732,DIGEZZCRN,C&B,Scan Abutments
451732,DIGEZZCRN,C&B,CAD Mill crown/coping
451732,DIGEZZCRN,C&B,SCHEDULING
451732,DIGEZZCRN,C&B,CUSTSHADE
451732,DIGEZZCRN,C&B,Sinter
451732,DIGEZZCRN,C&B,Design abutment
451732,DIGEZZCRN,C&B,FIXED MODELS
451732,DIGEZZCRN,C&B,Impl. Abut. QC
451732,DIGEZZCRN,C&B,IMPLANTS
451732,DIGEZZCRN,C&B,Invoice and Ship
451732,DIGEZZCRN,C&B,Outsource Design full contour
451732,DIGEZZCRN,C&B,Stain & Glaze
451732,DIGEZZCRN,C&B,Tissue Trim
448148,INFCONT,MISC,CAD DESIGN
448148,INFCONT,MISC,BUSOFF
448148,INFCONT,MISC,PRINTING
448148,INFCONT,MISC,IMPLANTS
448148,INFCONT,MISC,Removables
448148,INFCONT,MISC,SCHEDULING
448148,MODSTOREM,Removables,BUSOFF
448148,MODSTOREM,Removables,CAD DESIGN
448148,MODSTOREM,Removables,IMPLANTS
448148,SGADDSITE,Surgical Guides,BUSOFF
448148,MODSTOREM,Removables,PRINTING
448148,SGADDSITE,Surgical Guides,SCHEDULING
448148,MODSTOREM,Removables,Removables
448148,SGSTNTBSKY,Surgical Guides,SCHEDULING
448148,MODSTOREM,Removables,SCHEDULING
448148,SGADDSITE,Surgical Guides,CAD DESIGN
448148,SGADDSITE,Surgical Guides,IMPLANTS
448148,SGADDSITE,Surgical Guides,PRINTING
448148,SGADDSITE,Surgical Guides,Removables
448148,SGSTNTBSKY,Surgical Guides,BUSOFF
448148,SGSTNTBSKY,Surgical Guides,CAD DESIGN
448148,SGSTNTBSKY,Surgical Guides,IMPLANTS
448148,SGSTNTBSKY,Surgical Guides,PRINTING
448148,SGSTNTBSKY,Surgical Guides,Removables
442903,,,
450333,,,
451424,CRNBRUX,C&B,C&B
451424,CRNBRUX,C&B,Brux Porcelain
451424,CRNBRUX,C&B,CAD Mill crown/coping
451424,CRNBRUX,C&B,Die Trim
451424,CRNBRUX,C&B,FIXED MODELS
451424,CRNBRUX,C&B,FIXED QC
451424,CRNBRUX,C&B,Invoice and Ship
451424,CRNBRUX,C&B,Scan for crowns
451424,CRNBRUX,C&B,Outsource Design full contour
451424,CRNBRUX,C&B,SCHEDULING
451424,CRNBRUX,C&B,Stain & Glaze
451424,CRNBRUX,C&B,Sinter
451424,INFCONT,MISC,C&B
451424,INFCONT,MISC,Brux Porcelain
451424,INFCONT,MISC,Die Trim
451424,INFCONT,MISC,CAD Mill crown/coping
451424,INFCONT,MISC,FIXED QC
451424,INFCONT,MISC,FIXED MODELS
451424,INFCONT,MISC,Sinter
451424,INFCONT,MISC,Invoice and Ship
451424,INFCONT,MISC,Outsource Design full contour
451424,INFCONT,MISC,Scan for crowns
451424,INFCONT,MISC,SCHEDULING
451424,INFCONT,MISC,Stain & Glaze
451991,CRA,SPLINTS,BUSOFF
451991,CRA,SPLINTS,Finish CRA
451991,CRA,SPLINTS,Dup Model
451991,CRA,SPLINTS,Rem Model
451991,CRA,SPLINTS,PRINTING
451991,CRA,SPLINTS,SCHEDULING
451991,CRA,SPLINTS,Process CRA
451991,CRA,SPLINTS,Splint QC
451991,CRA,SPLINTS,Removables
451991,CRA,SPLINTS,Wax CRA
451991,DIGMODCADREM,Removables,BUSOFF
451991,DIGMODCADREM,Removables,Dup Model
451991,DIGMODCADREM,Removables,PRINTING
451991,DIGMODCADREM,Removables,Finish CRA
451991,DIGMODCADREM,Removables,Process CRA
451991,DIGMODCADREM,Removables,Rem Model
451991,DIGMODCADREM,Removables,Removables
451991,DIGMODCADREM,Removables,SCHEDULING
451991,DIGMODCADREM,Removables,Splint QC
451991,DIGMODCADREM,Removables,Wax CRA
452017,DENFLIP1-4,PARTIAL,BUSOFF
452017,DENFLIP1-4,PARTIAL,Removables
452017,DTARTICA1,Removables,BUSOFF
452017,DENFLIP1-4,PARTIAL,REMQC
452017,INFCONT,MISC,BUSOFF
452017,DTARTICA1,Removables,Removables
452017,INFCONT,MISC,Removables
452017,DTARTICA1,Removables,REMQC
452017,INFCONT,MISC,REMQC
448787,,,
451986,REMADJ,Removables,Invoice and Ship
451986,REMADJ,Removables,Complex Repair
451986,REMADJ,Removables,Rem Model
451986,REMADJ,Removables,Removable QC
451986,REMADJ,Removables,SCHEDULING
450271,DIGANALOG,IMPLANT PT,BUSOFF
450271,DIGANALOG,IMPLANT PT,IMPLANT PT
450271,DIGANALOG,IMPLANT PT,C&B
450271,DIGANALOG,IMPLANT PT,SINTER
450271,DIGANALOG,IMPLANT PT,CAD DESIGN
450271,DIGANALOG,IMPLANT PT,STAINGLZ
450271,DIGANALOG,IMPLANT PT,FIXED QC
450271,DIGBRUXCRN,C&B,CAD DESIGN
450271,DIGANALOG,IMPLANT PT,SCHEDULING
450271,DIGBRUXCRN,C&B,FIXED QC
450271,DIGBRUXCRN,C&B,BUSOFF
450271,DIGBRUXCRN,C&B,IMPLANT PT
450271,DIGBRUXCRN,C&B,C&B
450271,DIGBRUXCRN,C&B,SINTER
450271,DIGBRUXCRN,C&B,SCHEDULING
450271,DIGBRUXCRN,C&B,STAINGLZ
450271,ENCMOSSMT,IMPLANT PT,CAD DESIGN
450271,ENCMOSSMT,IMPLANT PT,BUSOFF
450271,ENCMOSSMT,IMPLANT PT,IMPLANT PT
450271,ENCMOSSMT,IMPLANT PT,C&B
450271,ENCMOSSMT,IMPLANT PT,SINTER
450271,ENCMOSSMT,IMPLANT PT,FIXED QC
450271,ENCMOSSMT,IMPLANT PT,SCHEDULING
450271,ENCMOSSMT,IMPLANT PT,STAINGLZ
452057,ART-EVQC-CLDD,MISC,CTS
452057,ART-EVQC-CLDD,MISC,BUSOFF
452057,ART-EVQC-CLDD,MISC,PRINTING
452057,ART-EVQC-CLDD,MISC,C&B
452057,ART-EVQC-CLDD,MISC,Removables
452057,ART-EVQC-CLDD,MISC,SCHEDULING
452057,DENCLASP,Removables,BUSOFF
452057,DENCLASP,Removables,CTS
452057,DENCLASP,Removables,C&B
452057,DENCLASP,Removables,PRINTING
452057,DENCLASP,Removables,SCHEDULING
452057,DENCLASP,Removables,Removables
452057,DIGFLIP1-5,PARTIAL,BUSOFF
452057,DIGFLIP1-5,PARTIAL,CTS
452057,DIGFLIP1-5,PARTIAL,C&B
452057,DIGFLIP1-5,PARTIAL,PRINTING
452057,DIGMODCADREM,Removables,CTS
452057,DIGFLIP1-5,PARTIAL,Removables
452057,DIGMODCADREM,Removables,PRINTING
452057,DIGFLIP1-5,PARTIAL,SCHEDULING
452057,DIGMODCADREM,Removables,SCHEDULING
452057,DIGMODCADREM,Removables,BUSOFF
452057,DTARTICA1,Removables,CTS
452057,DIGMODCADREM,Removables,C&B
452057,DTARTICA1,Removables,Removables
452057,DIGMODCADREM,Removables,Removables
452057,DTARTICA1,Removables,BUSOFF
452057,DTARTICA1,Removables,C&B
452057,DTARTICA1,Removables,PRINTING
452057,DTARTICA1,Removables,SCHEDULING
451057,INFCONT,MISC,PARTIAL
451057,INFCONT,MISC,BUSOFF
451057,PARTIALDUR,PARTIAL,BUSOFF
451057,INFCONT,MISC,REMQC
451057,PARTIALDUR,PARTIAL,REMQC
451057,INFCONT,MISC,SCHEDULING
451057,PARTIALDUR,PARTIAL,PARTIAL
451057,PARTIALDUR,PARTIAL,SCHEDULING
451771,CRNBRUX,C&B,C&B
451771,CRNBRUX,C&B,Brux Porcelain
451771,CRNBRUX,C&B,FIXED MODELS
451771,CRNBRUX,C&B,CAD Mill crown/coping
451771,CRNBRUX,C&B,Invoice and Ship
451771,CRNBRUX,C&B,Die Trim
451771,CRNBRUX,C&B,Outsource Design full contour
451771,CRNBRUX,C&B,FIXED QC
451771,CRNBRUX,C&B,Scan for crowns
451771,CRNBRUX,C&B,SCHEDULING
451771,CRNBRUX,C&B,Sinter
451771,CRNBRUX,C&B,Stain & Glaze
451901,DIGMODCADREM,Removables,REMQC
451901,DIGMODCADREM,Removables,BUSOFF
451901,DIGMODCADREM,Removables,SCHEDULING
451901,DIGMODCADREM,Removables,PRINTING
451901,DIGMODCADREM,Removables,Removables
451901,ORTVFRET,Removables,BUSOFF
451901,ORTVFRET,Removables,PRINTING
451901,ORTVFRET,Removables,Removables
451901,ORTVFRET,Removables,REMQC
451901,ORTVFRET,Removables,SCHEDULING
445877,DIGBRUXCRN,C&B,CAD DESIGN
445877,DIGBRUXCRN,C&B,BUSOFF
445877,DIGBRUXCRN,C&B,FIXED QC
445877,DIGBRUXCRN,C&B,C&B
445877,DIGBRUXCRN,C&B,SINTER
445877,DIGBRUXCRN,C&B,SCHEDULING
445877,DIGBRUXCRN,C&B,STAINGLZ
449747,DIGBRUXCRN,C&B,
451887,CRNBRUX,C&B,C&B
451887,CRNBRUX,C&B,Brux Porcelain
451887,CRNBRUX,C&B,CAD Mill crown/coping
451887,CRNBRUX,C&B,FIXED MODELS
451887,CRNBRUX,C&B,Die Trim
451887,CRNBRUX,C&B,Invoice and Ship
451887,CRNBRUX,C&B,FIXED QC
451887,CRNBRUX,C&B,Outsource Design full contour
451887,CRNBRUX,C&B,Scan for crowns
451887,CRNBRUX,C&B,Sinter
451887,CRNBRUX,C&B,SCHEDULING
451887,CRNBRUX,C&B,Stain & Glaze
451887,DELIVERY,DELIVERY,Brux Porcelain
451887,DELIVERY,DELIVERY,CAD Mill crown/coping
451887,DELIVERY,DELIVERY,C&B
451887,DELIVERY,DELIVERY,Die Trim
451887,DELIVERY,DELIVERY,FIXED MODELS
451887,DELIVERY,DELIVERY,Outsource Design full contour
451887,DELIVERY,DELIVERY,FIXED QC
451887,INFCONT,MISC,C&B
451887,DELIVERY,DELIVERY,Invoice and Ship
451887,INFCONT,MISC,CAD Mill crown/coping
451887,DELIVERY,DELIVERY,Scan for crowns
451887,INFCONT,MISC,FIXED MODELS
451887,DELIVERY,DELIVERY,SCHEDULING
451887,INFCONT,MISC,Invoice and Ship
451887,DELIVERY,DELIVERY,Sinter
451887,INFCONT,MISC,Outsource Design full contour
451887,DELIVERY,DELIVERY,Stain & Glaze
451887,INFCONT,MISC,SCHEDULING
451887,INFCONT,MISC,Brux Porcelain
451887,INFCONT,MISC,Stain & Glaze
451887,INFCONT,MISC,Die Trim
451887,INFCONT,MISC,FIXED QC
451887,INFCONT,MISC,Scan for crowns
451887,INFCONT,MISC,Sinter
440029,CRNCS,C&B,BUSOFF
440029,CRNCS,C&B,BUILD MODEL
440029,CRNCS,C&B,C&B
440029,CRNCS,C&B,CAD DESIGN
440029,CRNCS,C&B,FIXED QC
440029,CRNCS,C&B,CUSTSHADE
440029,CRNCS,C&B,SCHEDULING
440029,CRNCS,C&B,FIXED MODELS
440029,DIGBRUXCRN,C&B,BUILD MODEL
440029,CRNCS,C&B,PORCELAIN
440029,DIGBRUXCRN,C&B,CUSTSHADE
440029,CRNCS,C&B,PRINT STUDY MODELS
440029,DIGBRUXCRN,C&B,FIXED MODELS
440029,CRNCS,C&B,SINTER
440029,DIGBRUXCRN,C&B,PORCELAIN
440029,CRNCS,C&B,STAINGLZ
440029,DIGBRUXCRN,C&B,PRINT STUDY MODELS
440029,DIGBRUXCRN,C&B,BUSOFF
440029,DIGMODCADFIX,C&B,CAD DESIGN
440029,DIGBRUXCRN,C&B,C&B
440029,DIGMODCADFIX,C&B,CUSTSHADE
440029,DIGBRUXCRN,C&B,CAD DESIGN
440029,DIGMODCADFIX,C&B,PORCELAIN
440029,DIGBRUXCRN,C&B,FIXED QC
440029,DIGMODCADFIX,C&B,SCHEDULING
440029,DIGBRUXCRN,C&B,SCHEDULING
440029,DIGBRUXCRN,C&B,SINTER
440029,DIGBRUXCRN,C&B,STAINGLZ
440029,DIGMODCADFIX,C&B,BUILD MODEL
440029,DIGMODCADFIX,C&B,BUSOFF
440029,DIGMODCADFIX,C&B,C&B
440029,DIGMODCADFIX,C&B,FIXED MODELS
440029,DIGMODCADFIX,C&B,FIXED QC
440029,DIGMODCADFIX,C&B,PRINT STUDY MODELS
440029,DIGMODCADFIX,C&B,SINTER
440029,DIGMODCADFIX,C&B,STAINGLZ
451895,DENBLEACH,Removables,PRINTING
451895,DENBLEACH,Removables,BUSOFF
451895,DENBLEACH,Removables,Removables
451895,DENBLEACH,Removables,SCHEDULING
451895,DENBLEACH,Removables,REMQC
451895,DIGMODCADREM,Removables,BUSOFF
451895,DIGMODCADREM,Removables,REMQC
451895,DIGMODCADREM,Removables,PRINTING
451895,DIGMODCADREM,Removables,SCHEDULING
451895,DIGMODCADREM,Removables,Removables
451688,CRNBRUX,C&B,C&B
451688,CRNBRUX,C&B,Brux Porcelain
451688,CRNBRUX,C&B,CAD Mill crown/coping
451688,CRNBRUX,C&B,Die Trim
451688,CRNBRUX,C&B,FIXED MODELS
451688,CRNBRUX,C&B,FIXED QC
451688,CRNBRUX,C&B,Invoice and Ship
451688,CRNBRUX,C&B,Scan for crowns
451688,CRNBRUX,C&B,Outsource Design full contour
451688,CRNBRUX,C&B,SCHEDULING
451688,CRNBRUX,C&B,Stain & Glaze
451688,CRNBRUX,C&B,Sinter
451688,INFCONT,MISC,Brux Porcelain
451688,INFCONT,MISC,FIXED MODELS
451688,INFCONT,MISC,C&B
451688,INFCONT,MISC,Invoice and Ship
451688,INFCONT,MISC,CAD Mill crown/coping
451688,INFCONT,MISC,Outsource Design full contour
451688,INFCONT,MISC,Die Trim
451688,INFCONT,MISC,Scan for crowns
451688,INFCONT,MISC,FIXED QC
451688,INFCONT,MISC,SCHEDULING
451688,INFCONT,MISC,Sinter
451688,INFCONT,MISC,Stain & Glaze
451663,CRA,SPLINTS,Dup Model
451663,CRA,SPLINTS,BUSOFF
451663,CRA,SPLINTS,Finish CRA
451663,CRA,SPLINTS,Process CRA
451663,CRA,SPLINTS,PRINTING
451663,CRA,SPLINTS,Rem Model
451663,CRA,SPLINTS,Removables
451663,DIGMODCADREM,Removables,BUSOFF
451663,CRA,SPLINTS,SCHEDULING
451663,DIGMODCADREM,Removables,PRINTING
451663,CRA,SPLINTS,Splint QC
451663,DIGMODCADREM,Removables,Rem Model
451663,CRA,SPLINTS,Wax CRA
451663,DIGMODCADREM,Removables,Dup Model
451663,DIGMODCADREM,Removables,Finish CRA
451663,DIGMODCADREM,Removables,Process CRA
451663,DIGMODCADREM,Removables,Removables
451663,DIGMODCADREM,Removables,SCHEDULING
451663,DIGMODCADREM,Removables,Splint QC
451663,DIGMODCADREM,Removables,Wax CRA
452061,DIGBRUXCRN,C&B,BUSOFF
452061,DIGBRUXCRN,C&B,CAD DESIGN
452061,DIGBRUXCRN,C&B,C&B
452061,DIGBRUXCRN,C&B,SCHEDULING
452061,DIGBRUXCRN,C&B,FIXED QC
452061,DIGBRUXCRN,C&B,STAINGLZ
452061,DIGBRUXCRN,C&B,SINTER
447105,DIGBRUXCRN,C&B,
450269,,,
451287,CRNBRUX,C&B,Brux Porcelain
451287,CRNBRUX,C&B,BUSOFF
451287,CRNBRUX,C&B,CAD Mill crown/coping
451287,CRNBRUX,C&B,C&B
451287,CRNBRUX,C&B,DIETRIM
451287,CRNBRUX,C&B,FIXED QC
451287,CRNBRUX,C&B,Scan for crowns
451287,CRNBRUX,C&B,Outsource Design full contour
451287,CRNBRUX,C&B,SCHEDULING
451287,CRNBRUX,C&B,Sinter
451287,CRNBRUX,C&B,Stain & Glaze
451287,CRNEVALCB,C&B,Brux Porcelain
451287,CRNEVALCB,C&B,BUSOFF
451287,CRNEVALCB,C&B,Outsource Design full contour
451287,CRNEVALCB,C&B,C&B
451287,CRNEVALCB,C&B,Sinter
451287,CRNEVALCB,C&B,CAD Mill crown/coping
451287,INFCONT,MISC,CAD Mill crown/coping
451287,CRNEVALCB,C&B,DIETRIM
451287,INFCONT,MISC,DIETRIM
451287,CRNEVALCB,C&B,FIXED QC
451287,INFCONT,MISC,Outsource Design full contour
451287,CRNEVALCB,C&B,Scan for crowns
451287,CRNEVALCB,C&B,SCHEDULING
451287,CRNEVALCB,C&B,Stain & Glaze
451287,INFCONT,MISC,Brux Porcelain
451287,INFCONT,MISC,BUSOFF
451287,INFCONT,MISC,C&B
451287,INFCONT,MISC,FIXED QC
451287,INFCONT,MISC,Scan for crowns
451287,INFCONT,MISC,SCHEDULING
451287,INFCONT,MISC,Sinter
451287,INFCONT,MISC,Stain & Glaze
451765,CRADUAL,SPLINTS,PROCSPLINT
451765,CRADUAL,SPLINTS,BUSOFF
451765,CRADUAL,SPLINTS,SCHEDULING
451765,CRADUAL,SPLINTS,PRINTING
451765,CRADUAL,SPLINTS,SPLINTS
451765,CRADUAL,SPLINTS,Removables
451765,DIGMODCADREM,Removables,BUSOFF
451765,DIGMODCADREM,Removables,PROCSPLINT
451765,DIGMODCADREM,Removables,PRINTING
451765,DIGMODCADREM,Removables,SCHEDULING
451765,DIGMODCADREM,Removables,Removables
451765,DIGMODCADREM,Removables,SPLINTS
448397,DIGBRUXCRN,C&B,
447061,DIGBRUXCRN,C&B,
451978,DIGBRUXCRN,C&B,CAD DESIGN
451978,DIGBRUXCRN,C&B,BUSOFF
451978,DIGBRUXCRN,C&B,SCHEDULING
451978,DIGBRUXCRN,C&B,C&B
451978,DIGBRUXCRN,C&B,FIXED QC
451978,DIGBRUXCRN,C&B,SINTER
451978,DIGBRUXCRN,C&B,STAINGLZ
451271,ORTSMILEAA,ORTHO,
452073,CRNZIRCBR,C&B,C&B
452073,CRNZIRCBR,C&B,BUSOFF
452073,DIGBRUXCRN,C&B,BUSOFF
452073,CRNZIRCBR,C&B,CAD DESIGN
452073,DIGBRUXCRN,C&B,C&B
452073,CRNZIRCBR,C&B,FINISHING
452073,DIGBRUXCRN,C&B,FINISHING
452073,CRNZIRCBR,C&B,FIXED QC
452073,DIGBRUXCRN,C&B,FIXED QC
452073,CRNZIRCBR,C&B,SCHEDULING
452073,DIGBRUXCRN,C&B,SCHEDULING
452073,CRNZIRCBR,C&B,SINTER
452073,DIGBRUXCRN,C&B,SINTER
452073,CRNZIRCBR,C&B,STAINGLZ
452073,DIGBRUXCRN,C&B,STAINGLZ
452073,DIGBRUXCRN,C&B,CAD DESIGN
451642,CRNEZZ,C&B,CAD Mill crown/coping
451642,CRNEZZ,C&B,Brux Porcelain
451642,CRNEZZ,C&B,Die Trim
451642,CRNEZZ,C&B,C&B
451642,CRNEZZ,C&B,Outsource Design full contour
451642,CRNEZZ,C&B,FIXED MODELS
451642,CRNEZZ,C&B,Fixed QC
451642,CRNEZZ,C&B,Invoice and Ship
451642,CRNEZZ,C&B,Scan for crowns
451642,CRNEZZ,C&B,SCHEDULING
451642,CRNEZZ,C&B,Sinter
451642,CRNEZZ,C&B,Stain & Glaze
444753,DIGBRUXCRN,C&B,SINTER
444753,DIGBRUXCRN,C&B,BUSOFF
444753,DIGBRUXCRN,C&B,C&B
444753,DIGBRUXCRN,C&B,CAD DESIGN
444753,DIGBRUXCRN,C&B,FIXED QC
444753,DIGBRUXCRN,C&B,SCHEDULING
444753,DIGBRUXCRN,C&B,STAINGLZ
450863,DIGANALOG,IMPLANT PT,Brux Porcelain
450863,DIGANALOG,IMPLANT PT,FIXED MODELS
450863,DIGANALOG,IMPLANT PT,CAD Mill crown/coping
450863,DIGANALOG,IMPLANT PT,IMPLANTS
450863,DIGANALOG,IMPLANT PT,CEMENT
450863,DIGANALOG,IMPLANT PT,Invoice and Ship
450863,DIGANALOG,IMPLANT PT,Fixed QC
450863,DIGANALOG,IMPLANT PT,Outsource Design full contour
450863,DIGANALOG,IMPLANT PT,SCHEDULING
450863,DIGANALOG,IMPLANT PT,Stain & Glaze
450863,DIGANALOG,IMPLANT PT,Sinter
450863,DIGEZZCRN,C&B,Brux Porcelain
450863,DIGEZZCRN,C&B,FIXED MODELS
450863,DIGEZZCRN,C&B,CAD Mill crown/coping
450863,DIGEZZCRN,C&B,IMPLANTS
450863,DIGEZZCRN,C&B,CEMENT
450863,DIGEZZCRN,C&B,Invoice and Ship
450863,DIGEZZCRN,C&B,Fixed QC
450863,DIGEZZCRN,C&B,Outsource Design full contour
450863,IMPSCRDES,IMPLANTS,Brux Porcelain
450863,DIGEZZCRN,C&B,SCHEDULING
450863,IMPSCRDES,IMPLANTS,CEMENT
450863,DIGEZZCRN,C&B,Sinter
450863,IMPSCRDES,IMPLANTS,Sinter
450863,DIGEZZCRN,C&B,Stain & Glaze
450863,ZRABUT,C&B,CAD Mill crown/coping
450863,IMPSCRDES,IMPLANTS,CAD Mill crown/coping
450863,ZRABUT,C&B,FIXED MODELS
450863,IMPSCRDES,IMPLANTS,FIXED MODELS
450863,ZRABUT,C&B,IMPLANTS
450863,IMPSCRDES,IMPLANTS,Fixed QC
450863,ZRABUT,C&B,Outsource Design full contour
450863,IMPSCRDES,IMPLANTS,IMPLANTS
450863,ZRABUT,C&B,SCHEDULING
450863,IMPSCRDES,IMPLANTS,Invoice and Ship
450863,IMPSCRDES,IMPLANTS,Outsource Design full contour
450863,IMPSCRDES,IMPLANTS,SCHEDULING
450863,IMPSCRDES,IMPLANTS,Stain & Glaze
450863,ZRABUT,C&B,Brux Porcelain
450863,ZRABUT,C&B,CEMENT
450863,ZRABUT,C&B,Fixed QC
450863,ZRABUT,C&B,Invoice and Ship
450863,ZRABUT,C&B,Sinter
450863,ZRABUT,C&B,Stain & Glaze
451251,DENFULPFIN,Removables,Removables
451251,DENFULPFIN,Removables,BUSOFF
451251,DENFULPFIN,Removables,REMQC
451251,DENFULPFIN,Removables,SCHEDULING
451251,DENPROCNM,Removables,Removables
451251,DENPROCNM,Removables,BUSOFF
451251,DENPROCNM,Removables,REMQC
451251,DENPROCNM,Removables,SCHEDULING
451251,INFCONT,MISC,BUSOFF
451251,INFCONT,MISC,REMQC
451251,INFCONT,MISC,Removables
451251,INFCONT,MISC,SCHEDULING
451716,DIGFCCRN,C&B,CAD DESIGN
451716,DIGFCCRN,C&B,BUSOFF
451716,DIGFCCRN,C&B,OUTSRCBUS
451716,DIGFCCRN,C&B,C&B
451716,NP,Alloy,CAD DESIGN
451716,DIGFCCRN,C&B,CAD SCANNING
451716,NP,Alloy,FINISHING
451716,DIGFCCRN,C&B,DIETRIM
451716,NP,Alloy,FIXED QC
451716,DIGFCCRN,C&B,FINISHING
451716,NP,Alloy,OUTSRCBUS
451716,DIGFCCRN,C&B,FIXED QC
451716,NP,Alloy,SCHEDULING
451716,DIGFCCRN,C&B,SCHEDULING
451716,NP,Alloy,BUSOFF
451716,NP,Alloy,C&B
451716,NP,Alloy,CAD SCANNING
451716,NP,Alloy,DIETRIM
451975,ART-EVQC-CLDD,MISC,BUILD MODEL
451975,ART-EVQC-CLDD,MISC,Brux Porcelain
451975,ART-EVQC-CLDD,MISC,CAD Mill crown/coping
451975,ART-EVQC-CLDD,MISC,DIGITAL SCAN REVIEW
451975,ART-EVQC-CLDD,MISC,Outsource Design full contour
451975,ART-EVQC-CLDD,MISC,FIXED MODELS
451975,ART-EVQC-CLDD,MISC,PRINT STUDY MODELS
451975,ART-EVQC-CLDD,MISC,Fixed QC
451975,DIGEZZCRN,C&B,BUILD MODEL
451975,ART-EVQC-CLDD,MISC,Invoice and Ship
451975,DIGEZZCRN,C&B,CAD Mill crown/coping
451975,ART-EVQC-CLDD,MISC,SCHEDULING
451975,DIGEZZCRN,C&B,FIXED MODELS
451975,ART-EVQC-CLDD,MISC,Sinter
451975,DIGEZZCRN,C&B,Invoice and Ship
451975,ART-EVQC-CLDD,MISC,Stain & Glaze
451975,DIGEZZCRN,C&B,Outsource Design full contour
451975,DIGEZZCRN,C&B,Brux Porcelain
451975,DIGEZZCRN,C&B,PRINT STUDY MODELS
451975,DIGEZZCRN,C&B,DIGITAL SCAN REVIEW
451975,DIGEZZCRN,C&B,Stain & Glaze
451975,DIGEZZCRN,C&B,Fixed QC
451975,DIGMODCADFIX,C&B,Brux Porcelain
451975,DIGEZZCRN,C&B,SCHEDULING
451975,DIGMODCADFIX,C&B,BUILD MODEL
451975,DIGEZZCRN,C&B,Sinter
451975,DIGMODCADFIX,C&B,Sinter
451975,DIGMODCADFIX,C&B,CAD Mill crown/coping
451975,DIGMODCADFIX,C&B,DIGITAL SCAN REVIEW
451975,DIGMODCADFIX,C&B,FIXED MODELS
451975,DIGMODCADFIX,C&B,Fixed QC
451975,DIGMODCADFIX,C&B,Invoice and Ship
451975,DIGMODCADFIX,C&B,Outsource Design full contour
451975,DIGMODCADFIX,C&B,PRINT STUDY MODELS
451975,DIGMODCADFIX,C&B,SCHEDULING
451975,DIGMODCADFIX,C&B,Stain & Glaze
451779,CRNBRUX,C&B,Brux Porcelain
451779,CRNBRUX,C&B,C&B
451779,CRNBRUX,C&B,FIXED QC
451779,CRNBRUX,C&B,CAD Mill crown/coping
451779,CRNBRUX,C&B,Invoice and Ship
451779,CRNBRUX,C&B,Die Trim
451779,CRNBRUX,C&B,Scan for crowns
451779,CRNBRUX,C&B,FIXED MODELS
451779,CRNBRUX,C&B,SCHEDULING
451779,CRNBRUX,C&B,Outsource Design full contour
451779,CRNBRUX,C&B,Sinter
451779,CRNBRUX,C&B,Stain & Glaze
451237,CRNZAD,C&B,C&B
451237,INFCONT,MISC,C&B
451783,DIGBRUXCRN,C&B,CAD DESIGN
451783,DIGBRUXCRN,C&B,BUSOFF
451783,DIGBRUXCRN,C&B,FIXED QC
451783,DIGBRUXCRN,C&B,C&B
451783,DIGBRUXCRN,C&B,SCHEDULING
451783,DIGBRUXCRN,C&B,SINTER
451783,DIGBRUXCRN,C&B,STAINGLZ
451520,DIGDWXDWU,C&B,BUSOFF
451520,DIGDWXDWU,C&B,PRINTING
451520,DIGDWXDWU,C&B,C&B
451520,DIGDWXDWU,C&B,Removables
451520,DIGDWXDWU,C&B,CAD DESIGN
451520,ORTVFRET,Removables,BUSOFF
451520,DIGDWXDWU,C&B,CAD SCANNING
451520,ORTVFRET,Removables,C&B
451520,DIGDWXDWU,C&B,FIXED QC
451520,ORTVFRET,Removables,CAD SCANNING
451520,DIGDWXDWU,C&B,REMQC
451520,ORTVFRET,Removables,PRINTING
451520,DIGDWXDWU,C&B,SCHEDULING
451520,ORTVFRET,Removables,Removables
451520,ORTVFRET,Removables,CAD DESIGN
451520,ORTVFRET,Removables,REMQC
451520,ORTVFRET,Removables,FIXED QC
451520,ORTVFRET,Removables,SCHEDULING
451815,CRNCHAR,C&B,BUSOFF
451815,CRNCHAR,C&B,FIXED QC
451815,CRNCHAR,C&B,C&B
451815,CRNCHAR,C&B,PORCELAIN
451815,CRNCHAR,C&B,FINISHING
451815,CRNZIRCBR,C&B,BUSOFF
451815,CRNCHAR,C&B,SCHEDULING
451815,CRNZIRCBR,C&B,C&B
451815,CRNZIRCBR,C&B,PORCELAIN
451815,CRNZIRCBR,C&B,FINISHING
451815,CRNZIRCBR,C&B,FIXED QC
451815,CRNZIRCBR,C&B,SCHEDULING
451584,DIGMODCADREM,Removables,REMQC
451584,DIGMODCADREM,Removables,BUSOFF
451584,DIGMODCADREM,Removables,SCHEDULING
451584,DIGMODCADREM,Removables,PRINTING
451584,DTARTICA1,Removables,BUSOFF
451584,DIGMODCADREM,Removables,Removables
451584,DTARTICA1,Removables,REMQC
451584,DTARTICA1,Removables,PRINTING
451584,DTARTICA1,Removables,SCHEDULING
451584,DTARTICA1,Removables,Removables
451584,ORTESSEX,Removables,BUSOFF
451584,ORTESSEX,Removables,Removables
451584,ORTESSEX,Removables,PRINTING
451584,ORTESSEX,Removables,REMQC
451584,ORTESSEX,Removables,SCHEDULING
451580,DIGMODCADREM,Removables,BUSOFF
451580,DIGMODCADREM,Removables,OUTSRCBUS
451580,DIGMODCADREM,Removables,PRINTING
451580,DIGMODCADREM,Removables,PARTIAL
451580,DIGMODCADREM,Removables,REMQC
451580,DIGMODCADREM,Removables,Removables
451580,DIGMODCADREM,Removables,SCHEDULING
451580,PARTIAL,PARTIAL,OUTSRCBUS
451580,PARTIAL,PARTIAL,BUSOFF
451580,PARTIAL,PARTIAL,PRINTING
451580,PARTIAL,PARTIAL,PARTIAL
451580,PARTIAL,PARTIAL,Removables
451580,PARTIAL,PARTIAL,SCHEDULING
451580,PARTIAL,PARTIAL,REMQC
451147,DENFULPFIN,Removables,Removables
451147,DENFULPFIN,Removables,BUSOFF
451147,DENFULPFIN,Removables,REMQC
451147,INFCONT,MISC,Removables
451147,DENFULPFIN,Removables,SCHEDULING
451147,INFCONT,MISC,BUSOFF
451147,INFCONT,MISC,REMQC
451147,INFCONT,MISC,SCHEDULING
451781,CRNEZZ,C&B,Brux Porcelain
451781,CRNEZZ,C&B,C&B
451781,CRNEZZ,C&B,FIXED MODELS
451781,CRNEZZ,C&B,CAD Mill crown/coping
451781,CRNEZZ,C&B,Invoice and Ship
451781,CRNEZZ,C&B,Die Trim
451781,CRNEZZ,C&B,Sinter
451781,CRNEZZ,C&B,Fixed QC
451781,CRNEZZ,C&B,Stain & Glaze
451781,CRNEZZ,C&B,Outsource Design full contour
451781,CRNEZZ,C&B,Scan for crowns
451781,CRNEZZ,C&B,SCHEDULING
451884,DENSET>9,Removables,BUSOFF
451884,DENSET>9,Removables,Removables
451884,DENSET>9,Removables,REMQC
451884,DTARTICP8,Removables,Removables
451884,DENSET>9,Removables,SCHEDULING
451884,DTARTICP8,Removables,REMQC
451884,DTARTICP8,Removables,BUSOFF
451884,INFCONT,MISC,BUSOFF
451884,DTARTICP8,Removables,SCHEDULING
451884,INFCONT,MISC,SCHEDULING
451884,INFCONT,MISC,Removables
451884,INFCONT,MISC,REMQC
451905,DIGBRUXCRN,C&B,BUSOFF
451905,DIGBRUXCRN,C&B,CAD DESIGN
451905,DIGBRUXCRN,C&B,C&B
451905,DIGBRUXCRN,C&B,FIXED QC
451905,DIGBRUXCRN,C&B,SCHEDULING
451905,DIGBRUXCRN,C&B,SINTER
451905,DIGBRUXCRN,C&B,STAINGLZ
451940,,,
446192,INFCONT,MISC,BUSOFF
446192,INFCONT,MISC,CAD DESIGN
446192,INFCONT,MISC,PRINTING
446192,INFCONT,MISC,IMPLANTS
446192,INFCONT,MISC,Removables
446192,INFCONT,MISC,SCHEDULING
446192,SGADDSITE,Surgical Guides,CAD DESIGN
446192,SGADDSITE,Surgical Guides,BUSOFF
446192,SGADDSITE,Surgical Guides,SCHEDULING
446192,SGADDSITE,Surgical Guides,IMPLANTS
446192,SGSTNTBSKY,Surgical Guides,BUSOFF
446192,SGADDSITE,Surgical Guides,PRINTING
446192,SGSTNTBSKY,Surgical Guides,CAD DESIGN
446192,SGADDSITE,Surgical Guides,Removables
446192,SGSTNTBSKY,Surgical Guides,SCHEDULING
446192,SGSTNTBSKY,Surgical Guides,IMPLANTS
446192,SGSTNTBSKY,Surgical Guides,PRINTING
446192,SGSTNTBSKY,Surgical Guides,Removables
451906,ART-EVQC-CLMI,MISC,CAD DESIGN
451906,ART-EVQC-CLMI,MISC,BUSOFF
451906,ART-EVQC-CLMI,MISC,IMPLANTS
451906,ART-EVQC-CLMI,MISC,C&B
451906,DIGANALOG,IMPLANT PT,CAD DESIGN
451906,ART-EVQC-CLMI,MISC,FIXED QC
451906,DIGANALOG,IMPLANT PT,FIXED QC
451906,ART-EVQC-CLMI,MISC,SINTER
451906,DIGANALOG,IMPLANT PT,SINTER
451906,ART-EVQC-CLMI,MISC,STAINGLZ
451906,DIGANALOG,IMPLANT PT,STAINGLZ
451906,DIGANALOG,IMPLANT PT,BUSOFF
451906,DIGBRUXCRN,C&B,CAD DESIGN
451906,DIGANALOG,IMPLANT PT,C&B
451906,DIGBRUXCRN,C&B,FIXED QC
451906,DIGANALOG,IMPLANT PT,IMPLANTS
451906,DIGBRUXCRN,C&B,STAINGLZ
451906,DIGBRUXCRN,C&B,BUSOFF
451906,SMTCRN,IMPLANTS,CAD DESIGN
451906,DIGBRUXCRN,C&B,C&B
451906,SMTCRN,IMPLANTS,FIXED QC
451906,DIGBRUXCRN,C&B,IMPLANTS
451906,SMTCRN,IMPLANTS,SINTER
451906,DIGBRUXCRN,C&B,SINTER
451906,SMTCRN,IMPLANTS,STAINGLZ
451906,SMTCRN,IMPLANTS,BUSOFF
451906,SMTCRN,IMPLANTS,C&B
451906,SMTCRN,IMPLANTS,IMPLANTS
451817,CRNBRUX,C&B,Die Trim
451817,CRNBRUX,C&B,Brux Porcelain
451817,CRNBRUX,C&B,FIXED MODELS
451817,CRNBRUX,C&B,C&B
451817,CRNBRUX,C&B,IMPLANTS
451817,CRNBRUX,C&B,CAD Mill crown/coping
451817,CRNBRUX,C&B,Outsource Design full contour
451817,CRNBRUX,C&B,CEMENT
451817,CRNBRUX,C&B,Sinter
451817,CRNBRUX,C&B,FIXED QC
451817,IMPSCRDES,IMPLANTS,Die Trim
451817,CRNBRUX,C&B,Invoice and Ship
451817,IMPSCRDES,IMPLANTS,FIXED MODELS
451817,CRNBRUX,C&B,Scan for crowns
451817,IMPSCRDES,IMPLANTS,IMPLANTS
451817,CRNBRUX,C&B,SCHEDULING
451817,IMPSCRDES,IMPLANTS,Outsource Design full contour
451817,CRNBRUX,C&B,Stain & Glaze
451817,IMPSCRDES,IMPLANTS,Stain & Glaze
451817,IMPSCRDES,IMPLANTS,Brux Porcelain
451817,IMPSCRDES,IMPLANTS,C&B
451817,IMPSCRDES,IMPLANTS,CAD Mill crown/coping
451817,IMPSCRDES,IMPLANTS,CEMENT
451817,IMPSCRDES,IMPLANTS,FIXED QC
451817,IMPSCRDES,IMPLANTS,Invoice and Ship
451817,IMPSCRDES,IMPLANTS,Scan for crowns
451817,IMPSCRDES,IMPLANTS,SCHEDULING
451817,IMPSCRDES,IMPLANTS,Sinter
452069,MODC1,C&B,BUSOFF
452069,MODC1,C&B,FIXED QC
452069,MODC1,C&B,C&B
452069,MODC1,C&B,SCHEDULING
452069,MODC1,C&B,PRINTING
451806,CRNBRUX,C&B,Brux Porcelain
451806,CRNBRUX,C&B,C&B
451806,CRNBRUX,C&B,CAD Mill crown/coping
451806,CRNBRUX,C&B,FIXED MODELS
451806,CRNBRUX,C&B,Die Trim
451806,CRNBRUX,C&B,Invoice and Ship
451806,CRNBRUX,C&B,FIXED QC
451806,CRNBRUX,C&B,Outsource Design full contour
451806,CRNBRUX,C&B,SCHEDULING
451806,CRNBRUX,C&B,Scan for crowns
451806,CRNBRUX,C&B,Sinter
451806,CRNBRUX,C&B,Stain & Glaze
452071,CRNBRUX,C&B,Brux Porcelain
452071,CRNBRUX,C&B,Die Trim
452071,CRNBRUX,C&B,C&B
452071,CRNBRUX,C&B,FIXED MODELS
452071,CRNBRUX,C&B,CAD Mill crown/coping
452071,CRNBRUX,C&B,Outsource Design full contour
452071,CRNBRUX,C&B,FIXED QC
452071,CRNBRUX,C&B,Invoice and Ship
452071,CRNBRUX,C&B,Scan for crowns
452071,CRNBRUX,C&B,SCHEDULING
452071,CRNBRUX,C&B,Sinter
452071,CRNBRUX,C&B,Stain & Glaze
445563,DIGBRUXCRN,C&B,CAD DESIGN
445563,DIGBRUXCRN,C&B,BUSOFF
445563,DIGBRUXCRN,C&B,SINTER
445563,DIGBRUXCRN,C&B,C&B
445563,DIGBRUXCRN,C&B,FIXED QC
445563,DIGBRUXCRN,C&B,SCHEDULING
445563,DIGBRUXCRN,C&B,STAINGLZ
448975,DENAO4ZIRC,CHAIRSIDE SERVICES,BUSOFF
448975,DENAO4ZIRC,CHAIRSIDE SERVICES,IMPLANTS
448975,DENAO4ZIRC,CHAIRSIDE SERVICES,CHAIRSIDE SERVICES
448975,DENAO4ZIRC,CHAIRSIDE SERVICES,REMQC
448975,DENAO4ZIRC,CHAIRSIDE SERVICES,FIXED QC
448975,DENAO4ZIRC,CHAIRSIDE SERVICES,SCHEDULING
448975,ORDERPARTS,IMPLANT PT,BUSOFF
448975,ORDERPARTS,IMPLANT PT,FIXED QC
448975,ORDERPARTS,IMPLANT PT,CHAIRSIDE SERVICES
448975,ORDERPARTS,IMPLANT PT,SCHEDULING
448975,ORDERPARTS,IMPLANT PT,IMPLANTS
448975,ORDERPARTS,IMPLANT PT,REMQC
451824,CRNEZZ,C&B,Brux Porcelain
451824,CRNEZZ,C&B,C&B
451824,CRNEZZ,C&B,Die Trim
451824,CRNEZZ,C&B,CAD Mill crown/coping
451824,CRNEZZ,C&B,Fixed QC
451824,CRNEZZ,C&B,FIXED MODELS
451824,CRNEZZ,C&B,Scan for crowns
451824,CRNEZZ,C&B,Invoice and Ship
451824,CRNEZZ,C&B,SCHEDULING
451824,CRNEZZ,C&B,Outsource Design full contour
451824,CRNEZZ,C&B,Sinter
451824,CRNEZZ,C&B,Stain & Glaze
451824,INFCONT,MISC,CAD Mill crown/coping
451824,INFCONT,MISC,Brux Porcelain
451824,INFCONT,MISC,Die Trim
451824,INFCONT,MISC,C&B
451824,INFCONT,MISC,Fixed QC
451824,INFCONT,MISC,FIXED MODELS
451824,INFCONT,MISC,Invoice and Ship
451824,INFCONT,MISC,Sinter
451824,INFCONT,MISC,Outsource Design full contour
451824,INFCONT,MISC,Scan for crowns
451824,INFCONT,MISC,SCHEDULING
451824,INFCONT,MISC,Stain & Glaze
448209,DENFULEFIN,Removables,Removables
448209,DENFULEFIN,Removables,BUSOFF
448209,INFCONT,MISC,BUSOFF
448209,DENFULEFIN,Removables,REMQC
448209,INFCONT,MISC,REMQC
448209,DENFULEFIN,Removables,SCHEDULING
448209,INFCONT,MISC,SCHEDULING
448209,INFCONT,MISC,Removables
450052,,,
452066,DIGBRUXCRN,C&B,CAD DESIGN
452066,DIGBRUXCRN,C&B,BUSOFF
452066,DIGBRUXCRN,C&B,SINTER
452066,DIGBRUXCRN,C&B,C&B
452066,DIGBRUXCRN,C&B,FIXED QC
452066,DIGBRUXCRN,C&B,SCHEDULING
452066,DIGBRUXCRN,C&B,STAINGLZ
446893,PARTIALDUR,PARTIAL,
451778,CRNBRUX,C&B,Brux Porcelain
451778,CRNBRUX,C&B,C&B
451778,CRNBRUX,C&B,FIXED QC
451778,CRNBRUX,C&B,CAD Mill crown/coping
451778,CRNBRUX,C&B,Invoice and Ship
451778,CRNBRUX,C&B,Die Trim
451778,CRNBRUX,C&B,Scan for crowns
451778,CRNBRUX,C&B,FIXED MODELS
451778,CRNBRUX,C&B,SCHEDULING
451778,CRNBRUX,C&B,Outsource Design full contour
451778,CRNBRUX,C&B,Sinter
451778,INFCONT,MISC,C&B
451778,CRNBRUX,C&B,Stain & Glaze
451778,INFCONT,MISC,CAD Mill crown/coping
451778,INFCONT,MISC,Brux Porcelain
451778,INFCONT,MISC,FIXED QC
451778,INFCONT,MISC,Die Trim
451778,INFCONT,MISC,Scan for crowns
451778,INFCONT,MISC,FIXED MODELS
451778,INFCONT,MISC,SCHEDULING
451778,INFCONT,MISC,Invoice and Ship
451778,INFCONT,MISC,Outsource Design full contour
451778,INFCONT,MISC,Sinter
451778,INFCONT,MISC,Stain & Glaze
451706,CRNBRUX,C&B,C&B
451706,CRNBRUX,C&B,Brux Porcelain
451706,CRNBRUX,C&B,CAD Mill crown/coping
451706,CRNBRUX,C&B,Die Trim
451706,CRNBRUX,C&B,FIXED MODELS
451706,CRNBRUX,C&B,FIXED QC
451706,CRNBRUX,C&B,Invoice and Ship
451706,CRNBRUX,C&B,Scan for crowns
451706,CRNBRUX,C&B,Outsource Design full contour
451706,CRNBRUX,C&B,Sinter
451706,CRNBRUX,C&B,SCHEDULING
451706,CRNBRUX,C&B,Stain & Glaze
448295,,,
450857,INFCONT,MISC,BUSOFF
450857,INFCONT,MISC,CAD DESIGN
450857,INFCONT,MISC,IMPLANTS
450857,INFCONT,MISC,SCHEDULING
450857,INFCONT,MISC,PRINTING
450857,MODSTOREM,Removables,BUSOFF
450857,INFCONT,MISC,Removables
450857,MODSTOREM,Removables,PRINTING
450857,MODSTOREM,Removables,CAD DESIGN
450857,MODSTOREM,Removables,SCHEDULING
450857,MODSTOREM,Removables,IMPLANTS
450857,SGADDSITE,Surgical Guides,CAD DESIGN
450857,MODSTOREM,Removables,Removables
450857,SGADDSITE,Surgical Guides,IMPLANTS
450857,SGADDSITE,Surgical Guides,BUSOFF
450857,SGADDSITE,Surgical Guides,SCHEDULING
450857,SGADDSITE,Surgical Guides,PRINTING
450857,SGSTNTBSKY,Surgical Guides,BUSOFF
450857,SGADDSITE,Surgical Guides,Removables
450857,SGSTNTBSKY,Surgical Guides,SCHEDULING
450857,SGSTNTBSKY,Surgical Guides,CAD DESIGN
450857,SGSTNTBSKY,Surgical Guides,IMPLANTS
450857,SGSTNTBSKY,Surgical Guides,PRINTING
450857,SGSTNTBSKY,Surgical Guides,Removables
451686,CRNBRUX,C&B,C&B
451686,CRNBRUX,C&B,Brux Porcelain
451686,CRNBRUX,C&B,CAD Mill crown/coping
451686,CRNBRUX,C&B,FIXED QC
451686,CRNBRUX,C&B,Die Trim
451686,CRNBRUX,C&B,Scan for crowns
451686,CRNBRUX,C&B,FIXED MODELS
451686,CRNBRUX,C&B,SCHEDULING
451686,CRNBRUX,C&B,Invoice and Ship
451686,CRNBRUX,C&B,Sinter
451686,CRNBRUX,C&B,Outsource Design full contour
451686,INFCONT,MISC,FIXED MODELS
451686,CRNBRUX,C&B,Stain & Glaze
451686,INFCONT,MISC,Invoice and Ship
451686,INFCONT,MISC,Brux Porcelain
451686,INFCONT,MISC,Outsource Design full contour
451686,INFCONT,MISC,C&B
451686,INFCONT,MISC,Sinter
451686,INFCONT,MISC,CAD Mill crown/coping
451686,INFCONT,MISC,Stain & Glaze
451686,INFCONT,MISC,Die Trim
451686,INFCONT,MISC,FIXED QC
451686,INFCONT,MISC,Scan for crowns
451686,INFCONT,MISC,SCHEDULING
451872,,,
451676,DIGFCCRN,C&B,BUSOFF
451676,DIGFCCRN,C&B,CAD DESIGN
451676,DIGFCCRN,C&B,C&B
451676,DIGFCCRN,C&B,DIETRIM
451676,DIGFCCRN,C&B,CAD SCANNING
451676,DIGFCCRN,C&B,FINISHING
451676,NP,Alloy,CAD DESIGN
451676,DIGFCCRN,C&B,FIXED QC
451676,NP,Alloy,DIETRIM
451676,DIGFCCRN,C&B,OUTSRCBUS
451676,NP,Alloy,OUTSRCBUS
451676,DIGFCCRN,C&B,SCHEDULING
451676,NP,Alloy,BUSOFF
451676,NP,Alloy,C&B
451676,NP,Alloy,CAD SCANNING
451676,NP,Alloy,FINISHING
451676,NP,Alloy,FIXED QC
451676,NP,Alloy,SCHEDULING
450646,,,
451269,DIGANALOG,IMPLANT PT,
451269,DIGANALOG,IMPLANT PT,IMPLANTS
451269,DIGPFMCRN,C&B,
451269,DIGPFMCRN,C&B,IMPLANTS
451269,SMTCRN,IMPLANTS,
451269,SMTCRN,IMPLANTS,IMPLANTS
