department,ytd_sales,ly_sales
C&B,902662.5599999999,2362281.12
CHAIRSIDE SERVICES,421631.25,1139433.19
IMPLANTS,245223.92,627645.84
Removables,171839.52,535053.35
PARTIAL,109149.72,263162.15
SPLINTS,95819.0,285925.84
Surgical Guides,30295.83,75697.45999999999
IMPLANT PT,28230.34,71857.44
Alloy,26481.13,53687.55
MISC,20981.52,59880.08
ORTHO,14175.94,24138.0
DELIVERY,3577.0,14433.0
Ortho,3122.99,9300.75
Sales,1593.76,10365.2
