department,ytd_sales,ly_sales
C&B,48321.91,168098.29
IMPLANTS,15892.73,33847.9
CHAIRSIDE SERVICES,14439.99,48776.99
PARTIAL,7841.64,10711.51
Removables,5115.1900000000005,19205.78
SPLINTS,3075.7599999999998,9143.39
Alloy,2595.94,4559.73
Surgical Guides,2499.7,5584.85
IMPLANT PT,987.2,1091.9
MISC,761.91,2411.55
