department,ytd_sales,ly_sales
C&B,868123.97,2362281.12
CHAIRSIDE SERVICES,406806.25,1139433.19
IMPLANTS,231309.21,627645.84
Removables,164134.76,535053.35
PARTIAL,105054.90000000001,263212.15
SPLINTS,90328.22,285925.84
Surgical Guides,29585.850000000002,75697.45999999999
IMPLANT PT,25844.89,71857.44
Alloy,24832.31,53687.55
MISC,20107.77,59880.08
ORTHO,13565.99,24138.0
DELIVERY,3463.0,14433.0
Ortho,3122.99,9862.75
Sales,1593.76,10365.2
