department,ytd_sales,ly_sales
C&B,856656.51,2362281.12
CHAIRSIDE SERVICES,402321.25,1139433.19
IMPLANTS,229834.25,627645.84
Removables,162272.43,535053.35
PARTIAL,103537.95,263212.15
SPLINTS,89318.23,285925.84
Surgical Guides,29585.850000000002,75697.45999999999
IMPLANT PT,25746.89,71857.44
Alloy,24455.260000000002,53687.55
MISC,19926.03,59880.08
ORTHO,13565.99,24138.0
DELIVERY,3433.0,14433.0
Ortho,3122.99,9862.75
Sales,1593.76,10365.2
