department,ytd_sales,ly_sales
C&B,848105.97,2362281.12
CHAIRSIDE SERVICES,395287.25,1139433.19
IMPLANTS,227354.31,627645.84
Removables,161228.2,535053.35
PARTIAL,102825.98000000001,263212.15
SPLINTS,88048.29,285925.84
Surgical Guides,28930.86,75697.45999999999
IMPLANT PT,24704.79,71857.44
Alloy,24455.260000000002,53687.55
MISC,19751.28,59880.08
ORTHO,13565.99,24138.0
DELIVERY,3388.0,14433.0
Ortho,3122.99,9862.75
Sales,1593.76,10365.2
