department,ytd_sales,ly_sales
C&B,910885.74,2362281.12
CHAIRSIDE SERVICES,428852.23,1139433.19
IMPLANTS,246168.89,627645.84
Removables,174419.59,535053.35
PARTIAL,110975.65000000001,263162.15
SPLINTS,96993.98,285925.84
Surgical Guides,30295.83,75697.45999999999
IMPLANT PT,28449.34,71857.44
Alloy,26842.38,53687.549999999996
MISC,21268.11,59880.08
ORTHO,13925.99,24138.0
Sales,5465.72,10365.2
DELIVERY,3617.0,14433.0
Ortho,3122.99,9300.75
