department,ytd_sales,ly_sales
C&B,887775.22,2362281.12
CHAIRSIDE SERVICES,418565.25,1139433.19
IMPLANTS,238839.06,627645.84
Removables,167168.96,535053.35
PARTIAL,107698.8,263162.15
SPLINTS,92395.66,285925.84
Surgical Guides,29785.850000000002,75697.45999999999
IMPLANT PT,27446.34,71857.44
Alloy,26481.13,53687.549999999996
MISC,20597.07,59880.08
ORTHO,13935.94,24138.0
DELIVERY,3513.0,14433.0
Ortho,3122.99,9300.75
Sales,1593.76,10365.2
