department,ytd_sales,ly_sales
C&B,836249.33,2362281.12
CHAIRSIDE SERVICES,395287.25,1139433.19
IMPLANTS,223579.44,627645.84
Removables,159236.61000000002,535053.35
PARTIAL,102481.0,263212.15
SPLINTS,86846.3,285925.84
Surgical Guides,28475.87,75697.45999999999
IMPLANT PT,24508.79,71857.44
Alloy,24195.61,53687.55
MISC,19520.61,59880.08
ORTHO,13565.99,24138.0
DELIVERY,3368.0,14433.0
Ortho,3122.99,9862.75
Sales,1593.76,10365.2
