department,ytd_sales,ly_sales
C&B,139279.13,435801.97
CHAIRSIDE SERVICES,42160.45,173253.45
IMPLANTS,36894.840000000004,109353.5
Removables,23985.09,91825.97
SPLINTS,21850.5,73618.17
PARTIAL,20837.190000000002,34962.590000000004
Surgical Guides,10244.17,25169.45
Alloy,5467.7,13591.199999999999
IMPLANT PT,3909.7,8600.93
MISC,3299.2799999999997,8237.71
DELIVERY,744.0,3282.0
ORTHO,120.0,300.0
