department,ytd_sales,ly_sales
C&B,896738.86,2362281.12
CHAIRSIDE SERVICES,419038.25,1139433.19
IMPLANTS,242104.01,627645.84
Removables,169149.54,535053.35
PARTIAL,108494.76000000001,263162.15
SPLINTS,95031.02,285925.84
Surgical Guides,30095.83,75697.45999999999
IMPLANT PT,27789.34,71857.44
Alloy,26481.13,53687.55
MISC,20806.77,59880.08
ORTHO,14175.94,24138.0
DELIVERY,3537.0,14433.0
Ortho,3122.99,9300.75
Sales,1593.76,10365.2
