product_type,ytd,ly,lm
Fixed-ZR,749342.36,1906666.44,174637.67
Chairside,416689.28,1133303.85,97339.91
Removables,256655.80000000002,736679.28,57870.55
Abutments & SR,243329.87,633513.12,50392.86
Fixed,140447.87,433348.45,33073.49
Appliance,120584.04,340945.26,26336.21
Resale,70385.96,180196.13,17724.38
Surgical Guides,32660.78,82679.8,6119.7300000000005
Misc,28543.23,88015.31,6714.349999999999
