quarter,cy_sales,ly_approx,target,remake_amount,remake_rate
Q1,1376099.32,1383836.9100000001,1480705.4937000002,83175.96,6.04
Q2,725664.11,1383836.9100000001,1480705.4937000002,36372.47,5.01
Q3,0.0,1383836.9100000001,1480705.4937000002,0.0,0.0
Q4,0.0,1383836.9100000001,1480705.4937000002,0.0,0.0
