quarter,cy_sales,ly_approx,target,remake_amount,remake_rate
Q1,223590.76,244614.435,261737.44545,21609.68,9.66
Q2,85201.29000000001,244614.435,261737.44545,4808.65,5.64
Q3,0.0,244614.435,261737.44545,0.0,0.0
Q4,0.0,244614.435,261737.44545,0.0,0.0
