quarter,cy_sales,ly_approx,target,remake_amount,remake_rate
Q1,1376099.3199999998,1383989.91,1480869.2037,83175.95999999999,6.04
Q2,546412.22,1383989.91,1480869.2037,30268.9,5.54
Q3,0.0,1383989.91,1480869.2037,0.0,0.0
Q4,0.0,1383989.91,1480869.2037,0.0,0.0
