quarter,cy_sales,ly_approx,target,remake_amount,remake_rate
Q1,1376099.3199999998,1383836.9100000001,1480705.4937000002,83175.95999999999,6.04
Q2,682539.87,1383836.9100000001,1480705.4937000002,34492.61,5.05
Q3,0.0,1383836.9100000001,1480705.4937000002,0.0,0.0
Q4,0.0,1383836.9100000001,1480705.4937000002,0.0,0.0
