quarter,cy_sales,ly_approx,target,remake_amount,remake_rate
Q1,74065.46999999999,76014.6725,81335.699575,5955.85,8.04
Q2,27466.5,76014.6725,81335.699575,2734.7200000000003,9.96
Q3,0.0,76014.6725,81335.699575,0.0,0.0
Q4,0.0,76014.6725,81335.699575,0.0,0.0
