quarter,cy_sales,ly_approx,target,remake_amount,remake_rate
Q1,1376099.3199999998,1383836.91,1480705.4937,83175.96,6.04
Q2,699165.1499999999,1383836.91,1480705.4937,35737.53,5.11
Q3,0.0,1383836.91,1480705.4937,0.0,0.0
Q4,0.0,1383836.91,1480705.4937,0.0,0.0
