quarter,cy_sales,ly_approx,target,remake_amount,remake_rate
Q1,1376099.3199999998,1383989.9100000001,1480869.2037000002,83175.95999999999,6.04
Q2,589751.0599999999,1383989.9100000001,1480869.2037000002,32309.300000000003,5.48
Q3,0.0,1383989.9100000001,1480869.2037000002,0.0,0.0
Q4,0.0,1383989.9100000001,1480869.2037000002,0.0,0.0
