account_id,ltd_sales,ytd_sales,ly_sales,mtd_sales,lm_sales,q1_sales,q2_sales,q3_sales,q4_sales,ytd_remake,ly_remake,mtd_remake,lm_remake,q1_remake,q2_remake,q3_remake,q4_remake,product_id,product_type,department,product_group,is_implant
ABDSAM,4302.57,4302.57,0.0,0.0,3689.79,0.0,612.78,3689.79,0.0,0.0,0.0,0.0,0.0,0.0,0.0,0.0,0.0,INFCONT,FDA INFECTION CONTROL,,,False
ABRORL,160.43,160.43,0.0,0.0,0.0,0.0,160.43,0.0,0.0,0.0,0.0,0.0,0.0,0.0,0.0,0.0,0.0,CRA,CRA,,,False
ABUSIM,21432.27,21432.27,0.0,0.0,819.3299999999999,12020.73,7736.3099999999995,1675.23,0.0,0.0,0.0,0.0,0.0,0.0,0.0,0.0,0.0,CRNCHAR,CHARACTERIZATION,,,False
ACIMIC,1066.4199999999998,1066.4199999999998,0.0,0.0,573.06,0.0,0.0,1066.4199999999998,0.0,0.0,0.0,0.0,0.0,0.0,0.0,0.0,0.0,ORTVFRET,VF RETAINER,,,False
ADAAMMDYE,1092.73,1092.73,0.0,0.0,200.0,276.78999999999996,215.94,600.0,0.0,0.0,0.0,0.0,0.0,0.0,0.0,0.0,0.0,SGSTNTBSKY,CO-DIAGNOSTIX SURGICAL GUIDE,,,False
ADAWID,3887.48,3887.48,0.0,0.0,0.0,3463.95,423.53,0.0,0.0,0.0,0.0,0.0,0.0,0.0,0.0,0.0,0.0,CRNZIRCBR,ZIRC BRIDGE CARVE G/S 2-5,,,False
AGRKAR,1814.69,1814.69,0.0,0.0,6.99,485.94,112.52,1216.23,0.0,0.0,0.0,0.0,0.0,0.0,0.0,0.0,0.0,DEN2RESET,2ND RESET AND WAX,,,False
AHMAHMTP,1200.0,1200.0,0.0,0.0,0.0,1200.0,0.0,0.0,0.0,0.0,0.0,0.0,0.0,0.0,0.0,0.0,0.0,CSSCONSULT,IN OFFICE CONVERSION,,,False
AHMSAN,23078.42,23078.42,0.0,0.0,1060.68,10254.6,10284.8,2539.02,0.0,0.0,0.0,0.0,0.0,0.0,0.0,0.0,0.0,CRNBRUX,BRUXZIR,,,False
AKADAN,5592.32,5592.32,0.0,0.0,1565.41,465.82,1522.84,3603.66,0.0,0.0,0.0,0.0,0.0,0.0,0.0,0.0,0.0,CRNCHAR,CHARACTERIZATION,,,False
ALBLAU,338.93,338.93,0.0,0.0,0.0,159.99,178.94,0.0,0.0,0.0,0.0,0.0,0.0,0.0,0.0,0.0,0.0,DIGMODCADREM,DIGITAL PRINTED MODEL REMOVABLE (PER ARCH),,,False
ALBMONWA,119.50999999999999,119.50999999999999,0.0,0.0,0.0,0.0,119.50999999999999,0.0,0.0,0.0,0.0,0.0,0.0,0.0,0.0,0.0,0.0,INFCONT,FDA INFECTION CONTROL,,,False
ALHRENCH,179.98,179.98,0.0,0.0,0.0,179.98,0.0,0.0,0.0,0.0,0.0,0.0,0.0,0.0,0.0,0.0,0.0,DIGBRUXCRN,DIGITAL BRUXZIR,,,False
ALIAMJ,2957.92,2957.92,0.0,0.0,476.87,0.0,1110.75,1847.1699999999998,0.0,45.52,0.0,0.0,0.0,0.0,45.52,0.0,0.0,DIGBRUXCRN,DIGITAL BRUXZIR,,,False
ALIFAT,4417.89,4417.89,0.0,0.0,239.01999999999998,2802.98,792.81,822.1,0.0,0.0,0.0,0.0,0.0,0.0,0.0,0.0,0.0,CRNBRUX,BRUXZIR,,,False
ALLFAH,1129.1399999999999,1129.1399999999999,0.0,0.0,0.0,0.0,1129.1399999999999,0.0,0.0,0.0,0.0,0.0,0.0,0.0,0.0,0.0,0.0,DELIVERY,Shipping Cost,,,False
ALSDIN,4839.34,4839.34,0.0,0.0,1720.81,0.0,1622.4099999999999,3216.93,0.0,0.0,0.0,0.0,0.0,0.0,0.0,0.0,0.0,PARTIALUNI,UNILATERAL FLEXI PARTIAL,,,False
ALSEMA,48066.82,48066.82,37118.0,722.1,5237.78,16872.26,14789.43,15683.03,722.1,92.06,1113.49,0.0,0.0,0.0,92.06,0.0,0.0,DIGBRUXCRN,DIGITAL BRUXZIR,,,False
AMMADABOU,200.0,200.0,0.0,0.0,0.0,0.0,200.0,0.0,0.0,0.0,0.0,0.0,0.0,0.0,0.0,0.0,0.0,SGSTNTBSKY,CO-DIAGNOSTIX SURGICAL GUIDE,,,False
ANAANI,7691.780000000001,7691.780000000001,0.0,0.0,2687.0,1149.0,0.0,6542.780000000001,0.0,0.0,0.0,0.0,0.0,0.0,0.0,0.0,0.0,DENBB,ACRYLIC BASE&BITE RIM,,,False
ANDBRE,4612.5,4612.5,0.0,0.0,0.0,0.0,4612.5,0.0,0.0,0.0,0.0,0.0,0.0,0.0,0.0,0.0,0.0,PHOTOZRBASE,PHOTOGRAMMETRY/DIGITAL FINAL ZR W/TI BASE,,,False
ANDLER,139.0,139.0,0.0,0.0,0.0,139.0,0.0,0.0,0.0,0.0,0.0,0.0,0.0,0.0,0.0,0.0,0.0,DIGMODCADREM,DIGITAL PRINTED MODEL REMOVABLE (PER ARCH),,,False
ANDMAR,40041.38,40041.38,0.0,0.0,4570.71,10023.210000000001,13690.26,16327.91,0.0,0.0,0.0,0.0,0.0,0.0,0.0,0.0,0.0,DIGBRUXCRN,DIGITAL BRUXZIR,,,False
ANKSHA,6893.78,6893.78,0.0,0.0,0.0,1002.32,5196.06,695.4,0.0,0.0,0.0,0.0,0.0,0.0,0.0,0.0,0.0,DIGBRUXCRN,DIGITAL BRUXZIR,,,False
ARANAD,7113.389999999999,7113.389999999999,0.0,0.0,733.39,2576.75,2048.25,2488.39,0.0,0.0,0.0,0.0,0.0,0.0,0.0,0.0,0.0,DIGBRUXCRN,DIGITAL BRUXZIR,,,False
ARBFRA,710.0699999999999,710.0699999999999,0.0,0.0,478.03999999999996,0.0,0.0,710.0699999999999,0.0,0.0,0.0,0.0,0.0,0.0,0.0,0.0,0.0,CRNBRUX,BRUXZIR,,,False
ARNIVAMP,5275.5599999999995,5275.5599999999995,0.0,0.0,2752.7,719.11,836.5699999999999,3719.88,0.0,0.0,0.0,0.0,0.0,0.0,0.0,0.0,0.0,SCREWRETCRN,SCREW RETAINED CROWN TI-BASE,,,False
ARONIN,2305.06,2305.06,0.0,0.0,0.0,1089.54,1112.04,103.47999999999999,0.0,50.120000000000005,0.0,0.0,0.0,50.120000000000005,0.0,0.0,0.0,DIGMODCADREM,DIGITAL PRINTED MODEL REMOVABLE (PER ARCH),,,False
ARONINROM,3554.44,3554.44,0.0,0.0,0.0,1890.72,1663.72,0.0,0.0,0.0,0.0,0.0,0.0,0.0,0.0,0.0,0.0,CRAHSC,COMFORT H/S BITE SPLINT,,,False
ARRLIN,6536.72,6536.72,0.0,0.0,0.0,4160.48,1218.81,1157.4299999999998,0.0,47.29,0.0,0.0,0.0,47.29,0.0,0.0,0.0,CRNDRCALLF,Call Doctor with Die Trim- C&B,,,False
ATAAMED,1096.4,1096.4,0.0,0.0,0.0,0.0,1096.4,0.0,0.0,0.0,0.0,0.0,0.0,0.0,0.0,0.0,0.0,DIGANALOG,ANALOG DIGITAL IMPRESSION,,,False
ATAJAD,2712.88,2712.88,0.0,79.79,478.74,0.0,0.0,2633.09,79.79,0.0,0.0,0.0,0.0,0.0,0.0,0.0,0.0,DIGEZZCRN,DIGITAL ARTISTIC EZ,,,False
ATHJOH,129383.12,129383.12,0.0,0.0,23834.64,46381.69,38696.2,44305.23,0.0,0.0,0.0,0.0,0.0,0.0,0.0,0.0,0.0,DENAO4ZPT,ALL ON 4 ZIRC DENTURE PROTOTYPE,,,False
AUGMAG,219.55,219.55,0.0,0.0,0.0,0.0,0.0,219.55,0.0,0.0,0.0,0.0,0.0,0.0,0.0,0.0,0.0,CRNCS,CUSTOM SHADING,,,False
AUSMIC,18702.04,18702.04,0.0,0.0,0.0,5638.900000000001,11786.490000000002,1276.65,0.0,0.0,0.0,0.0,0.0,0.0,0.0,0.0,0.0,CRNEZZ,ARTISTIC EZ,,,False
BACKAT,2982.48,2982.48,0.0,0.0,251.6,1540.3200000000002,694.32,747.8399999999999,0.0,0.0,0.0,0.0,0.0,0.0,0.0,0.0,0.0,MODSTOREM,STONE MODEL REMOVABLE(PER ARCH),,,False
BACKATBPO,1955.4299999999998,1955.4299999999998,0.0,0.0,0.0,0.0,1955.4299999999998,0.0,0.0,0.0,0.0,0.0,0.0,0.0,0.0,0.0,0.0,ORTSMILE3,SMILE SHAPERS - LEVEL 3,,,False
BACOLG,893.98,893.98,0.0,0.0,0.0,893.98,0.0,0.0,0.0,0.0,0.0,0.0,0.0,0.0,0.0,0.0,0.0,DIGEZZCRN,DIGITAL ARTISTIC EZ,,,False
BADATT,80.82,80.82,0.0,0.0,80.82,0.0,0.0,80.82,0.0,0.0,0.0,0.0,0.0,0.0,0.0,0.0,0.0,DIGBRUXCRN,DIGITAL BRUXZIR,,,False
BAHMAN,262.47,262.47,0.0,0.0,0.0,0.0,262.47,0.0,0.0,0.0,0.0,0.0,0.0,0.0,0.0,0.0,0.0,DTMONDA1,HERAEUS MONDIAL ANTERIOR 1 TOOTH,,,False
BAICHA,8350.02,8350.02,0.0,0.0,819.25,2770.79,3068.35,2510.88,0.0,0.0,0.0,0.0,0.0,0.0,0.0,0.0,0.0,DIGMODCADREM,DIGITAL PRINTED MODEL REMOVABLE (PER ARCH),,,False
BAKRUS,637.83,637.83,0.0,0.0,0.0,0.0,637.83,0.0,0.0,0.0,0.0,0.0,0.0,0.0,0.0,0.0,0.0,DENREPSMSD,SAME DAY SIMPLE REPAIR,,,False
BALJOS,19138.33,19138.33,0.0,0.0,1069.49,6997.139999999999,5138.59,7002.6,0.0,0.0,0.0,0.0,0.0,0.0,0.0,0.0,0.0,DIGBRUXCRN,DIGITAL BRUXZIR,,,False
BANARI,104.72,104.72,0.0,0.0,0.0,0.0,104.72,0.0,0.0,0.0,0.0,0.0,0.0,0.0,0.0,0.0,0.0,INFCONT,FDA INFECTION CONTROL,,,False
BANDRE,6332.28,6332.28,0.0,0.0,3866.52,0.0,0.0,6332.28,0.0,0.0,0.0,0.0,0.0,0.0,0.0,0.0,0.0,DENDRCALLR,Call Doctor - Removable,,,False
BANROH,1409.22,1409.22,0.0,0.0,0.0,290.73,518.49,600.0,0.0,0.0,0.0,0.0,0.0,0.0,0.0,0.0,0.0,CSSCONSULT,IN OFFICE CONVERSION,,,False
BAPBEN,11483.189999999999,11483.189999999999,0.0,0.0,969.8199999999999,4169.49,2817.0299999999997,4496.67,0.0,0.0,0.0,0.0,0.0,0.0,0.0,0.0,0.0,DIGBRUXCRN,DIGITAL BRUXZIR,,,False
BAPBENNR,16210.77,16210.77,0.0,0.0,1815.73,4763.32,3124.76,8322.69,0.0,0.0,0.0,0.0,0.0,0.0,0.0,0.0,0.0,DIGBRUXCRN,DIGITAL BRUXZIR,,,False
BAPBRI,283.38,283.38,0.0,0.0,0.0,163.87,119.50999999999999,0.0,0.0,0.0,0.0,0.0,0.0,0.0,0.0,0.0,0.0,INFCONT,FDA INFECTION CONTROL,,,False
BAPJOELAG,1571.0,1571.0,0.0,0.0,0.0,0.0,0.0,1571.0,0.0,0.0,0.0,0.0,0.0,0.0,0.0,0.0,0.0,SMARTPARTS,SMART CONVERSION PARTS,,,False
BAPJOS,1271.82,1271.82,0.0,0.0,0.0,847.88,423.94,0.0,0.0,0.0,0.0,0.0,0.0,0.0,0.0,0.0,0.0,SMARTPARTS,SMART CONVERSION PARTS,,,False
BARALL,334.11,334.11,0.0,0.0,0.0,0.0,334.11,0.0,0.0,0.0,0.0,0.0,0.0,0.0,0.0,0.0,0.0,DIGDENECO,DIGITAL FULL DENTURE ECONOMY,,,False
BARKEVCW,4254.74,4254.74,0.0,0.0,0.0,0.0,2165.98,2088.7599999999998,0.0,0.0,0.0,0.0,0.0,0.0,0.0,0.0,0.0,CSSCONSULT,IN OFFICE CONVERSION,,,False
BARMARRA,6126.67,6126.67,0.0,0.0,1547.0100000000002,565.99,0.0,5560.68,0.0,0.0,0.0,0.0,0.0,0.0,0.0,0.0,0.0,DELIVERY,Shipping Cost,,,False
BEAJOH,3491.93,3491.93,0.0,0.0,0.0,0.0,3073.03,418.9,0.0,0.0,0.0,0.0,0.0,0.0,0.0,0.0,0.0,INFCONT,FDA INFECTION CONTROL,,,False
BEAJOHJI,1067.4099999999999,1067.4099999999999,0.0,0.0,534.21,0.0,0.0,1067.4099999999999,0.0,0.0,0.0,0.0,0.0,0.0,0.0,0.0,0.0,INFCONT,FDA INFECTION CONTROL,,,False
BEBALL,1427.02,1427.02,0.0,0.0,0.0,1427.02,0.0,0.0,0.0,0.0,0.0,0.0,0.0,0.0,0.0,0.0,0.0,DENTHREM5+,STONE TOOTH REMOVAL,,,False
BECDEN,2059.71,2059.71,0.0,0.0,0.0,1327.34,679.2700000000001,53.1,0.0,0.0,0.0,0.0,0.0,0.0,0.0,0.0,0.0,DIGEMAXVEN,DIGITAL EMAX VENEER,,,False
BECJAM,415.24,415.24,0.0,0.0,0.0,415.24,0.0,0.0,0.0,0.0,0.0,0.0,0.0,0.0,0.0,0.0,0.0,DENREPCOM,COMPLEX REPAIR,,,False
BECKUNHE,549.64,549.64,0.0,0.0,239.01999999999998,0.0,0.0,549.64,0.0,0.0,0.0,0.0,0.0,0.0,0.0,0.0,0.0,INFCONT,FDA INFECTION CONTROL,,,False
BENKAT,4924.87,4924.87,0.0,0.0,0.0,0.0,4722.35,202.51999999999998,0.0,0.0,0.0,0.0,0.0,0.0,0.0,0.0,0.0,DENREPCOM,COMPLEX REPAIR,,,False
BERDANCP,3618.87,3618.87,0.0,0.0,119.50999999999999,949.99,1470.82,1198.06,0.0,0.0,0.0,0.0,0.0,0.0,0.0,0.0,0.0,CRNBRUX,BRUXZIR,,,False
BERDANLAP,17206.54,17206.54,0.0,0.0,910.98,8367.96,6136.2699999999995,2702.31,0.0,112.52,0.0,0.0,0.0,0.0,112.52,0.0,0.0,DELIVERY,Shipping Cost,,,False
BERDERCP,13543.47,13543.47,0.0,0.0,948.6099999999999,5899.49,5128.76,2515.22,0.0,0.0,0.0,0.0,0.0,0.0,0.0,0.0,0.0,CRNBRUX,BRUXZIR,,,False
BEZPAT,2232.54,2232.54,0.0,0.0,1319.3899999999999,289.98,397.94,1544.62,0.0,0.0,0.0,0.0,0.0,0.0,0.0,0.0,0.0,DIGEMAXL,DIGITAL EMAX LAYERED,,,False
BICBRASO,516.8,516.8,0.0,0.0,0.0,207.0,70.59,239.21,0.0,0.0,0.0,0.0,0.0,0.0,0.0,0.0,0.0,CRNBRUX,BRUXZIR,,,False
BICEVAEV,279.09000000000003,279.09000000000003,0.0,0.0,0.0,279.09000000000003,0.0,0.0,0.0,0.0,0.0,0.0,0.0,0.0,0.0,0.0,0.0,DIGFLIP1-5,DIGITAL FLIPPER 1-5 TEETH,,,False
BLEBRY,0.0,0.0,0.0,0.0,0.0,0.0,0.0,0.0,0.0,0.0,0.0,0.0,0.0,0.0,0.0,0.0,0.0,RETURN,RETURN,,,False
BORDEM,728.18,728.18,0.0,0.0,0.0,315.41,159.42000000000002,253.35,0.0,0.0,0.0,0.0,0.0,0.0,0.0,0.0,0.0,INFCONT,FDA INFECTION CONTROL,,,False
BORKAT,0.0,0.0,0.0,0.0,0.0,0.0,0.0,0.0,0.0,0.0,0.0,0.0,0.0,0.0,0.0,0.0,0.0,DENAO4ZIRC,ALL ON 4 ZIRC DENTURE FINISH W/ H/S COMFORT GUARD,,,False
BOTCOU,1161.63,1161.63,0.0,0.0,1161.63,0.0,0.0,1161.63,0.0,0.0,0.0,0.0,0.0,0.0,0.0,0.0,0.0,CSSCONSULT,IN OFFICE CONVERSION,,,False
BOYCAR,185.32,185.32,0.0,0.0,0.0,0.0,0.0,185.32,0.0,0.0,0.0,0.0,0.0,0.0,0.0,0.0,0.0,CRA,CRA,,,False
BOYMIC,34992.33,34992.33,0.0,79.79,6127.38,8664.43,11513.59,14734.52,79.79,0.0,0.0,0.0,0.0,0.0,0.0,0.0,0.0,DIGBRUXCRN,DIGITAL BRUXZIR,,,False
BRADAN,957.19,957.19,0.0,0.0,321.37,483.0,152.82,321.37,0.0,0.0,0.0,0.0,0.0,0.0,0.0,0.0,0.0,PARTIAL,PARTIAL FRAMEWORK,,,False
BREBRI,836.84,836.84,0.0,0.0,175.31,346.72,0.0,490.12,0.0,0.0,0.0,0.0,0.0,0.0,0.0,0.0,0.0,CRA,CRA,,,False
BREKEV,1661.25,1661.25,0.0,641.37,662.94,0.0,0.0,1019.88,641.37,0.0,0.0,0.0,0.0,0.0,0.0,0.0,0.0,PARTIALDUR,FLEXI PARTIAL W/ PINK CLASPS,,,False
BREKEVEL,9224.46,9224.46,0.0,195.52999999999997,358.04,3669.49,3299.12,2060.32,195.52999999999997,0.0,0.0,0.0,0.0,0.0,0.0,0.0,0.0,INFCONT,FDA INFECTION CONTROL,,,False
BRELEO,1234.08,1234.08,0.0,0.0,159.82,729.74,0.0,504.34,0.0,0.0,0.0,0.0,0.0,0.0,0.0,0.0,0.0,DELIVERY,Shipping Cost,,,False
BRERIC,9009.65,9009.65,0.0,0.0,889.6099999999999,2653.9,3470.05,2885.7,0.0,0.0,0.0,0.0,0.0,0.0,0.0,0.0,0.0,DIGMODCADFIX,DIGITAL PRINTED MODEL FIXED (PER ARCH),,,False
BREWIL,1345.04,1345.04,0.0,0.0,0.0,317.85,706.3299999999999,320.86,0.0,0.0,0.0,0.0,0.0,0.0,0.0,0.0,0.0,INFCONT,FDA INFECTION CONTROL,,,False
BRODANFL,665.31,665.31,0.0,0.0,0.0,665.31,0.0,0.0,0.0,0.0,0.0,0.0,0.0,0.0,0.0,0.0,0.0,ART-EVQC-CLDD,Artistic Call Date Verification,,,False
BROLOGSY,3147.2200000000003,3147.2200000000003,0.0,70.59,1281.23,0.0,0.0,3076.63,70.59,0.0,0.0,0.0,0.0,0.0,0.0,0.0,0.0,DIGBRUXCRN,DIGITAL BRUXZIR,,,False
BROSEADO,718.95,718.95,0.0,0.0,0.0,718.95,0.0,0.0,0.0,0.0,0.0,0.0,0.0,0.0,0.0,0.0,0.0,DIGEMAXVEN,DIGITAL EMAX VENEER,,,False
BRZDANI,6749.07,6749.07,0.0,230.33,430.11,80.74,3441.86,2996.14,230.33,0.0,0.0,0.0,0.0,0.0,0.0,0.0,0.0,DIGFLIP1-5,DIGITAL FLIPPER 1-5 TEETH,,,False
CAICAR,2043.77,2043.77,0.0,0.0,119.50999999999999,955.4200000000001,517.08,571.27,0.0,56.25,0.0,0.0,0.0,0.0,56.25,0.0,0.0,CRNBRUX,BRUXZIR,,,False
CALCHA,1987.02,1987.02,0.0,0.0,0.0,1987.02,0.0,0.0,0.0,0.0,0.0,0.0,0.0,0.0,0.0,0.0,0.0,INFCONT,FDA INFECTION CONTROL,,,False
CALELA,1577.17,1577.17,0.0,0.0,378.84000000000003,0.0,385.84000000000003,1191.3300000000002,0.0,0.0,0.0,0.0,0.0,0.0,0.0,0.0,0.0,DENRELINEH,HEATCURE RELINE,,,False
CALSAM,3489.1,3489.1,0.0,0.0,0.0,170.09,1336.8000000000002,1982.21,0.0,0.0,0.0,0.0,0.0,0.0,0.0,0.0,0.0,DENPROCNM,PROCESS NAME,,,False
CAMCRI,615.66,615.66,0.0,0.0,0.0,0.0,0.0,615.66,0.0,0.0,0.0,0.0,0.0,0.0,0.0,0.0,0.0,INFCONT,FDA INFECTION CONTROL,,,False
CANFRA,338.62,338.62,0.0,0.0,338.62,0.0,0.0,338.62,0.0,0.0,0.0,0.0,0.0,0.0,0.0,0.0,0.0,NOBLE,NOBLE/WHITE,,,False
CANJOH,240.73000000000002,240.73000000000002,0.0,0.0,0.0,0.0,240.73000000000002,0.0,0.0,0.0,0.0,0.0,0.0,0.0,0.0,0.0,0.0,RETURN,RETURN,,,False
CAPSCO,163.85,163.85,0.0,0.0,0.0,0.0,163.85,0.0,0.0,0.0,0.0,0.0,0.0,0.0,0.0,0.0,0.0,DIGCRAHARD,DIGITAL CRA HARD,,,False
CARCYN,745.71,745.71,0.0,0.0,0.0,0.0,184.12,561.59,0.0,0.0,0.0,0.0,0.0,0.0,0.0,0.0,0.0,DIGBRUXCRN,DIGITAL BRUXZIR,,,False
CARMATFL,2033.49,2033.49,0.0,0.0,2033.49,0.0,0.0,2033.49,0.0,0.0,0.0,0.0,0.0,0.0,0.0,0.0,0.0,DIGLAYCRN,DIGITAL LAYERED ZIRC,,,False
CASLEN,23985.11,23985.11,0.0,0.0,3109.15,4787.21,7824.42,11373.48,0.0,0.0,0.0,0.0,0.0,0.0,0.0,0.0,0.0,DIGEZZCRN,DIGITAL ARTISTIC EZ,,,False
CASSUS,874.53,874.53,0.0,0.0,0.0,0.0,614.28,260.25,0.0,0.0,0.0,0.0,0.0,0.0,0.0,0.0,0.0,DENCLASP,CLASP METAL,,,False
CERGAI,4367.43,4367.43,0.0,0.0,0.0,852.67,449.0,3065.76,0.0,0.0,0.0,0.0,0.0,0.0,0.0,0.0,0.0,DENAO4ZIRC,ALL ON 4 ZIRC DENTURE FINISH W/ H/S COMFORT GUARD,,,False
CHANHWA,30017.55,30017.55,2429.91,0.0,5393.64,9581.97,8648.85,11786.73,0.0,150.8,269.99,0.0,0.0,0.0,0.0,150.8,0.0,CRNBRUX,BRUXZIR,,,False
CHAROB,7237.72,7237.72,0.0,0.0,332.26,1237.57,4308.39,1691.76,0.0,0.0,0.0,0.0,0.0,0.0,0.0,0.0,0.0,CRNEZZ,ARTISTIC EZ,,,False
CHAROBBR,365.03000000000003,365.03000000000003,0.0,0.0,365.03000000000003,0.0,0.0,365.03000000000003,0.0,0.0,0.0,0.0,0.0,0.0,0.0,0.0,0.0,INFCONT,FDA INFECTION CONTROL,,,False
CHEBARSKO,561.0,561.0,0.0,0.0,0.0,0.0,561.0,0.0,0.0,0.0,0.0,0.0,0.0,0.0,0.0,0.0,0.0,SMARTPARTS,SMART CONVERSION PARTS,,,False
CHEJAS,382.71999999999997,382.71999999999997,0.0,0.0,0.0,78.58999999999999,304.13,0.0,0.0,0.0,0.0,0.0,0.0,0.0,0.0,0.0,0.0,INFCONT,FDA INFECTION CONTROL,,,False
CHEPET,655.55,655.55,0.0,0.0,0.0,0.0,231.61,423.94,0.0,0.0,0.0,0.0,0.0,0.0,0.0,0.0,0.0,SMARTPARTS,SMART CONVERSION PARTS,,,False
CHINIC,7109.57,7109.57,0.0,0.0,1351.28,1965.1499999999999,2874.15,2270.27,0.0,0.0,0.0,0.0,0.0,0.0,0.0,0.0,0.0,CRNBRUX,BRUXZIR,,,False
CHUMAN,19730.149999999998,19730.149999999998,0.0,84.91,2161.5099999999998,6453.22,7409.24,5782.78,84.91,91.05,0.0,0.0,0.0,0.0,91.05,0.0,0.0,CRNBRUX,BRUXZIR,,,False
CHUMANRV,9686.38,9686.38,0.0,84.91,907.39,1391.07,3110.67,5099.73,84.91,0.0,0.0,0.0,0.0,0.0,0.0,0.0,0.0,CRNBRUX,BRUXZIR,,,False
CIEDAVWO,213.0,213.0,0.0,0.0,0.0,0.0,213.0,0.0,0.0,0.0,0.0,0.0,0.0,0.0,0.0,0.0,0.0,DTARTICA1,HERAEUS ARTIC ANTERIOR 1 TOOTH,,,False
CLELESMOK,82.49,82.49,0.0,0.0,82.49,0.0,0.0,82.49,0.0,0.0,0.0,0.0,0.0,0.0,0.0,0.0,0.0,DENCTIMP,CUSTOM TRAY - IMPLANT,,,False
COHADA,707.47,707.47,0.0,0.0,0.0,623.0,84.47,0.0,0.0,0.0,0.0,0.0,0.0,0.0,0.0,0.0,0.0,CRAHSC,COMFORT H/S BITE SPLINT,,,False
COLBER,747.5,747.5,0.0,0.0,0.0,747.5,0.0,0.0,0.0,747.5,0.0,0.0,0.0,747.5,0.0,0.0,0.0,DENAO4ZIRC,ALL ON 4 ZIRC DENTURE FINISH W/ H/S COMFORT GUARD,,,False
COLMIC,702.76,702.76,0.0,0.0,252.49,0.0,0.0,702.76,0.0,0.0,0.0,0.0,0.0,0.0,0.0,0.0,0.0,INFCONT,FDA INFECTION CONTROL,,,False
COLVIN,3716.11,3716.11,0.0,0.0,0.0,975.85,1096.39,1643.87,0.0,0.0,0.0,0.0,0.0,0.0,0.0,0.0,0.0,DIGMODCADREM,DIGITAL PRINTED MODEL REMOVABLE (PER ARCH),,,False
CONJON,211.76,211.76,0.0,0.0,0.0,0.0,211.76,0.0,0.0,0.0,0.0,0.0,0.0,0.0,0.0,0.0,0.0,DIGBRUXCRN,DIGITAL BRUXZIR,,,False
CONJONMO,14761.22,14761.22,0.0,0.0,0.0,5535.64,8802.039999999999,423.54,0.0,0.0,0.0,0.0,0.0,0.0,0.0,0.0,0.0,DIGBRUXCRN,DIGITAL BRUXZIR,,,False
COOJAN,6504.2,6504.2,0.0,0.0,543.0799999999999,2165.91,1643.64,2694.6499999999996,0.0,0.0,0.0,0.0,0.0,0.0,0.0,0.0,0.0,DIGBRUXCRN,DIGITAL BRUXZIR,,,False
COPMAR,3459.6899999999996,3459.6899999999996,0.0,0.0,310.44,1183.13,1241.76,1034.8,0.0,0.0,0.0,0.0,0.0,0.0,0.0,0.0,0.0,DIGMODCADREM,DIGITAL PRINTED MODEL REMOVABLE (PER ARCH),,,False
CORABI,11070.960000000001,11070.960000000001,0.0,159.76,5578.22,0.0,1916.19,8995.01,159.76,0.0,0.0,0.0,0.0,0.0,0.0,0.0,0.0,DIGCRAHARD,DIGITAL CRA HARD,,,False
CORJER,21620.54,21620.54,0.0,0.0,483.87,9098.8,7563.07,4958.67,0.0,55.83,0.0,0.0,0.0,0.0,0.0,55.83,0.0,SMTCRN,SCREWMENTABLE TI ABUTMENT,,,False
CORKAT,13410.22,13410.22,0.0,70.59,1329.85,4107.86,4215.67,5016.099999999999,70.59,497.66999999999996,0.0,0.0,497.66999999999996,0.0,0.0,497.66999999999996,0.0,DIGMODCADFIX,DIGITAL PRINTED MODEL FIXED (PER ARCH),,,False
COVJAMI,426.66,426.66,0.0,0.0,0.0,0.0,426.66,0.0,0.0,0.0,0.0,0.0,0.0,0.0,0.0,0.0,0.0,DENREPCOM,COMPLEX REPAIR,,,False
CRAKATCH,91.05,91.05,0.0,0.0,0.0,0.0,91.05,0.0,0.0,0.0,0.0,0.0,0.0,0.0,0.0,0.0,0.0,DIGBRUXCRN,DIGITAL BRUXZIR,,,False
CREJASTP,10188.49,10188.49,0.0,0.0,329.81,5376.39,3656.65,1155.45,0.0,0.0,0.0,0.0,0.0,0.0,0.0,0.0,0.0,MODSTOREM,STONE MODEL REMOVABLE(PER ARCH),,,False
CRUVLACH,6065.93,6065.93,0.0,0.0,4814.74,0.0,0.0,6065.93,0.0,0.0,0.0,0.0,0.0,0.0,0.0,0.0,0.0,PARTLESS PROTOYPE,PARTLESS PROTOTYPE,,,False
CUARACMOK,32663.05,32663.05,0.0,0.0,2737.77,13384.08,10984.81,8294.16,0.0,0.0,0.0,0.0,0.0,0.0,0.0,0.0,0.0,ZIMSMT,ZIMMER GENUINE SCREWMENTABLE TI ABUTMENT,,,False
CULSEA,5941.54,5941.54,0.0,0.0,1866.58,441.06,2688.1,2812.38,0.0,0.0,0.0,0.0,0.0,0.0,0.0,0.0,0.0,DENFULESET,FULL DENTURE SET UP ECONOMY TEETH,,,False
CZAAUS,16343.8,16343.8,0.0,0.0,2209.44,2516.26,7005.87,6821.67,0.0,0.0,0.0,0.0,0.0,0.0,0.0,0.0,0.0,DIGBRUXCRN,DIGITAL BRUXZIR,,,False
CZEBOHL,439.99,439.99,0.0,0.0,0.0,439.99,0.0,0.0,0.0,0.0,0.0,0.0,0.0,0.0,0.0,0.0,0.0,DENPROCNM,PROCESS NAME,,,False
DABHAZMAN,3219.0899999999997,3219.0899999999997,0.0,0.0,191.01999999999998,1006.29,1297.4199999999998,915.3799999999999,0.0,0.0,0.0,0.0,0.0,0.0,0.0,0.0,0.0,DIGMODCADREM,DIGITAL PRINTED MODEL REMOVABLE (PER ARCH),,,False
DABJOS,477.99,477.99,344.0,0.0,0.0,477.99,0.0,0.0,0.0,0.0,0.0,0.0,0.0,0.0,0.0,0.0,0.0,TIABUT,TITAINIUM ABUTMENT,,,False
DABTOU,178.67,178.67,0.0,0.0,0.0,178.67,0.0,0.0,0.0,0.0,0.0,0.0,0.0,0.0,0.0,0.0,0.0,INFCONT,FDA INFECTION CONTROL,,,False
DALKATCH,1306.61,1306.61,0.0,0.0,603.8299999999999,0.0,0.0,1306.61,0.0,0.0,0.0,0.0,0.0,0.0,0.0,0.0,0.0,REMADJ,REMOVABLE ADJUSTMENT,,,False
DANBRI,5034.14,5034.14,0.0,0.0,1536.38,0.0,3497.76,1536.38,0.0,0.0,0.0,0.0,0.0,0.0,0.0,0.0,0.0,DENAO4ZIRC,ALL ON 4 ZIRC DENTURE FINISH W/ H/S COMFORT GUARD,,,False
DARDAVSB,15793.18,15793.18,0.0,0.0,0.0,1917.18,10316.41,3559.59,0.0,39.9,0.0,0.0,0.0,0.0,39.9,0.0,0.0,CRNBRUX,BRUXZIR,,,False
DARDAVSB2,10901.84,10901.84,0.0,90.42,3606.4,0.0,0.0,10811.42,90.42,0.0,0.0,0.0,0.0,0.0,0.0,0.0,0.0,DIGEZZCRN,DIGITAL ARTISTIC EZ,,,False
DARMUA,1209.01,1209.01,0.0,0.0,1209.01,0.0,0.0,1209.01,0.0,0.0,0.0,0.0,0.0,0.0,0.0,0.0,0.0,CRNBRUX,BRUXZIR,,,False
DARNAT,7039.969999999999,7039.969999999999,0.0,0.0,10.63,0.0,7029.34,10.63,0.0,0.0,0.0,0.0,0.0,0.0,0.0,0.0,0.0,DENEVALREM,Eval Removable case,,,False
DEFDAV,9090.8,9090.8,0.0,0.0,0.0,9090.8,0.0,0.0,0.0,0.0,0.0,0.0,0.0,0.0,0.0,0.0,0.0,INFCONT,FDA INFECTION CONTROL,,,False
DELDAV,3903.8,3903.8,0.0,206.15,206.15,1747.6200000000001,729.0500000000001,1220.98,206.15,0.0,0.0,0.0,0.0,0.0,0.0,0.0,0.0,CRADUAL,DUAL CRA,,,False
DELDEA,800.54,800.54,0.0,0.0,0.0,32.44,437.65,330.45,0.0,0.0,0.0,0.0,0.0,0.0,0.0,0.0,0.0,DENRELINEH,HEATCURE RELINE,,,False
DEMMAT,3642.06,3642.06,0.0,0.0,0.0,2000.5,1641.56,0.0,0.0,0.0,0.0,0.0,0.0,0.0,0.0,0.0,0.0,DENREPCOM,COMPLEX REPAIR,,,False
DEWGLEWR,875.4200000000001,875.4200000000001,0.0,0.0,106.23,0.0,716.08,159.34,0.0,0.0,0.0,0.0,0.0,0.0,0.0,0.0,0.0,IMPSCREW,IMPLANT SCREW,,,False
DIALIN,483.47,483.47,0.0,0.0,210.89,0.0,272.58000000000004,210.89,0.0,0.0,0.0,0.0,0.0,0.0,0.0,0.0,0.0,DIGMODCADREM,DIGITAL PRINTED MODEL REMOVABLE (PER ARCH),,,False
DIBARMROS,5476.51,5476.51,0.0,0.0,0.0,1113.98,4362.530000000001,0.0,0.0,0.0,0.0,0.0,0.0,0.0,0.0,0.0,0.0,PHOTOZRBASE,PHOTOGRAMMETRY/DIGITAL FINAL ZR W/TI BASE,,,False
DICANT,337.58000000000004,337.58000000000004,0.0,0.0,0.0,337.58000000000004,0.0,0.0,0.0,0.0,0.0,0.0,0.0,0.0,0.0,0.0,0.0,DENREPCOM,COMPLEX REPAIR,,,False
DIHBAO,271.09000000000003,271.09000000000003,0.0,0.0,0.0,89.0,182.09,0.0,0.0,0.0,0.0,0.0,0.0,0.0,0.0,0.0,0.0,DIGBRUXCRN,DIGITAL BRUXZIR,,,False
DJOSTELP,419.31,419.31,0.0,0.0,0.0,0.0,419.31,0.0,0.0,0.0,0.0,0.0,0.0,0.0,0.0,0.0,0.0,DIGANALOG,ANALOG DIGITAL IMPRESSION,,,False
DOMSIR,261.74,261.74,0.0,0.0,0.0,261.74,0.0,0.0,0.0,0.0,0.0,0.0,0.0,0.0,0.0,0.0,0.0,MODSTOREM,STONE MODEL REMOVABLE(PER ARCH),,,False
DONJAM,516.4,516.4,0.0,0.0,0.0,0.0,0.0,516.4,0.0,0.0,0.0,0.0,0.0,0.0,0.0,0.0,0.0,INFCONT,FDA INFECTION CONTROL,,,False
DONNOR,7095.89,7095.89,0.0,0.0,0.0,1536.8200000000002,5559.070000000001,0.0,0.0,0.0,0.0,0.0,0.0,0.0,0.0,0.0,0.0,DENAO4ZIRC,ALL ON 4 ZIRC DENTURE FINISH W/ H/S COMFORT GUARD,,,False
DOUBRI,42942.97,42942.97,0.0,0.0,4867.37,13542.189999999999,16190.109999999999,13210.67,0.0,202.04,0.0,0.0,0.0,0.0,0.0,202.04,0.0,DIGMODCADFIX,DIGITAL PRINTED MODEL FIXED (PER ARCH),,,False
DOUJASVA,20735.86,20735.86,0.0,0.0,2296.68,5837.73,7659.36,7238.77,0.0,46.02,0.0,0.0,46.02,0.0,0.0,46.02,0.0,CRNBRUX,BRUXZIR,,,False
DREMATNV,3915.3100000000004,3915.3100000000004,0.0,0.0,249.23,2909.49,756.59,249.23,0.0,209.69,0.0,0.0,0.0,0.0,209.69,0.0,0.0,DIGLAYCRN,DIGITAL LAYERED ZIRC,,,False
DROJAC,769.55,769.55,0.0,0.0,0.0,441.85,163.85,163.85,0.0,0.0,0.0,0.0,0.0,0.0,0.0,0.0,0.0,DIGCRATHERM,DIGITAL THERMOPLASTIC CRA,,,False
EARWIL,2476.74,2476.74,0.0,0.0,78.58999999999999,319.16,1310.4,847.1800000000001,0.0,0.0,0.0,0.0,0.0,0.0,0.0,0.0,0.0,ORTVFRET,VF RETAINER,,,False
EBEMEG,8260.42,8260.42,0.0,0.0,3615.2400000000002,0.0,1615.47,6644.95,0.0,0.0,0.0,0.0,0.0,0.0,0.0,0.0,0.0,DENAO4,Digital A04 With Surgical Guide,,,False
EBERIC,12635.039999999999,12635.039999999999,0.0,0.0,0.0,1876.13,7693.15,3065.7599999999998,0.0,0.0,0.0,0.0,0.0,0.0,0.0,0.0,0.0,DENAO4ZIRC,ALL ON 4 ZIRC DENTURE FINISH W/ H/S COMFORT GUARD,,,False
EDGBLA,3877.62,3877.62,4939.77,0.0,171.06,1352.64,1498.62,1026.36,0.0,0.0,448.98,0.0,0.0,0.0,0.0,0.0,0.0,INFCONT,FDA INFECTION CONTROL,,,False
EGGJAM,486.92,486.92,0.0,0.0,0.0,486.92,0.0,0.0,0.0,0.0,0.0,0.0,0.0,0.0,0.0,0.0,0.0,DIGMODCADREM,DIGITAL PRINTED MODEL REMOVABLE (PER ARCH),,,False
ELKABD,282.98,282.98,0.0,0.0,0.0,282.98,0.0,0.0,0.0,0.0,0.0,0.0,0.0,0.0,0.0,0.0,0.0,DENSET>9,SET UP 1-9 TEETH,,,False
ENAHORLA,3266.44,3266.44,0.0,0.0,0.0,397.71999999999997,1168.09,1700.6299999999999,0.0,0.0,0.0,0.0,0.0,0.0,0.0,0.0,0.0,DENEVALREM,Eval Removable case,,,False
ERDTIM,423.94,423.94,0.0,0.0,423.94,0.0,0.0,423.94,0.0,0.0,0.0,0.0,0.0,0.0,0.0,0.0,0.0,SMARTPARTS,SMART CONVERSION PARTS,,,False
ESPSTEWM,669.4100000000001,669.4100000000001,0.0,0.0,0.0,669.4100000000001,0.0,0.0,0.0,0.0,0.0,0.0,0.0,0.0,0.0,0.0,0.0,DENPROCNM,PROCESS NAME,,,False
ETCPAUNL,2323.25,2323.25,0.0,0.0,1200.0,0.0,0.0,2323.25,0.0,0.0,0.0,0.0,0.0,0.0,0.0,0.0,0.0,CSSCONSULT,IN OFFICE CONVERSION,,,False
EXONAT,4005.59,4005.59,0.0,0.0,132.37,290.31,2367.66,1347.6200000000001,0.0,0.0,0.0,0.0,0.0,0.0,0.0,0.0,0.0,DIGCRAHARD,DIGITAL CRA HARD,,,False
FADSAD,344.55,344.55,0.0,0.0,0.0,0.0,344.55,0.0,0.0,0.0,0.0,0.0,0.0,0.0,0.0,0.0,0.0,CRNZIRCBR,ZIRC BRIDGE CARVE G/S 2-5,,,False
FADSADNA,1056.42,1056.42,0.0,0.0,635.29,0.0,160.44,895.98,0.0,0.0,0.0,0.0,0.0,0.0,0.0,0.0,0.0,DIGBRUXCRN,DIGITAL BRUXZIR,,,False
FARYAS,7025.3,7025.3,0.0,0.0,874.0,4181.12,1963.19,880.99,0.0,0.0,0.0,0.0,0.0,0.0,0.0,0.0,0.0,CSSAO4REP,ALL ON 4 REPAIR,,,False
FELNIC,38871.21,38871.21,0.0,91.05,4870.15,15793.880000000001,9461.83,13524.45,91.05,0.0,0.0,0.0,0.0,0.0,0.0,0.0,0.0,DIGEZZCRN,DIGITAL ARTISTIC EZ,,,False
FIEJAM,24264.95,24264.95,0.0,1292.8400000000001,5446.35,5439.89,6686.24,10845.98,1292.8400000000001,0.0,0.0,0.0,0.0,0.0,0.0,0.0,0.0,BIOHSMT,BIO HORIZONS GENUINE SCREWMENTABLE TI ABUTMENT,,,False
FIJPHI,14017.85,14017.85,0.0,0.0,3168.6299999999997,9329.23,1519.99,3168.6299999999997,0.0,0.0,0.0,0.0,0.0,0.0,0.0,0.0,0.0,MODSTOREM,STONE MODEL REMOVABLE(PER ARCH),,,False
FIODAV,3978.65,3978.65,0.0,0.0,3713.4500000000003,0.0,0.0,3978.65,0.0,0.0,0.0,0.0,0.0,0.0,0.0,0.0,0.0,ART-EVQC-CLDR,Artistic Call Doctor Requested Call,,,False
FISRON,586.09,586.09,0.0,0.0,0.0,0.0,0.0,586.09,0.0,0.0,0.0,0.0,0.0,0.0,0.0,0.0,0.0,DIGANALOG,ANALOG DIGITAL IMPRESSION,,,False
FOEWIL,563.31,563.31,0.0,0.0,0.0,0.0,563.31,0.0,0.0,0.0,0.0,0.0,0.0,0.0,0.0,0.0,0.0,INFCONT,FDA INFECTION CONTROL,,,False
FRAMIC,48600.34,48600.34,0.0,0.0,3323.42,14617.62,18519.27,15463.45,0.0,0.0,0.0,0.0,0.0,0.0,0.0,0.0,0.0,DIGMODCADFIX,DIGITAL PRINTED MODEL FIXED (PER ARCH),,,False
FRASCO,262.47,262.47,0.0,0.0,0.0,0.0,262.47,0.0,0.0,0.0,0.0,0.0,0.0,0.0,0.0,0.0,0.0,DTMONDA1,HERAEUS MONDIAL ANTERIOR 1 TOOTH,,,False
FRATER,2104.86,2104.86,0.0,0.0,106.99,888.75,895.14,320.96999999999997,0.0,0.0,0.0,0.0,0.0,0.0,0.0,0.0,0.0,DIGBRUXCRN,DIGITAL BRUXZIR,,,False
FRETYS,302.89,302.89,0.0,0.0,0.0,0.0,0.0,302.89,0.0,0.0,0.0,0.0,0.0,0.0,0.0,0.0,0.0,REMADJ,REMOVABLE ADJUSTMENT,,,False
FULDAV,6647.63,6647.63,0.0,0.0,1836.75,0.0,579.86,6067.77,0.0,0.0,0.0,0.0,0.0,0.0,0.0,0.0,0.0,STRSMT,STRAUMANN GENUINE SCREWMENTABLE TI ABUTMENT,,,False
FULKAL,9200.779999999999,9200.779999999999,0.0,0.0,0.0,1098.0,551.52,7551.26,0.0,0.0,0.0,0.0,0.0,0.0,0.0,0.0,0.0,DELIVERY,Shipping Cost,,,False
FURLAW,1301.99,1301.99,0.0,0.0,0.0,1301.99,0.0,0.0,0.0,0.0,0.0,0.0,0.0,0.0,0.0,0.0,0.0,DENAO4HYF,ALL ON 4 HYBRID FINISH W/ H/S COMFORT GUARD,,,False
GAFCOL,46499.39,46499.39,0.0,0.0,4925.89,16033.51,13718.5,16747.38,0.0,0.0,0.0,0.0,0.0,0.0,0.0,0.0,0.0,CRNEZZ,ARTISTIC EZ,,,False
GAFMEG,24166.66,24166.66,0.0,0.0,3476.6099999999997,8087.96,8208.25,7870.45,0.0,246.47,0.0,0.0,0.0,160.64,85.83,0.0,0.0,INFCONT,FDA INFECTION CONTROL,,,False
GALPET,10266.36,10266.36,0.0,0.0,867.0699999999999,4871.12,2867.74,2527.5,0.0,0.0,0.0,0.0,0.0,0.0,0.0,0.0,0.0,DIGMODCADREM,DIGITAL PRINTED MODEL REMOVABLE (PER ARCH),,,False
GAMBRI,17627.68,17627.68,0.0,0.0,2740.98,10573.06,3832.18,3222.44,0.0,0.0,0.0,0.0,0.0,0.0,0.0,0.0,0.0,CSSTRTIMP,3 STEP-TEMP/FINAL A04 IMPRESSION,,,False
GANPOO,8576.76,8576.76,87.0,0.0,598.38,4288.88,2860.96,1426.92,0.0,46.02,0.0,0.0,46.02,0.0,0.0,46.02,0.0,DIGBRUXCRN,DIGITAL BRUXZIR,,,False
GARCAL,585.9399999999999,585.9399999999999,0.0,0.0,0.0,0.0,292.96999999999997,292.96999999999997,0.0,0.0,0.0,0.0,0.0,0.0,0.0,0.0,0.0,DIGMODCADREM,DIGITAL PRINTED MODEL REMOVABLE (PER ARCH),,,False
GARLIN,3609.1299999999997,3609.1299999999997,0.0,0.0,314.21999999999997,2006.79,998.79,603.55,0.0,274.26,0.0,0.0,0.0,0.0,274.26,0.0,0.0,DIGMODCADREM,DIGITAL PRINTED MODEL REMOVABLE (PER ARCH),,,False
GATGUY,10747.86,10747.86,0.0,0.0,762.5999999999999,3745.64,3304.99,3697.23,0.0,59.74,0.0,0.0,0.0,0.0,59.74,0.0,0.0,INFCONT,FDA INFECTION CONTROL,,,False
GAYPAU,604.93,604.93,0.0,0.0,0.0,604.93,0.0,0.0,0.0,0.0,0.0,0.0,0.0,0.0,0.0,0.0,0.0,SLPTAP3ELI,DREAM TAP 3 -SLEEP APP,,,False
GELHAT,82.98,82.98,0.0,0.0,0.0,82.98,0.0,0.0,0.0,0.0,0.0,0.0,0.0,0.0,0.0,0.0,0.0,CRNBRUX,BRUXZIR,,,False
GENPAT,7013.72,7013.72,0.0,0.0,0.0,4245.04,2615.24,153.44,0.0,0.0,0.0,0.0,0.0,0.0,0.0,0.0,0.0,DIGEMAXMCRN,DIGITAL EMAX MONO,,,False
GEOCHR,2481.25,2481.25,0.0,0.0,478.25,720.68,861.21,899.36,0.0,0.0,0.0,0.0,0.0,0.0,0.0,0.0,0.0,DENCLASP,CLASP METAL,,,False
GERGRE,14896.32,14896.32,0.0,0.0,2762.88,5043.99,5049.87,4802.46,0.0,0.0,0.0,0.0,0.0,0.0,0.0,0.0,0.0,STRSR,STRAUMANN GENUINE TI-BASE FOR SCREW RETAINED CROWN,,,False
GERTHO,1590.23,1590.23,0.0,0.0,802.36,112.69999999999999,675.1700000000001,802.36,0.0,0.0,0.0,0.0,0.0,0.0,0.0,0.0,0.0,DENAO4,Digital A04 With Surgical Guide,,,False
GHARAM,222.4,222.4,0.0,0.0,0.0,70.59,151.81,0.0,0.0,0.0,0.0,0.0,0.0,0.0,0.0,0.0,0.0,DIGBRUXCRN,DIGITAL BRUXZIR,,,False
GIAGAL,727.01,727.01,0.0,0.0,358.39,0.0,0.0,727.01,0.0,0.0,0.0,0.0,0.0,0.0,0.0,0.0,0.0,CRADUAL,DUAL CRA,,,False
GIAGALDO,10.63,10.63,0.0,0.0,0.0,0.0,10.63,0.0,0.0,0.0,0.0,0.0,0.0,0.0,0.0,0.0,0.0,DIGMODCADREM,DIGITAL PRINTED MODEL REMOVABLE (PER ARCH),,,False
GILMIC,0.0,0.0,0.0,0.0,0.0,0.0,0.0,0.0,0.0,0.0,0.0,0.0,0.0,0.0,0.0,0.0,0.0,CRNBRUX,BRUXZIR,,,False
GIOMIC,561.63,561.63,0.0,0.0,561.63,0.0,0.0,561.63,0.0,0.0,0.0,0.0,0.0,0.0,0.0,0.0,0.0,DENAO4,Digital A04 With Surgical Guide,,,False
GIRBET,526.8299999999999,526.8299999999999,0.0,0.0,0.0,0.0,526.8299999999999,0.0,0.0,0.0,0.0,0.0,0.0,0.0,0.0,0.0,0.0,PARTIALDUR,FLEXI PARTIAL W/ PINK CLASPS,,,False
GIUMIC,20398.32,20398.32,0.0,0.0,1372.52,7871.48,6132.34,6394.5,0.0,93.01,0.0,0.0,0.0,93.01,0.0,0.0,0.0,CRNBRUX,BRUXZIR,,,False
GLOANT,9780.4,9780.4,0.0,0.0,1413.94,2926.7,3243.61,3610.09,0.0,0.0,0.0,0.0,0.0,0.0,0.0,0.0,0.0,INFCONT,FDA INFECTION CONTROL,,,False
GOEPAN,1889.3899999999999,1889.3899999999999,0.0,0.0,92.06,744.61,219.55,925.23,0.0,0.0,0.0,0.0,0.0,0.0,0.0,0.0,0.0,NOWARRANTY,No Remake or Adjustment Warranty,,,False
GOMMUNHO,156.34,156.34,0.0,0.0,0.0,0.0,156.34,0.0,0.0,0.0,0.0,0.0,0.0,0.0,0.0,0.0,0.0,DENFULEFIN,FULL DENTURE FINISH ECONOMY TEETH,,,False
GOOMER,1026.36,1026.36,0.0,0.0,171.06,0.0,342.12,684.24,0.0,0.0,0.0,0.0,0.0,0.0,0.0,0.0,0.0,INFCONT,FDA INFECTION CONTROL,,,False
GORJOH,2552.01,2552.01,0.0,0.0,532.64,0.0,1095.22,1456.79,0.0,0.0,0.0,0.0,0.0,0.0,0.0,0.0,0.0,INFCONT,FDA INFECTION CONTROL,,,False
GORMIC,600.0,600.0,0.0,0.0,0.0,0.0,0.0,600.0,0.0,0.0,0.0,0.0,0.0,0.0,0.0,0.0,0.0,CSSCONSULT,IN OFFICE CONVERSION,,,False
GOTMAT,6359.71,6359.71,0.0,0.0,2548.16,914.84,2536.99,2907.88,0.0,0.0,0.0,0.0,0.0,0.0,0.0,0.0,0.0,CSSCONSULT,IN OFFICE CONVERSION,,,False
GOVMON,5800.43,5800.43,0.0,0.0,139.3,3207.36,1617.97,975.1,0.0,0.0,0.0,0.0,0.0,0.0,0.0,0.0,0.0,DIGEZZCRN,DIGITAL ARTISTIC EZ,,,False
GOYRINLV,2038.83,2038.83,0.0,0.0,0.0,987.4399999999998,924.89,126.5,0.0,0.0,0.0,0.0,0.0,0.0,0.0,0.0,0.0,CRNBRUX,BRUXZIR,,,False
GOYSHU,509.77000000000004,509.77000000000004,0.0,0.0,0.0,0.0,0.0,509.77000000000004,0.0,0.0,0.0,0.0,0.0,0.0,0.0,0.0,0.0,CRNBRUX,BRUXZIR,,,False
GRAALE,31986.969999999998,31986.969999999998,0.0,652.0,3603.85,10589.28,10671.81,10073.88,652.0,0.0,0.0,0.0,0.0,0.0,0.0,0.0,0.0,INFCONT,FDA INFECTION CONTROL,,,False
GRAKRYCH,0.0,0.0,0.0,0.0,0.0,0.0,0.0,0.0,0.0,0.0,0.0,0.0,0.0,0.0,0.0,0.0,0.0,BIOHSMT,BIO HORIZONS GENUINE SCREWMENTABLE TI ABUTMENT,,,False
GRAMEL,816.09,816.09,0.0,0.0,0.0,163.06,489.18,163.85,0.0,0.0,0.0,0.0,0.0,0.0,0.0,0.0,0.0,CRAREP,CRA SIMPLE REPAIR,,,False
GRAVICDES,6210.35,6210.35,0.0,370.67,565.38,2185.14,2572.38,1082.16,370.67,0.0,0.0,0.0,0.0,0.0,0.0,0.0,0.0,ART-EVQC-CLDR,Artistic Call Doctor Requested Call,,,False
GRAVICK,2063.3199999999997,2063.3199999999997,0.0,0.0,292.48,496.55999999999995,695.4,871.3599999999999,0.0,0.0,0.0,0.0,0.0,0.0,0.0,0.0,0.0,INFCONT,FDA INFECTION CONTROL,,,False
GREDANPA,592.98,592.98,0.0,0.0,310.65999999999997,126.99,155.33,310.65999999999997,0.0,0.0,0.0,0.0,0.0,0.0,0.0,0.0,0.0,SGBARPROC,BARIUM PROCESSED STENT,,,False
GRIJOE,2521.44,2521.44,0.0,0.0,92.06,1216.23,552.36,752.85,0.0,0.0,0.0,0.0,0.0,0.0,0.0,0.0,0.0,DIGBRUXCRN,DIGITAL BRUXZIR,,,False
GRISET,17185.66,17185.66,0.0,0.0,1366.52,6716.78,4855.47,5613.41,0.0,46.02,0.0,0.0,0.0,0.0,46.02,0.0,0.0,DIGBRUXCRN,DIGITAL BRUXZIR,,,False
GROGAR,863.16,863.16,0.0,0.0,145.65,333.96000000000004,212.48999999999998,316.71,0.0,0.0,0.0,0.0,0.0,0.0,0.0,0.0,0.0,INFCONT,FDA INFECTION CONTROL,,,False
GRUKAT,772.1800000000001,772.1800000000001,0.0,0.0,0.0,0.0,642.4300000000001,129.75,0.0,0.0,0.0,0.0,0.0,0.0,0.0,0.0,0.0,INFCONT,FDA INFECTION CONTROL,,,False
GUAGIL,1056.0,1056.0,0.0,0.0,0.0,1056.0,0.0,0.0,0.0,0.0,0.0,0.0,0.0,0.0,0.0,0.0,0.0,SMARTADDSITE,SMART CONVERSION ADD SITE,,,False
GUAGILOL,1951.82,1951.82,0.0,0.0,698.06,423.94,829.8199999999999,698.06,0.0,0.0,0.0,0.0,0.0,0.0,0.0,0.0,0.0,SMARTADDSITE,SMART CONVERSION ADD SITE,,,False
GUAGILWS,1271.81,1271.81,0.0,0.0,1271.81,0.0,0.0,1271.81,0.0,0.0,0.0,0.0,0.0,0.0,0.0,0.0,0.0,SMARTPARTS,SMART CONVERSION PARTS,,,False
GURPHI,2348.13,2348.13,0.0,0.0,0.0,1186.5,1161.63,0.0,0.0,0.0,0.0,0.0,0.0,0.0,0.0,0.0,0.0,CSSCONSULT,IN OFFICE CONVERSION,,,False
HAFMAR,3021.7599999999998,3021.7599999999998,0.0,0.0,307.37,545.0699999999999,1100.26,1376.4299999999998,0.0,0.0,0.0,0.0,0.0,0.0,0.0,0.0,0.0,INFCONT,FDA INFECTION CONTROL,,,False
HAJBIL,5502.83,5502.83,0.0,0.0,1435.13,980.45,1683.0,2839.38,0.0,0.0,0.0,0.0,0.0,0.0,0.0,0.0,0.0,SMARTPARTS,SMART CONVERSION PARTS,,,False
HAJBILFF,4261.0,4261.0,0.0,0.0,698.06,1056.0,1545.94,1659.06,0.0,0.0,0.0,0.0,0.0,0.0,0.0,0.0,0.0,SMARTADDSITE,SMART CONVERSION ADD SITE,,,False
HAJBILWE,528.0,528.0,0.0,0.0,0.0,528.0,0.0,0.0,0.0,0.0,0.0,0.0,0.0,0.0,0.0,0.0,0.0,SMARTPARTS,SMART CONVERSION PARTS,,,False
HAKRIZ,116.64,116.64,0.0,0.0,0.0,59.99,56.650000000000006,0.0,0.0,0.0,0.0,0.0,0.0,0.0,0.0,0.0,0.0,DIGMODCADREM,DIGITAL PRINTED MODEL REMOVABLE (PER ARCH),,,False
HALSCO,511.5,511.5,0.0,0.0,511.5,0.0,0.0,511.5,0.0,0.0,0.0,0.0,0.0,0.0,0.0,0.0,0.0,DENAO4TMP,ALL ON 4 - TEMP DENTURE W/ SURG GUIDE,,,False
HAMMATLA,1106.27,1106.27,0.0,0.0,423.94,258.39,423.94,423.94,0.0,0.0,0.0,0.0,0.0,0.0,0.0,0.0,0.0,SMARTPARTS,SMART CONVERSION PARTS,,,False
HANEMIMUN,2193.13,2193.13,0.0,0.0,0.0,1936.95,256.18,0.0,0.0,256.18,0.0,0.0,0.0,0.0,256.18,0.0,0.0,DIGBRUXCRN,DIGITAL BRUXZIR,,,False
HANMIR,29870.8,29870.8,0.0,329.09,1716.62,5848.18,17065.97,6627.5599999999995,329.09,212.27,0.0,0.0,0.0,0.0,0.0,212.27,0.0,CRNBRUX,BRUXZIR,,,False
HANPATSK,11258.05,11258.05,0.0,0.0,708.74,4206.14,3102.96,3948.95,0.0,0.0,0.0,0.0,0.0,0.0,0.0,0.0,0.0,DIGEZZCRN,DIGITAL ARTISTIC EZ,,,False
HANRAI,2907.7200000000003,2907.7200000000003,0.0,0.0,389.92,1449.94,0.0,1457.78,0.0,0.0,0.0,0.0,0.0,0.0,0.0,0.0,0.0,DIGMODCADREM,DIGITAL PRINTED MODEL REMOVABLE (PER ARCH),,,False
HARAUR,89.99,89.99,0.0,0.0,0.0,89.99,0.0,0.0,0.0,0.0,0.0,0.0,0.0,0.0,0.0,0.0,0.0,DIGBRUXCRN,DIGITAL BRUXZIR,,,False
HARWILNA,70.59,70.59,0.0,0.0,0.0,0.0,0.0,70.59,0.0,0.0,0.0,0.0,0.0,0.0,0.0,0.0,0.0,DIGBRUXCRN,DIGITAL BRUXZIR,,,False
HASFAY,13600.380000000001,13600.380000000001,0.0,0.0,471.56,3826.89,8525.45,1248.04,0.0,319.15000000000003,0.0,0.0,102.29,0.0,216.86,102.29,0.0,CRNCS,CUSTOM SHADING,,,False
HASFAYFL,7513.83,7513.83,0.0,0.0,0.0,2615.76,3486.14,1411.93,0.0,105.88,0.0,0.0,0.0,0.0,105.88,0.0,0.0,CRNDRCALLF,Call Doctor with Die Trim- C&B,,,False
HASJAC,2884.58,2884.58,0.0,0.0,0.0,1715.96,568.62,600.0,0.0,0.0,0.0,0.0,0.0,0.0,0.0,0.0,0.0,CSSCONSULT,IN OFFICE CONVERSION,,,False
HASJACSC,3308.19,3308.19,0.0,0.0,0.0,0.0,0.0,3308.19,0.0,0.0,0.0,0.0,0.0,0.0,0.0,0.0,0.0,CSSCONSULT,IN OFFICE CONVERSION,,,False
HASSHA,1934.4599999999998,1934.4599999999998,0.0,0.0,0.0,0.0,1934.4599999999998,0.0,0.0,305.37,0.0,0.0,0.0,0.0,305.37,0.0,0.0,DIGEMAXL,DIGITAL EMAX LAYERED,,,False
HASSYE,240.73000000000002,240.73000000000002,0.0,0.0,0.0,0.0,0.0,240.73000000000002,0.0,0.0,0.0,0.0,0.0,0.0,0.0,0.0,0.0,DENREPCOM,COMPLEX REPAIR,,,False
HATUZM,2019.6,2019.6,0.0,0.0,0.0,1234.97,784.63,0.0,0.0,580.04,0.0,0.0,0.0,0.0,580.04,0.0,0.0,CRNZAD,ZIRC ADJUST,,,False
HEADAN,2330.24,2330.24,0.0,0.0,0.0,0.0,0.0,2330.24,0.0,0.0,0.0,0.0,0.0,0.0,0.0,0.0,0.0,CSSCONSULT,IN OFFICE CONVERSION,,,False
HENSHA,610.53,610.53,0.0,185.32,0.0,139.0,286.21,0.0,185.32,0.0,0.0,0.0,0.0,0.0,0.0,0.0,0.0,CRA,CRA,,,False
HERCARMU,3466.36,3466.36,0.0,0.0,0.0,3142.27,324.09,0.0,0.0,46.02,0.0,0.0,0.0,46.02,0.0,0.0,0.0,CRNBRUX,BRUXZIR,,,False
HIJNAN,368.62,368.62,0.0,0.0,184.31,0.0,0.0,368.62,0.0,0.0,0.0,0.0,0.0,0.0,0.0,0.0,0.0,DIGMODCADREM,DIGITAL PRINTED MODEL REMOVABLE (PER ARCH),,,False
HOAEMITP,285.39,285.39,0.0,0.0,0.0,285.39,0.0,0.0,0.0,0.0,0.0,0.0,0.0,0.0,0.0,0.0,0.0,PARTIALDUR,FLEXI PARTIAL W/ PINK CLASPS,,,False
HOGTIM,271.26,271.26,0.0,0.0,0.0,0.0,130.32,140.94,0.0,0.0,0.0,0.0,0.0,0.0,0.0,0.0,0.0,CRAHSC,COMFORT H/S BITE SPLINT,,,False
HOIWIL,1530.24,1530.24,0.0,0.0,0.0,1530.24,0.0,0.0,0.0,0.0,0.0,0.0,0.0,0.0,0.0,0.0,0.0,CRNDRCALLN,Call Doctor NO Die Trim - C&B,,,False
HOLMARLA,15364.75,15364.75,0.0,0.0,2128.86,5582.71,4522.25,5259.79,0.0,60.61,0.0,0.0,60.61,0.0,0.0,60.61,0.0,DIGMODCADREM,DIGITAL PRINTED MODEL REMOVABLE (PER ARCH),,,False
HOMKUR,1318.33,1318.33,800.0,0.0,0.0,1318.33,0.0,0.0,0.0,0.0,0.0,0.0,0.0,0.0,0.0,0.0,0.0,DIGMODCADFIX,DIGITAL PRINTED MODEL FIXED (PER ARCH),,,False
HOWNIC,79.69,79.69,0.0,0.0,0.0,0.0,79.69,0.0,0.0,0.0,0.0,0.0,0.0,0.0,0.0,0.0,0.0,IMPSCREW,IMPLANT SCREW,,,False
HRUHEALF,163.99,163.99,0.0,0.0,0.0,163.99,0.0,0.0,0.0,0.0,0.0,0.0,0.0,0.0,0.0,0.0,0.0,INFCONT,FDA INFECTION CONTROL,,,False
HUBMAR,28489.16,28489.16,0.0,204.5,827.4599999999999,6666.29,10329.67,11288.699999999999,204.5,0.0,0.0,0.0,0.0,0.0,0.0,0.0,0.0,CRNFIT,FIT TO DEVICE,,,False
HUFALIHIN,2293.87,2293.87,0.0,78.58999999999999,0.0,755.36,982.37,477.55,78.58999999999999,0.0,0.0,0.0,0.0,0.0,0.0,0.0,0.0,CRAHSC,COMFORT H/S BITE SPLINT,,,False
HYDSAL,379.61,379.61,0.0,0.0,0.0,0.0,311.61,68.0,0.0,0.0,0.0,0.0,0.0,0.0,0.0,0.0,0.0,DENDESIGN,CASE DESIGN,,,False
HYDSHE,470.58000000000004,470.58000000000004,0.0,0.0,0.0,470.58000000000004,0.0,0.0,0.0,0.0,0.0,0.0,0.0,0.0,0.0,0.0,0.0,CRADUAL,DUAL CRA,,,False
HYVIRE,8799.8,8799.8,0.0,0.0,0.0,6289.0,2510.7999999999997,0.0,0.0,0.0,0.0,0.0,0.0,0.0,0.0,0.0,0.0,REMADJ,REMOVABLE ADJUSTMENT,,,False
IWAAGG,21256.13,21256.13,0.0,0.0,146.41,7483.530000000001,10160.43,3612.17,0.0,160.98000000000002,0.0,0.0,0.0,160.98000000000002,0.0,0.0,0.0,DESSDRVR,DESS SCREWDRIVER,,,False
IWAIWO,769.82,769.82,0.0,0.0,0.0,476.03999999999996,293.78000000000003,0.0,0.0,0.0,0.0,0.0,0.0,0.0,0.0,0.0,0.0,INFCONT,FDA INFECTION CONTROL,,,False
JACMAR,108.43,108.43,0.0,0.0,0.0,0.0,0.0,108.43,0.0,0.0,0.0,0.0,0.0,0.0,0.0,0.0,0.0,DIGEZZCRN,DIGITAL ARTISTIC EZ,,,False
JAGGAR,723.5899999999999,723.5899999999999,0.0,0.0,198.1,33.980000000000004,239.01999999999998,450.59000000000003,0.0,0.0,0.0,0.0,0.0,0.0,0.0,0.0,0.0,INFCONT,FDA INFECTION CONTROL,,,False
JAGSAM,5224.38,5224.38,0.0,0.0,0.0,1855.8999999999999,2744.88,623.6,0.0,0.0,0.0,0.0,0.0,0.0,0.0,0.0,0.0,DENREPSDAY,SAME DAY COMPLEX REPAIR,,,False
JAIPRI,73.28999999999999,73.28999999999999,0.0,0.0,0.0,0.0,0.0,73.28999999999999,0.0,0.0,0.0,0.0,0.0,0.0,0.0,0.0,0.0,INFCONT,FDA INFECTION CONTROL,,,False
JAMULF,0.0,0.0,0.0,0.0,0.0,0.0,0.0,0.0,0.0,0.0,0.0,0.0,0.0,0.0,0.0,0.0,0.0,RETURN,RETURN,,,False
JANAAR,1117.62,1117.62,0.0,0.0,0.0,555.99,561.63,0.0,0.0,0.0,0.0,0.0,0.0,0.0,0.0,0.0,0.0,DIGDENECO,DIGITAL FULL DENTURE ECONOMY,,,False
JANPET,4711.79,4711.79,0.0,0.0,0.0,4625.2,86.58999999999999,0.0,0.0,0.0,0.0,0.0,0.0,0.0,0.0,0.0,0.0,IMPSCREW,IMPLANT SCREW,,,False
JANREBP,7671.82,7671.82,0.0,0.0,2336.64,2336.36,821.9,4513.56,0.0,0.0,0.0,0.0,0.0,0.0,0.0,0.0,0.0,REMADJ,REMOVABLE ADJUSTMENT,,,False
JANUPA,5888.93,5888.93,0.0,0.0,0.0,2881.99,1541.32,1465.62,0.0,0.0,0.0,0.0,0.0,0.0,0.0,0.0,0.0,SGSTNTBSKY,CO-DIAGNOSTIX SURGICAL GUIDE,,,False
JANUPACR,2594.57,2594.57,0.0,0.0,200.0,605.0,511.65999999999997,1477.91,0.0,0.0,0.0,0.0,0.0,0.0,0.0,0.0,0.0,SGSTNTBSKY,CO-DIAGNOSTIX SURGICAL GUIDE,,,False
JANUPAMI,3337.46,3337.46,0.0,0.0,617.62,1256.08,863.76,1217.62,0.0,0.0,0.0,0.0,0.0,0.0,0.0,0.0,0.0,INFCONT,FDA INFECTION CONTROL,,,False
JAVJAM,5966.79,5966.79,0.0,0.0,373.52,1265.76,2127.57,2573.46,0.0,0.0,0.0,0.0,0.0,0.0,0.0,0.0,0.0,DENRELINEH,HEATCURE RELINE,,,False
JAYPOO,4407.17,4407.17,0.0,0.0,0.0,0.0,4407.17,0.0,0.0,0.0,0.0,0.0,0.0,0.0,0.0,0.0,0.0,PHOTOZRBASE,PHOTOGRAMMETRY/DIGITAL FINAL ZR W/TI BASE,,,False
JEZNIC,20.25,20.25,0.0,0.0,0.0,20.25,0.0,0.0,0.0,0.0,0.0,0.0,0.0,0.0,0.0,0.0,0.0,ORTESSEX,ESSEX APPLIANCE,,,False
JOBSEJEL,444.18,444.18,0.0,0.0,0.0,0.0,143.36,300.82,0.0,0.0,0.0,0.0,0.0,0.0,0.0,0.0,0.0,INFCONT,FDA INFECTION CONTROL,,,False
JOHDENLA,37.19,37.19,0.0,0.0,0.0,37.19,0.0,0.0,0.0,0.0,0.0,0.0,0.0,0.0,0.0,0.0,0.0,CRNSTLEXPT,STL FILE EXPORT,,,False
JONDAVNV,1405.1299999999999,1405.1299999999999,0.0,0.0,0.0,601.23,362.14,441.76,0.0,0.0,0.0,0.0,0.0,0.0,0.0,0.0,0.0,MODSTOREM,STONE MODEL REMOVABLE(PER ARCH),,,False
JONDONNA,1123.25,1123.25,0.0,0.0,1123.25,0.0,0.0,1123.25,0.0,0.0,0.0,0.0,0.0,0.0,0.0,0.0,0.0,DENAO4,Digital A04 With Surgical Guide,,,False
JONKAR,6023.51,6023.51,0.0,0.0,1110.96,814.19,1498.18,3711.14,0.0,0.0,0.0,0.0,0.0,0.0,0.0,0.0,0.0,DELIVERY,Shipping Cost,,,False
JONSYR,6890.12,6890.12,0.0,0.0,460.3,3051.9,2273.2,1565.02,0.0,0.0,0.0,0.0,0.0,0.0,0.0,0.0,0.0,DIGBRUXCRN,DIGITAL BRUXZIR,,,False
JOUCYN,6897.24,6897.24,0.0,0.0,313.88,3468.06,2035.9899999999998,1393.19,0.0,0.0,0.0,0.0,0.0,0.0,0.0,0.0,0.0,INFCONT,FDA INFECTION CONTROL,,,False
JUEDAV,21330.7,21330.7,0.0,1331.78,6271.91,8108.07,3533.2999999999997,8357.55,1331.78,0.0,0.0,0.0,0.0,0.0,0.0,0.0,0.0,INFCONT,FDA INFECTION CONTROL,,,False
JUNROB,4400.74,4400.74,0.0,0.0,6.99,0.0,4393.75,6.99,0.0,0.0,0.0,0.0,0.0,0.0,0.0,0.0,0.0,INFCONT,FDA INFECTION CONTROL,,,False
JURAND,26834.82,26834.82,0.0,0.0,2855.32,9256.77,7736.64,9841.41,0.0,0.0,0.0,0.0,0.0,0.0,0.0,0.0,0.0,DIGBRUXCRN,DIGITAL BRUXZIR,,,False
KADLUB,523.5799999999999,523.5799999999999,0.0,0.0,523.5799999999999,0.0,0.0,523.5799999999999,0.0,0.0,0.0,0.0,0.0,0.0,0.0,0.0,0.0,INFCONT,FDA INFECTION CONTROL,,,False
KAKJAMNV,240.73000000000002,240.73000000000002,0.0,0.0,0.0,0.0,240.73000000000002,0.0,0.0,0.0,0.0,0.0,0.0,0.0,0.0,0.0,0.0,INFCONT,FDA INFECTION CONTROL,,,False
KAKMON,3543.06,3543.06,0.0,0.0,0.0,1880.27,1662.79,0.0,0.0,254.21,0.0,0.0,0.0,254.21,0.0,0.0,0.0,RETURN,RETURN,,,False
KAMTHO,2264.39,2264.39,0.0,0.0,256.66,961.54,1046.19,256.66,0.0,0.0,0.0,0.0,0.0,0.0,0.0,0.0,0.0,DENREPCOM,COMPLEX REPAIR,,,False
KANWOO,2223.37,2223.37,0.0,0.0,1309.3400000000001,539.94,0.0,1683.43,0.0,0.0,0.0,0.0,0.0,0.0,0.0,0.0,0.0,DSGNREV,Doctor Design Review,,,False
KAPSIMHIN,716.5699999999999,716.5699999999999,0.0,0.0,0.0,0.0,597.06,119.50999999999999,0.0,0.0,0.0,0.0,0.0,0.0,0.0,0.0,0.0,INFCONT,FDA INFECTION CONTROL,,,False
KARTHO,256.66,256.66,0.0,0.0,0.0,0.0,256.66,0.0,0.0,0.0,0.0,0.0,0.0,0.0,0.0,0.0,0.0,DENREPCOM,COMPLEX REPAIR,,,False
KASMIK,5555.45,5555.45,0.0,240.73000000000002,541.58,337.76,2030.78,2946.1800000000003,240.73000000000002,0.0,0.0,0.0,0.0,0.0,0.0,0.0,0.0,INFCONT,FDA INFECTION CONTROL,,,False
KASNIK,9202.4,9202.4,0.0,0.0,1536.38,1665.72,4212.8,3323.88,0.0,0.0,0.0,0.0,0.0,0.0,0.0,0.0,0.0,INFCONT,FDA INFECTION CONTROL,,,False
KASSAE,185.32,185.32,0.0,0.0,185.32,0.0,0.0,185.32,0.0,0.0,0.0,0.0,0.0,0.0,0.0,0.0,0.0,CRA,CRA,,,False
KATAND,2787.63,2787.63,0.0,0.0,0.0,2787.63,0.0,0.0,0.0,0.0,0.0,0.0,0.0,0.0,0.0,0.0,0.0,CRNBRUX,BRUXZIR,,,False
KAUHAR,7375.2300000000005,7375.2300000000005,0.0,0.0,0.0,7375.2300000000005,0.0,0.0,0.0,39.0,0.0,0.0,0.0,39.0,0.0,0.0,0.0,PARCASTSET,CAST PARTIAL FRAME AND SET TEETH,,,False
KEAMICEL,1962.51,1962.51,0.0,0.0,0.0,381.37,1581.14,0.0,0.0,0.0,0.0,0.0,0.0,0.0,0.0,0.0,0.0,MODSTOREM,STONE MODEL REMOVABLE(PER ARCH),,,False
KENKAT,539.36,539.36,0.0,0.0,0.0,356.5,182.86,0.0,0.0,0.0,0.0,0.0,0.0,0.0,0.0,0.0,0.0,ARTREM,FACEBOW ARTICULATION,,,False
KHAALI,2539.6800000000003,2539.6800000000003,0.0,0.0,650.57,0.0,1145.66,1394.02,0.0,0.0,0.0,0.0,0.0,0.0,0.0,0.0,0.0,DIGEZZCRN,DIGITAL ARTISTIC EZ,,,False
KHAFAI,1259.06,1259.06,0.0,0.0,0.0,1259.06,0.0,0.0,0.0,0.0,0.0,0.0,0.0,0.0,0.0,0.0,0.0,SMARTPARTS,SMART CONVERSION PARTS,,,False
KHAFAITP,561.0,561.0,0.0,0.0,0.0,0.0,0.0,561.0,0.0,0.0,0.0,0.0,0.0,0.0,0.0,0.0,0.0,SMARTADDSITE,SMART CONVERSION ADD SITE,,,False
KHAOMDG,2562.6800000000003,2562.6800000000003,0.0,0.0,0.0,0.0,1129.05,1433.63,0.0,0.0,0.0,0.0,0.0,0.0,0.0,0.0,0.0,CRNEZZ,ARTISTIC EZ,,,False
KHASABMP,328.96999999999997,328.96999999999997,0.0,0.0,0.0,0.0,328.96999999999997,0.0,0.0,0.0,0.0,0.0,0.0,0.0,0.0,0.0,0.0,SGVFSTENT,VACUUM FORMED STENT,,,False
KHASAMNA,4624.32,4624.32,0.0,0.0,0.0,2037.4499999999998,2586.87,0.0,0.0,0.0,0.0,0.0,0.0,0.0,0.0,0.0,0.0,CRAHSC,COMFORT H/S BITE SPLINT,,,False
KHASUM,36581.77,36581.77,0.0,0.0,6569.85,9806.79,12686.04,14088.94,0.0,128.45,0.0,0.0,0.0,0.0,128.45,0.0,0.0,DENBB,ACRYLIC BASE&BITE RIM,,,False
KHUPRA,552.21,552.21,0.0,169.82,297.48,0.0,84.91,297.48,169.82,0.0,0.0,0.0,0.0,0.0,0.0,0.0,0.0,CRNBRUX,BRUXZIR,,,False
KILHAL,956.0799999999999,956.0799999999999,0.0,0.0,0.0,560.6899999999999,256.43,138.96,0.0,0.0,0.0,0.0,0.0,0.0,0.0,0.0,0.0,INFCONT,FDA INFECTION CONTROL,,,False
KILHALAH,662.18,662.18,0.0,0.0,0.0,171.98,490.2,0.0,0.0,0.0,0.0,0.0,0.0,0.0,0.0,0.0,0.0,INFCONT,FDA INFECTION CONTROL,,,False
KILHALLZ,271.97,271.97,0.0,0.0,0.0,271.97,0.0,0.0,0.0,0.0,0.0,0.0,0.0,0.0,0.0,0.0,0.0,INFCONT,FDA INFECTION CONTROL,,,False
KIMGIN,1384.04,1384.04,0.0,0.0,0.0,778.61,605.4300000000001,0.0,0.0,0.0,0.0,0.0,0.0,0.0,0.0,0.0,0.0,CRNBRUX,BRUXZIR,,,False
KIMMIN2,158.29000000000002,158.29000000000002,0.0,0.0,0.0,158.29000000000002,0.0,0.0,0.0,0.0,0.0,0.0,0.0,0.0,0.0,0.0,0.0,INFCONT,FDA INFECTION CONTROL,,,False
KINDAR,1443.3899999999999,1443.3899999999999,0.0,0.0,0.0,1443.3899999999999,0.0,0.0,0.0,0.0,0.0,0.0,0.0,0.0,0.0,0.0,0.0,CSSCONSULT,IN OFFICE CONVERSION,,,False
KLAKEV,464.07,464.07,0.0,0.0,0.0,0.0,252.49,211.58,0.0,0.0,0.0,0.0,0.0,0.0,0.0,0.0,0.0,INFCONT,FDA INFECTION CONTROL,,,False
KLAMIC,1916.9,1916.9,500.0,0.0,0.0,0.0,380.52000000000004,1536.38,0.0,0.0,0.0,0.0,0.0,0.0,0.0,0.0,0.0,RETURN,RETURN,,,False
KLUANGFL,1604.3600000000001,1604.3600000000001,0.0,0.0,0.0,907.6800000000001,604.62,92.06,0.0,0.0,0.0,0.0,0.0,0.0,0.0,0.0,0.0,DIGBRUXCRN,DIGITAL BRUXZIR,,,False
KMADAN,15597.44,15597.44,0.0,0.0,2182.89,5296.38,5999.7,4301.36,0.0,371.3,0.0,0.0,0.0,184.12,187.18,0.0,0.0,DENPROCNM,PROCESS NAME,,,False
KOALA,171.06,171.06,0.0,0.0,0.0,0.0,171.06,0.0,0.0,0.0,0.0,0.0,0.0,0.0,0.0,0.0,0.0,DELIVERY,Shipping Cost,,,False
KOLANNCHI,609.3,609.3,0.0,0.0,0.0,281.6,0.0,327.7,0.0,0.0,0.0,0.0,0.0,0.0,0.0,0.0,0.0,DIGMODCADREM,DIGITAL PRINTED MODEL REMOVABLE (PER ARCH),,,False
KOLMARFF,37209.25,37209.25,0.0,0.0,1312.1599999999999,5018.0599999999995,17552.01,14639.18,0.0,0.0,0.0,0.0,0.0,0.0,0.0,0.0,0.0,INFCONT,FDA INFECTION CONTROL,,,False
KONKEV,4075.33,4075.33,0.0,0.0,0.0,2428.45,1331.78,315.1,0.0,0.0,0.0,0.0,0.0,0.0,0.0,0.0,0.0,INFCONT,FDA INFECTION CONTROL,,,False
KORJAMEP,8491.2,8491.2,0.0,0.0,195.52999999999997,3365.13,1235.36,3890.71,0.0,0.0,0.0,0.0,0.0,0.0,0.0,0.0,0.0,DENPROCNM,PROCESS NAME,,,False
KORMIK,58206.630000000005,58206.630000000005,0.0,159.58,5081.25,17399.28,21240.02,19407.75,159.58,204.59,0.0,0.0,0.0,0.0,0.0,204.59,0.0,DIGBRUXCRN,DIGITAL BRUXZIR,,,False
KORNAT,3169.02,3169.02,0.0,0.0,320.86,0.0,719.05,2449.97,0.0,142.59,0.0,0.0,0.0,0.0,0.0,142.59,0.0,CRA,CRA,,,False
KORVIC,1422.38,1422.38,0.0,0.0,0.0,1171.33,0.0,251.05,0.0,0.0,0.0,0.0,0.0,0.0,0.0,0.0,0.0,DIGMODCADREM,DIGITAL PRINTED MODEL REMOVABLE (PER ARCH),,,False
KOSERI,4913.89,4913.89,0.0,0.0,185.32,2485.81,1769.1599999999999,658.92,0.0,0.0,0.0,0.0,0.0,0.0,0.0,0.0,0.0,DIGMODCADREM,DIGITAL PRINTED MODEL REMOVABLE (PER ARCH),,,False
KOSFAY,720.91,720.91,0.0,0.0,0.0,103.47999999999999,0.0,617.43,0.0,0.0,0.0,0.0,0.0,0.0,0.0,0.0,0.0,SLPTAP3ELI,DREAM TAP 3 -SLEEP APP,,,False
KOSMICCHI,0.0,0.0,0.0,0.0,0.0,0.0,0.0,0.0,0.0,0.0,0.0,0.0,0.0,0.0,0.0,0.0,0.0,TIABUT,TITAINIUM ABUTMENT,,,False
KOUCAR,5303.49,5303.49,0.0,0.0,282.68,3369.45,1651.36,282.68,0.0,0.0,0.0,0.0,0.0,0.0,0.0,0.0,0.0,CRNZAD,ZIRC ADJUST,,,False
KOWKARDG,397.46,397.46,0.0,0.0,186.0,211.46,0.0,186.0,0.0,204.47,0.0,0.0,0.0,204.47,0.0,0.0,0.0,INFCONT,FDA INFECTION CONTROL,,,False
KOZMIC,3586.74,3586.74,0.0,0.0,600.0,0.0,0.0,3586.74,0.0,0.0,0.0,0.0,0.0,0.0,0.0,0.0,0.0,CSSCONSULT,IN OFFICE CONVERSION,,,False
KUCMAR,24011.84,24011.84,0.0,0.0,1675.47,6834.09,10358.32,6819.43,0.0,0.0,0.0,0.0,0.0,0.0,0.0,0.0,0.0,DIGEZZCRN,DIGITAL ARTISTIC EZ,,,False
KUSJOR,1823.54,1823.54,0.0,0.0,0.0,0.0,525.48,1298.06,0.0,0.0,0.0,0.0,0.0,0.0,0.0,0.0,0.0,CSSCONSULT,IN OFFICE CONVERSION,,,False
KYLAUD,370.98,370.98,0.0,0.0,0.0,370.98,0.0,0.0,0.0,0.0,0.0,0.0,0.0,0.0,0.0,0.0,0.0,DIGMODCADREM,DIGITAL PRINTED MODEL REMOVABLE (PER ARCH),,,False
LACMAT,2706.39,2706.39,0.0,0.0,0.0,0.0,2706.39,0.0,0.0,0.0,0.0,0.0,0.0,0.0,0.0,0.0,0.0,CRNEZZ,ARTISTIC EZ,,,False
LAGRIC,2258.25,2258.25,0.0,0.0,348.71000000000004,693.58,1215.96,348.71000000000004,0.0,0.0,0.0,0.0,0.0,0.0,0.0,0.0,0.0,SCREWRETCRN,SCREW RETAINED CROWN TI-BASE,,,False
LAMLOR,7222.98,7222.98,0.0,0.0,2580.1699999999996,648.2,1998.45,4576.33,0.0,273.17,0.0,0.0,0.0,0.0,273.17,0.0,0.0,PARCASTSET,CAST PARTIAL FRAME AND SET TEETH,,,False
LANAMA,163.06,163.06,0.0,0.0,0.0,0.0,163.06,0.0,0.0,0.0,0.0,0.0,0.0,0.0,0.0,0.0,0.0,REMADJ,REMOVABLE ADJUSTMENT,,,False
LANJAN,1719.02,1719.02,0.0,0.0,1057.42,0.0,171.68,1547.3400000000001,0.0,0.0,0.0,0.0,0.0,0.0,0.0,0.0,0.0,REMADJ,REMOVABLE ADJUSTMENT,,,False
LAPANT,12901.05,12901.05,0.0,0.0,2128.64,3626.15,3225.47,6049.43,0.0,0.0,0.0,0.0,0.0,0.0,0.0,0.0,0.0,CRADUAL,DUAL CRA,,,False
LASCHR,129.0,129.0,0.0,0.0,0.0,129.0,0.0,0.0,0.0,0.0,0.0,0.0,0.0,0.0,0.0,0.0,0.0,ART-EVQC-CLSCN,Artistic Call - Scan Quality Review,,,False
LATKIMPAL,8309.050000000001,8309.050000000001,0.0,0.0,1529.39,3295.88,1954.39,3058.78,0.0,0.0,0.0,0.0,0.0,0.0,0.0,0.0,0.0,INFCONT,FDA INFECTION CONTROL,,,False
LAWSTE,1907.33,1907.33,0.0,0.0,0.0,0.0,1456.81,450.52,0.0,0.0,0.0,0.0,0.0,0.0,0.0,0.0,0.0,DIGMODCADREM,DIGITAL PRINTED MODEL REMOVABLE (PER ARCH),,,False
LAZMAR,349.39,349.39,27.96,0.0,0.0,0.0,164.07,185.32,0.0,0.0,6.99,0.0,0.0,0.0,0.0,0.0,0.0,DIGMODCADREM,DIGITAL PRINTED MODEL REMOVABLE (PER ARCH),,,False
LEBRAF,12722.1,12722.1,0.0,0.0,1755.0,5111.59,2643.73,4966.78,0.0,0.0,0.0,0.0,0.0,0.0,0.0,0.0,0.0,DIGBRUXCRN,DIGITAL BRUXZIR,,,False
LEBRAFB,16681.68,16681.68,0.0,0.0,819.66,6062.75,5882.91,4736.0199999999995,0.0,44.5,0.0,0.0,0.0,44.5,0.0,0.0,0.0,DIGBRUXCRN,DIGITAL BRUXZIR,,,False
LEEALI,7519.25,7519.25,0.0,0.0,0.0,2140.85,3875.72,1502.68,0.0,0.0,0.0,0.0,0.0,0.0,0.0,0.0,0.0,CRNBRUX,BRUXZIR,,,False
LEEAND,874.79,874.79,0.0,0.0,0.0,310.61,557.19,6.99,0.0,0.0,0.0,0.0,0.0,0.0,0.0,0.0,0.0,IMPSCRRECE,RE-CEMENT SCREW RETAINED CROWN,,,False
LEEANT,1959.33,1959.33,0.0,0.0,0.0,1065.26,487.78,406.29,0.0,0.0,0.0,0.0,0.0,0.0,0.0,0.0,0.0,CRNMLBDGWG,MARYLAND BRIDGE WING,,,False
LEEJAYBILL,91.05,91.05,0.0,0.0,0.0,91.05,0.0,0.0,0.0,0.0,0.0,0.0,0.0,0.0,0.0,0.0,0.0,CRNEZZ,ARTISTIC EZ,,,False
LEEJAYRV,755.4,755.4,0.0,0.0,0.0,755.4,0.0,0.0,0.0,0.0,0.0,0.0,0.0,0.0,0.0,0.0,0.0,IMPSCRDES,SCREWMENTABLE CASE,,,False
LEEJIW,1487.0,1487.0,0.0,0.0,0.0,339.98,956.8000000000001,190.22,0.0,0.0,0.0,0.0,0.0,0.0,0.0,0.0,0.0,CRADUAL,DUAL CRA,,,False
LEESOOHE,820.27,820.27,0.0,171.68,560.88,0.0,0.0,648.59,171.68,0.0,0.0,0.0,0.0,0.0,0.0,0.0,0.0,INFCONT,FDA INFECTION CONTROL,,,False
LEEYOU,1208.59,1208.59,0.0,0.0,818.36,0.0,177.81,1030.78,0.0,0.0,0.0,0.0,0.0,0.0,0.0,0.0,0.0,DIGEMAXVEN,DIGITAL EMAX VENEER,,,False
LEINIR,1950.33,1950.33,0.0,0.0,475.79,638.78,573.29,738.26,0.0,0.0,0.0,0.0,0.0,0.0,0.0,0.0,0.0,DENREPSIM,SIMPLE REPAIR,,,False
LENMIC,4480.32,4480.32,0.0,0.0,341.32,1206.07,1951.62,1322.63,0.0,0.0,0.0,0.0,0.0,0.0,0.0,0.0,0.0,CRNZAD,ZIRC ADJUST,,,False
LERRIC,622.79,622.79,0.0,0.0,0.0,0.0,324.1,298.69,0.0,0.0,0.0,0.0,0.0,0.0,0.0,0.0,0.0,IMPEVAL,Eval Implant,,,False
LEURIN,11833.52,11833.52,0.0,0.0,816.27,2289.98,6300.93,3242.61,0.0,0.0,0.0,0.0,0.0,0.0,0.0,0.0,0.0,DENPROC,PROCESS FINISH,,,False
LEURINCHI,189.0,189.0,0.0,0.0,0.0,189.0,0.0,0.0,0.0,0.0,0.0,0.0,0.0,0.0,0.0,0.0,0.0,DIGEMAXL,DIGITAL EMAX LAYERED,,,False
LEURINSV,3533.67,3533.67,0.0,0.0,156.51999999999998,1962.8500000000001,806.64,764.18,0.0,105.51,0.0,0.0,0.0,59.99,45.52,0.0,0.0,DIGBRUXCRN,DIGITAL BRUXZIR,,,False
LEVROR,4273.76,4273.76,0.0,0.0,102.29,1306.12,2569.71,397.93,0.0,102.29,0.0,0.0,102.29,0.0,0.0,102.29,0.0,DIGMODCADFIX,DIGITAL PRINTED MODEL FIXED (PER ARCH),,,False
LEZBEA,10148.71,10148.71,179.0,0.0,1036.76,3482.36,2139.63,4526.72,0.0,0.0,0.0,0.0,0.0,0.0,0.0,0.0,0.0,CRNBRUX,BRUXZIR,,,False
LIAPETBO,12214.53,12214.53,0.0,0.0,2672.59,0.0,3915.87,8298.66,0.0,0.0,0.0,0.0,0.0,0.0,0.0,0.0,0.0,CRNZAD,ZIRC ADJUST,,,False
LIAPETOB,846.77,846.77,0.0,0.0,0.0,0.0,0.0,846.77,0.0,0.0,0.0,0.0,0.0,0.0,0.0,0.0,0.0,IOSSALE,SCANNER AND PC 3 SHAPE,,,False
LIBALL,103.47999999999999,103.47999999999999,0.0,0.0,0.0,0.0,0.0,103.47999999999999,0.0,0.0,0.0,0.0,0.0,0.0,0.0,0.0,0.0,CRAHSC,COMFORT H/S BITE SPLINT,,,False
LIEBRI,258.23,258.23,0.0,0.0,0.0,258.23,0.0,0.0,0.0,0.0,0.0,0.0,0.0,0.0,0.0,0.0,0.0,DENREPCOM,COMPLEX REPAIR,,,False
LIGJOC,2664.24,2664.24,0.0,0.0,0.0,1138.27,1390.6299999999999,135.34,0.0,0.0,0.0,0.0,0.0,0.0,0.0,0.0,0.0,DENPROCNM,PROCESS NAME,,,False
LIGLAU,2348.67,2348.67,0.0,0.0,0.0,0.0,1620.5,728.17,0.0,0.0,0.0,0.0,0.0,0.0,0.0,0.0,0.0,DIGLAYCRN,DIGITAL LAYERED ZIRC,,,False
LIGMAR,2068.31,2068.31,0.0,0.0,0.0,849.09,1219.2199999999998,0.0,0.0,0.0,0.0,0.0,0.0,0.0,0.0,0.0,0.0,STRSR,STRAUMANN GENUINE TI-BASE FOR SCREW RETAINED CROWN,,,False
LILULO,483.64000000000004,483.64000000000004,0.0,0.0,0.0,0.0,483.64000000000004,0.0,0.0,0.0,0.0,0.0,0.0,0.0,0.0,0.0,0.0,DIGEZZCRN,DIGITAL ARTISTIC EZ,,,False
LINVIN,4982.01,4982.01,0.0,0.0,0.0,1514.6,1940.8999999999999,1526.51,0.0,484.28,0.0,0.0,0.0,0.0,0.0,484.28,0.0,INFCONT,FDA INFECTION CONTROL,,,False
LITALY,4921.0,4921.0,0.0,0.0,0.0,3486.11,1434.89,0.0,0.0,0.0,0.0,0.0,0.0,0.0,0.0,0.0,0.0,DENAO4HYF,ALL ON 4 HYBRID FINISH W/ H/S COMFORT GUARD,,,False
LLAISA,856.13,856.13,0.0,0.0,0.0,338.0,518.13,0.0,0.0,0.0,0.0,0.0,0.0,0.0,0.0,0.0,0.0,DIGMODCADREM,DIGITAL PRINTED MODEL REMOVABLE (PER ARCH),,,False
LOMANTJO,2047.03,2047.03,0.0,0.0,0.0,0.0,2047.03,0.0,0.0,0.0,0.0,0.0,0.0,0.0,0.0,0.0,0.0,ART-EVQC-CLDD,Artistic Call Date Verification,,,False
LOMANTM,3681.45,3681.45,0.0,0.0,0.0,0.0,3610.86,70.59,0.0,0.0,0.0,0.0,0.0,0.0,0.0,0.0,0.0,DIGBRUXCRN,DIGITAL BRUXZIR,,,False
LOPEST,7574.72,7574.72,0.0,0.0,1463.34,2877.63,1739.71,2957.38,0.0,0.0,0.0,0.0,0.0,0.0,0.0,0.0,0.0,CRNBRUX,BRUXZIR,,,False
LOPSARST,12371.84,12371.84,0.0,0.0,1759.5,5570.06,4221.0199999999995,2580.76,0.0,192.15,0.0,0.0,0.0,47.5,0.0,144.65,0.0,DEN2RESET,2ND RESET AND WAX,,,False
LOVJAM,15051.43,15051.43,0.0,0.0,772.84,5233.639999999999,3010.88,6806.91,0.0,0.0,0.0,0.0,0.0,0.0,0.0,0.0,0.0,CRAHSC,COMFORT H/S BITE SPLINT,,,False
LUCPAULYO,12118.53,12118.53,0.0,0.0,768.22,6352.6,4112.35,1653.58,0.0,0.0,0.0,0.0,0.0,0.0,0.0,0.0,0.0,NY+,NOBLE-Y+,,,False
LUKPAU,19835.84,19835.84,0.0,0.0,933.74,8565.44,7261.04,4009.36,0.0,0.0,0.0,0.0,0.0,0.0,0.0,0.0,0.0,CRNBRUX,BRUXZIR,,,False
LUWENWH,0.0,0.0,0.0,0.0,0.0,0.0,0.0,0.0,0.0,0.0,0.0,0.0,0.0,0.0,0.0,0.0,0.0,DIGBRUXCRN,DIGITAL BRUXZIR,,,False
MACERIMU,782.7099999999999,782.7099999999999,0.0,0.0,80.82,210.0,491.89,80.82,0.0,0.0,0.0,0.0,0.0,0.0,0.0,0.0,0.0,DIGBRUXCRN,DIGITAL BRUXZIR,,,False
MACHAZ,21237.32,21237.32,0.0,79.79,2170.76,6916.4,7355.5,6885.63,79.79,0.0,0.0,0.0,0.0,0.0,0.0,0.0,0.0,DIGBRUXCRN,DIGITAL BRUXZIR,,,False
MACMAR,9864.210000000001,9864.210000000001,0.0,0.0,198.22,4527.7300000000005,4649.55,686.9300000000001,0.0,0.0,0.0,0.0,0.0,0.0,0.0,0.0,0.0,DENPROCNM,PROCESS NAME,,,False
MACSTEP,746.8,746.8,0.0,0.0,193.35,0.0,91.05,655.75,0.0,0.0,0.0,0.0,0.0,0.0,0.0,0.0,0.0,DIGEMAXL,DIGITAL EMAX LAYERED,,,False
MADABD,9442.62,9442.62,0.0,0.0,1457.49,3468.14,3796.1,2178.38,0.0,0.0,0.0,0.0,0.0,0.0,0.0,0.0,0.0,ART-EVQC-CLDR,Artistic Call Doctor Requested Call,,,False
MALKEV,13466.66,13466.66,0.0,0.0,240.73000000000002,10160.17,3065.7599999999998,240.73000000000002,0.0,0.0,0.0,0.0,0.0,0.0,0.0,0.0,0.0,DENREPCOM,COMPLEX REPAIR,,,False
MALRYA,46331.54,46331.54,0.0,0.0,6111.88,14233.94,16056.87,16040.73,0.0,204.73,0.0,0.0,0.0,39.0,39.9,125.83,0.0,CRNZIRCBR,ZIRC BRIDGE CARVE G/S 2-5,,,False
MANEDWLD,229.09,229.09,0.0,0.0,0.0,229.09,0.0,0.0,0.0,57.99,0.0,0.0,0.0,57.99,0.0,0.0,0.0,SMTCRN,SCREWMENTABLE TI ABUTMENT,,,False
MANNATPH,109.05999999999999,109.05999999999999,0.0,0.0,109.05999999999999,0.0,0.0,109.05999999999999,0.0,0.0,0.0,0.0,0.0,0.0,0.0,0.0,0.0,DENLINGBAR,LINGUAL BAR,,,False
MANPAR,423.94,423.94,0.0,0.0,0.0,0.0,0.0,423.94,0.0,0.0,0.0,0.0,0.0,0.0,0.0,0.0,0.0,SMARTPARTS,SMART CONVERSION PARTS,,,False
MANPHI,540.14,540.14,0.0,0.0,0.0,267.0,273.14,0.0,0.0,0.0,0.0,0.0,0.0,0.0,0.0,0.0,0.0,CRNZIRCBR,ZIRC BRIDGE CARVE G/S 2-5,,,False
MANTRE,2605.64,2605.64,0.0,0.0,0.0,2412.7200000000003,192.92000000000002,0.0,0.0,0.0,0.0,0.0,0.0,0.0,0.0,0.0,0.0,DENRELINEH,HEATCURE RELINE,,,False
MARALI,659.76,659.76,0.0,0.0,0.0,0.0,659.76,0.0,0.0,0.0,0.0,0.0,0.0,0.0,0.0,0.0,0.0,ARTREM,FACEBOW ARTICULATION,,,False
MARJOH,359.02,359.02,0.0,0.0,0.0,359.02,0.0,0.0,0.0,0.0,0.0,0.0,0.0,0.0,0.0,0.0,0.0,DENREPSDAY,SAME DAY COMPLEX REPAIR,,,False
MARROM,14786.95,14786.95,0.0,0.0,0.0,7453.429999999999,7333.52,0.0,0.0,0.0,0.0,0.0,0.0,0.0,0.0,0.0,0.0,PARCASTFIN,CAST PARTIAL FRAME PROCESS AND FINISH,,,False
MASJOH,2137.67,2137.67,0.0,0.0,0.0,1344.26,135.02,658.39,0.0,0.0,0.0,0.0,0.0,0.0,0.0,0.0,0.0,DENREPCOM,COMPLEX REPAIR,,,False
MATJOSLOW,902.4499999999999,902.4499999999999,0.0,0.0,0.0,585.56,316.89,0.0,0.0,0.0,0.0,0.0,0.0,0.0,0.0,0.0,0.0,REMADJ,REMOVABLE ADJUSTMENT,,,False
MATSIN,1159.66,1159.66,0.0,0.0,0.0,769.01,208.35999999999999,182.29000000000002,0.0,0.0,0.0,0.0,0.0,0.0,0.0,0.0,0.0,DENREPSIM,SIMPLE REPAIR,,,False
MCCCHR,1153.5900000000001,1153.5900000000001,0.0,0.0,0.0,0.0,628.48,525.11,0.0,0.0,0.0,0.0,0.0,0.0,0.0,0.0,0.0,INFCONT,FDA INFECTION CONTROL,,,False
MCCJOS,6774.19,6774.19,0.0,0.0,555.84,2927.26,2317.08,1529.85,0.0,0.0,0.0,0.0,0.0,0.0,0.0,0.0,0.0,INFCONT,FDA INFECTION CONTROL,,,False
MCCKAT,2185.67,2185.67,0.0,0.0,0.0,163.06,772.94,1249.67,0.0,0.0,0.0,0.0,0.0,0.0,0.0,0.0,0.0,DIGCRATHERM,DIGITAL THERMOPLASTIC CRA,,,False
MCCMICCH,3017.29,3017.29,0.0,0.0,0.0,0.0,1660.84,1356.45,0.0,0.0,0.0,0.0,0.0,0.0,0.0,0.0,0.0,DENPROC,PROCESS FINISH,,,False
MCCMICH,1138.61,1138.61,0.0,0.0,0.0,0.0,0.0,1138.61,0.0,0.0,0.0,0.0,0.0,0.0,0.0,0.0,0.0,CSSTECHAST,TECH ASSISTANCE,,,False
MCCMICLY,1088.8700000000001,1088.8700000000001,0.0,0.0,0.0,848.14,0.0,240.73000000000002,0.0,0.0,0.0,0.0,0.0,0.0,0.0,0.0,0.0,INFCONT,FDA INFECTION CONTROL,,,False
MCCSCO,35934.36,35934.36,0.0,0.0,4055.36,10910.18,12427.21,12596.97,0.0,0.0,0.0,0.0,0.0,0.0,0.0,0.0,0.0,MODSTOREM,STONE MODEL REMOVABLE(PER ARCH),,,False
MCGMAR,3023.98,3023.98,0.0,0.0,0.0,3023.98,0.0,0.0,0.0,0.0,0.0,0.0,0.0,0.0,0.0,0.0,0.0,DENAO4ZIRC,ALL ON 4 ZIRC DENTURE FINISH W/ H/S COMFORT GUARD,,,False
MCGROB,204.59,204.59,0.0,0.0,0.0,204.59,0.0,0.0,0.0,0.0,0.0,0.0,0.0,0.0,0.0,0.0,0.0,DIGEMAXVEN,DIGITAL EMAX VENEER,,,False
MCNJOHLZ,2359.83,2359.83,0.0,0.0,272.6,893.8299999999999,0.0,1466.0,0.0,0.0,0.0,0.0,0.0,0.0,0.0,0.0,0.0,DENREPSMSD,SAME DAY SIMPLE REPAIR,,,False
MCSJAM,5790.530000000001,5790.530000000001,0.0,0.0,1706.71,0.0,1011.06,4779.47,0.0,0.0,0.0,0.0,0.0,0.0,0.0,0.0,0.0,DESSDRVR,DESS SCREWDRIVER,,,False
MEEPHI,1122.13,1122.13,0.0,0.0,0.0,399.0,723.13,0.0,0.0,0.0,0.0,0.0,0.0,0.0,0.0,0.0,0.0,SMARTADDSITE,SMART CONVERSION ADD SITE,,,False
MELHEL,10.63,10.63,0.0,0.0,0.0,10.63,0.0,0.0,0.0,0.0,0.0,0.0,0.0,0.0,0.0,0.0,0.0,DELIVERY,Shipping Cost,,,False
MENMAR,864.99,864.99,0.0,0.0,344.55,520.4399999999999,0.0,344.55,0.0,0.0,0.0,0.0,0.0,0.0,0.0,0.0,0.0,INFCONT,FDA INFECTION CONTROL,,,False
METCHRK,4640.28,4640.28,0.0,0.0,0.0,549.0,0.0,4091.28,0.0,0.0,0.0,0.0,0.0,0.0,0.0,0.0,0.0,INFCONT,FDA INFECTION CONTROL,,,False
MINMIC,4628.5,4628.5,0.0,0.0,0.0,0.0,4628.5,0.0,0.0,0.0,0.0,0.0,0.0,0.0,0.0,0.0,0.0,DENZIADSTE,ALL ZIRC ADDITIONAL SITE,,,False
MINMICGV,0.0,0.0,0.0,0.0,0.0,0.0,0.0,0.0,0.0,0.0,0.0,0.0,0.0,0.0,0.0,0.0,0.0,RETURN,RETURN,,,False
MODPOO,189.0,189.0,0.0,0.0,0.0,189.0,0.0,0.0,0.0,0.0,0.0,0.0,0.0,0.0,0.0,0.0,0.0,DIGEMAXL,DIGITAL EMAX LAYERED,,,False
MOHSHA,2233.12,2233.12,0.0,0.0,0.0,0.0,2233.12,0.0,0.0,0.0,0.0,0.0,0.0,0.0,0.0,0.0,0.0,DENAO4ZIRC,ALL ON 4 ZIRC DENTURE FINISH W/ H/S COMFORT GUARD,,,False
MONFRAVA,130.14,130.14,0.0,0.0,0.0,0.0,0.0,130.14,0.0,0.0,0.0,0.0,0.0,0.0,0.0,0.0,0.0,INFCONT,FDA INFECTION CONTROL,,,False
MOOTAT,1036.47,1036.47,0.0,0.0,327.7,423.57,285.2,327.7,0.0,0.0,0.0,0.0,0.0,0.0,0.0,0.0,0.0,DIGCRAHARD,DIGITAL CRA HARD,,,False
MORCHR,15460.41,15460.41,299.98,0.0,1588.03,4077.54,4098.76,7284.11,0.0,0.0,0.0,0.0,0.0,0.0,0.0,0.0,0.0,INFCONT,FDA INFECTION CONTROL,,,False
MORDENPLA,240.73000000000002,240.73000000000002,0.0,0.0,0.0,0.0,0.0,240.73000000000002,0.0,0.0,0.0,0.0,0.0,0.0,0.0,0.0,0.0,INFCONT,FDA INFECTION CONTROL,,,False
MORPAU,7952.54,7952.54,8025.0,0.0,1331.78,2715.84,3606.05,1630.6499999999999,0.0,0.0,0.0,0.0,0.0,0.0,0.0,0.0,0.0,INFCONT,FDA INFECTION CONTROL,,,False
MUIJOHLE,1607.91,1607.91,0.0,0.0,0.0,0.0,1607.91,0.0,0.0,0.0,0.0,0.0,0.0,0.0,0.0,0.0,0.0,CRNBRUX,BRUXZIR,,,False
MULJENBG,240.73000000000002,240.73000000000002,0.0,0.0,0.0,0.0,0.0,240.73000000000002,0.0,0.0,0.0,0.0,0.0,0.0,0.0,0.0,0.0,DENREPCOM,COMPLEX REPAIR,,,False
MULKEV,4394.66,4394.66,0.0,0.0,0.0,4394.66,0.0,0.0,0.0,0.0,0.0,0.0,0.0,0.0,0.0,0.0,0.0,DELIVERY,Shipping Cost,,,False
MUNALE,536.6700000000001,536.6700000000001,0.0,0.0,0.0,0.0,536.6700000000001,0.0,0.0,0.0,0.0,0.0,0.0,0.0,0.0,0.0,0.0,DIGLAYCRN,DIGITAL LAYERED ZIRC,,,False
MURBRAOP,4263.43,4263.43,0.0,0.0,233.74,0.0,0.0,4263.43,0.0,0.0,0.0,0.0,0.0,0.0,0.0,0.0,0.0,DENDRCALLR,Call Doctor - Removable,,,False
MUSSCODO,76.97999999999999,76.97999999999999,0.0,0.0,0.0,76.97999999999999,0.0,0.0,0.0,0.0,0.0,0.0,0.0,0.0,0.0,0.0,0.0,CRAHSC,COMFORT H/S BITE SPLINT,,,False
MUSSHA,2252.69,2252.69,0.0,0.0,1125.6100000000001,0.0,1127.08,1125.6100000000001,0.0,0.0,0.0,0.0,0.0,0.0,0.0,0.0,0.0,SCREWRETCRN,SCREW RETAINED CROWN TI-BASE,,,False
MYCRONLA,1165.82,1165.82,0.0,0.0,0.0,0.0,1112.71,53.11,0.0,0.0,0.0,0.0,0.0,0.0,0.0,0.0,0.0,IMPSCREW,IMPLANT SCREW,,,False
MYRCATH,451.75,451.75,0.0,0.0,0.0,0.0,0.0,451.75,0.0,0.0,0.0,0.0,0.0,0.0,0.0,0.0,0.0,DIGFCCRN,DIGITAL FULL CAST CROWN,,,False
NAIANK,2442.43,2442.43,0.0,477.56,220.47,0.0,0.0,1964.87,477.56,0.0,0.0,0.0,0.0,0.0,0.0,0.0,0.0,CRNBRUX,BRUXZIR,,,False
NAIHEM,709.4,709.4,0.0,0.0,0.0,424.2,142.6,142.6,0.0,0.0,0.0,0.0,0.0,0.0,0.0,0.0,0.0,DIGMODCADREM,DIGITAL PRINTED MODEL REMOVABLE (PER ARCH),,,False
NAISNE,2448.44,2448.44,0.0,0.0,171.87,138.0,905.0500000000001,1405.39,0.0,0.0,0.0,0.0,0.0,0.0,0.0,0.0,0.0,DIGBRUXCRN,DIGITAL BRUXZIR,,,False
NAPSTE,2542.98,2542.98,0.0,0.0,499.85,0.0,1691.8899999999999,851.09,0.0,0.0,0.0,0.0,0.0,0.0,0.0,0.0,0.0,CRNTEMP,ACRYLIC TEMPORARY,,,False
NASANG,602.97,602.97,0.0,0.0,0.0,602.97,0.0,0.0,0.0,0.0,0.0,0.0,0.0,0.0,0.0,0.0,0.0,DIGCRAHARD,DIGITAL CRA HARD,,,False
NEWDAV,1780.8700000000001,1780.8700000000001,0.0,0.0,154.04000000000002,479.23,598.87,702.77,0.0,0.0,0.0,0.0,0.0,0.0,0.0,0.0,0.0,DENREPCOM,COMPLEX REPAIR,,,False
NICJEF,20115.14,20115.14,0.0,0.0,0.0,13203.05,6820.64,91.44999999999999,0.0,84.98,0.0,0.0,0.0,0.0,84.98,0.0,0.0,DIGEZZCRN,DIGITAL ARTISTIC EZ,,,False
NICLAU,11593.97,11593.97,0.0,0.0,0.0,11593.97,0.0,0.0,0.0,0.0,0.0,0.0,0.0,0.0,0.0,0.0,0.0,INFCONT,FDA INFECTION CONTROL,,,False
NIEJOS,21053.829999999998,21053.829999999998,0.0,87.80999999999999,3876.42,1034.6299999999999,11255.64,8675.75,87.80999999999999,0.0,0.0,0.0,0.0,0.0,0.0,0.0,0.0,CRNBRUX,BRUXZIR,,,False
NIEMAR,29850.22,29850.22,59.98,0.0,3731.87,10048.5,9457.82,10343.9,0.0,793.78,0.0,0.0,0.0,0.0,496.6,297.18,0.0,REMADJ,REMOVABLE ADJUSTMENT,,,False
NIKCHRCH,1309.34,1309.34,0.0,0.0,0.0,1309.34,0.0,0.0,0.0,0.0,0.0,0.0,0.0,0.0,0.0,0.0,0.0,INFCONT,FDA INFECTION CONTROL,,,False
NISLIN,33107.29,33107.29,0.0,0.0,3425.9900000000002,11116.49,11661.79,10329.01,0.0,126.07,0.0,0.0,0.0,39.0,0.0,87.07,0.0,REMADJ,REMOVABLE ADJUSTMENT,,,False
NIXDEN,798.37,798.37,0.0,0.0,0.0,798.37,0.0,0.0,0.0,0.0,0.0,0.0,0.0,0.0,0.0,0.0,0.0,CSSCONSULT,IN OFFICE CONVERSION,,,False
NORLIN,2347.3,2347.3,0.0,0.0,0.0,1273.98,1073.32,0.0,0.0,0.0,0.0,0.0,0.0,0.0,0.0,0.0,0.0,DIGBRUXCRN,DIGITAL BRUXZIR,,,False
NORLINRV,904.31,904.31,0.0,0.0,0.0,569.79,79.79,254.73,0.0,39.0,0.0,0.0,0.0,39.0,0.0,0.0,0.0,CRNZIRCBR,ZIRC BRIDGE CARVE G/S 2-5,,,False
NORMIS,82.22999999999999,82.22999999999999,0.0,0.0,0.0,0.0,82.22999999999999,0.0,0.0,0.0,0.0,0.0,0.0,0.0,0.0,0.0,0.0,DIGMODCADREM,DIGITAL PRINTED MODEL REMOVABLE (PER ARCH),,,False
NUCMAG,18997.23,18997.23,0.0,0.0,1457.6,10391.92,4913.92,3691.39,0.0,0.0,0.0,0.0,0.0,0.0,0.0,0.0,0.0,DIGEZZCRN,DIGITAL ARTISTIC EZ,,,False
OBEGAR,18456.920000000002,18456.920000000002,0.0,0.0,0.0,10692.64,7248.85,515.43,0.0,225.06,0.0,0.0,0.0,0.0,225.06,0.0,0.0,CRNPFMB,PFM BASE,,,False
OCAJAM,2479.5099999999998,2479.5099999999998,0.0,0.0,0.0,856.25,1623.26,0.0,0.0,0.0,0.0,0.0,0.0,0.0,0.0,0.0,0.0,CRNZAD,ZIRC ADJUST,,,False
OGAVIN,4874.7,4874.7,0.0,0.0,0.0,3544.8100000000004,1329.89,0.0,0.0,68.54,0.0,0.0,0.0,0.0,68.54,0.0,0.0,CRNBRUX,BRUXZIR,,,False
OGRLIS,9503.710000000001,9503.710000000001,0.0,0.0,2615.98,5351.35,1536.38,2615.98,0.0,0.0,0.0,0.0,0.0,0.0,0.0,0.0,0.0,INFCONT,FDA INFECTION CONTROL,,,False
OGUUHO,600.0,600.0,0.0,0.0,600.0,0.0,0.0,600.0,0.0,0.0,0.0,0.0,0.0,0.0,0.0,0.0,0.0,CSSCONSULT,IN OFFICE CONVERSION,,,False
OLCVAN,13881.279999999999,13881.279999999999,0.0,0.0,1204.08,2553.54,6151.33,5176.41,0.0,0.0,0.0,0.0,0.0,0.0,0.0,0.0,0.0,DIGBRUXCRN,DIGITAL BRUXZIR,,,False
OLUMOR,1878.03,1878.03,0.0,0.0,0.0,1878.03,0.0,0.0,0.0,0.0,0.0,0.0,0.0,0.0,0.0,0.0,0.0,SCREWRETCRN,SCREW RETAINED CROWN TI-BASE,,,False
ORNJOSCP,988.69,988.69,0.0,0.0,988.69,0.0,0.0,988.69,0.0,0.0,0.0,0.0,0.0,0.0,0.0,0.0,0.0,DIGDENTRY,DIGITAL DENTURE TRY IN / FINISH,,,False
OYLJAS,331.0,331.0,0.0,0.0,0.0,331.0,0.0,0.0,0.0,0.0,0.0,0.0,0.0,0.0,0.0,0.0,0.0,INFCONT,FDA INFECTION CONTROL,,,False
PAGCAR,5191.41,5191.41,0.0,0.0,1271.81,1949.73,0.0,3241.68,0.0,0.0,0.0,0.0,0.0,0.0,0.0,0.0,0.0,SMARTPARTS,SMART CONVERSION PARTS,,,False
PAGCAROKLW,1969.87,1969.87,0.0,0.0,0.0,0.0,0.0,1969.87,0.0,0.0,0.0,0.0,0.0,0.0,0.0,0.0,0.0,SMARTADDSITE,SMART CONVERSION ADD SITE,,,False
PAIADI,16171.5,16171.5,0.0,0.0,3230.48,1340.0,5274.28,9557.22,0.0,0.0,0.0,0.0,0.0,0.0,0.0,0.0,0.0,DENFULPFIN,FULL DENTURE FINISH PREMIUM TEETH,,,False
PAMPAU,14836.49,14836.49,0.0,0.0,0.0,9975.11,3093.06,1768.32,0.0,0.0,0.0,0.0,0.0,0.0,0.0,0.0,0.0,CSSCONSULT,IN OFFICE CONVERSION,,,False
PANANE,6753.58,6753.58,0.0,0.0,381.24,181.35999999999999,5792.530000000001,779.69,0.0,0.0,0.0,0.0,0.0,0.0,0.0,0.0,0.0,DENSET>9,SET UP 1-9 TEETH,,,False
PAOGAB,2457.87,2457.87,0.0,0.0,806.19,0.0,0.0,2457.87,0.0,0.0,0.0,0.0,0.0,0.0,0.0,0.0,0.0,ORDERPARTS,ORDER PARTS,,,False
PAPAMI,9573.38,9573.38,0.0,187.61,862.8299999999999,2015.0900000000001,4640.87,2729.81,187.61,302.23,0.0,0.0,0.0,0.0,302.23,0.0,0.0,INFCONT,FDA INFECTION CONTROL,,,False
PARANG,1161.44,1161.44,0.0,0.0,251.81,0.0,909.63,251.81,0.0,0.0,0.0,0.0,0.0,0.0,0.0,0.0,0.0,DIGMODCADREM,DIGITAL PRINTED MODEL REMOVABLE (PER ARCH),,,False
PARCAR,9280.04,9280.04,0.0,0.0,0.0,1500.6100000000001,0.0,7779.43,0.0,0.0,0.0,0.0,0.0,0.0,0.0,0.0,0.0,DENDRCALLR,Call Doctor - Removable,,,False
PARCHR,15.94,15.94,0.0,0.0,0.0,15.94,0.0,0.0,0.0,0.0,0.0,0.0,0.0,0.0,0.0,0.0,0.0,DIGMODCADFIX,DIGITAL PRINTED MODEL FIXED (PER ARCH),,,False
PARHAY,276.18,276.18,0.0,0.0,0.0,276.18,0.0,0.0,0.0,0.0,0.0,0.0,0.0,0.0,0.0,0.0,0.0,CRNBRUX,BRUXZIR,,,False
PARKRURO,263.72,263.72,0.0,0.0,0.0,0.0,263.72,0.0,0.0,0.0,0.0,0.0,0.0,0.0,0.0,0.0,0.0,DIGANALOG,ANALOG DIGITAL IMPRESSION,,,False
PASKAR,1730.25,1730.25,0.0,0.0,0.0,785.04,449.59000000000003,495.62,0.0,0.0,0.0,0.0,0.0,0.0,0.0,0.0,0.0,INFCONT,FDA INFECTION CONTROL,,,False
PASSAM,677.3100000000001,677.3100000000001,0.0,0.0,0.0,585.25,92.06,0.0,0.0,92.06,0.0,0.0,0.0,0.0,92.06,0.0,0.0,PARTIALUNI,UNILATERAL FLEXI PARTIAL,,,False
PATAME,11184.68,11184.68,0.0,0.0,736.48,4557.04,3681.7200000000003,2945.92,0.0,0.0,0.0,0.0,0.0,0.0,0.0,0.0,0.0,DIGBRUXCRN,DIGITAL BRUXZIR,,,False
PATAMIBG,489.0,489.0,0.0,0.0,0.0,489.0,0.0,0.0,0.0,0.0,0.0,0.0,0.0,0.0,0.0,0.0,0.0,SGSTNTBSKY,CO-DIAGNOSTIX SURGICAL GUIDE,,,False
PATAMIPA,1102.97,1102.97,0.0,0.0,0.0,971.0,0.0,131.97,0.0,0.0,0.0,0.0,0.0,0.0,0.0,0.0,0.0,DIGMODCADREM,DIGITAL PRINTED MODEL REMOVABLE (PER ARCH),,,False
PATAMISK,1353.47,1353.47,0.0,0.0,0.0,1221.5,0.0,131.97,0.0,0.0,0.0,0.0,0.0,0.0,0.0,0.0,0.0,DIGCRAHARD,DIGITAL CRA HARD,,,False
PATAVAEL,279.49,279.49,0.0,0.0,0.0,279.49,0.0,0.0,0.0,0.0,0.0,0.0,0.0,0.0,0.0,0.0,0.0,DTARTICP8,HERAEUS ARTIC POSTERIOR 8 TEETH,,,False
PATBIN,218.54,218.54,0.0,0.0,0.0,218.54,0.0,0.0,0.0,0.0,0.0,0.0,0.0,0.0,0.0,0.0,0.0,CRNCS,CUSTOM SHADING,,,False
PATDHA,410.97,410.97,0.0,0.0,0.0,0.0,0.0,410.97,0.0,0.0,0.0,0.0,0.0,0.0,0.0,0.0,0.0,SGADDSITE,SURGICAL GUIDE ADDITIONAL SITE,,,False
PATGIA,7753.05,7753.05,0.0,0.0,116.62,0.0,5950.6,1802.45,0.0,116.62,0.0,0.0,116.62,0.0,0.0,116.62,0.0,CRNEMAXM,MONOLITHIC EMAX,,,False
PATHARVV,1707.42,1707.42,0.0,0.0,818.9100000000001,0.0,293.75,1413.67,0.0,0.0,0.0,0.0,0.0,0.0,0.0,0.0,0.0,DIGLAYCRN,DIGITAL LAYERED ZIRC,,,False
PATKRU,420.59000000000003,420.59000000000003,0.0,0.0,216.0,0.0,0.0,420.59000000000003,0.0,0.0,0.0,0.0,0.0,0.0,0.0,0.0,0.0,DIGBRUXCRN,DIGITAL BRUXZIR,,,False
PATKRURO,11652.84,11652.84,0.0,0.0,1076.19,5576.61,4423.08,1653.1499999999999,0.0,0.0,0.0,0.0,0.0,0.0,0.0,0.0,0.0,ART-EVQC-CLSCN,Artistic Call - Scan Quality Review,,,False
PATLEE,1853.46,1853.46,0.0,0.0,0.0,1853.46,0.0,0.0,0.0,0.0,0.0,0.0,0.0,0.0,0.0,0.0,0.0,DIGBRUXCRN,DIGITAL BRUXZIR,,,False
PATMAR,5870.63,5870.63,0.0,662.61,0.0,1123.88,1727.46,2356.68,662.61,0.0,0.0,0.0,0.0,0.0,0.0,0.0,0.0,CRNEZZ,ARTISTIC EZ,,,False
PATMON,10082.18,10082.18,0.0,0.0,0.0,6674.41,3407.77,0.0,0.0,0.0,0.0,0.0,0.0,0.0,0.0,0.0,0.0,DENAOFHSC,ALL ON 4 COMFORT H/S BITE SPLINT,,,False
PATNEE,13867.960000000001,13867.960000000001,0.0,0.0,846.77,2202.34,4653.45,7012.17,0.0,55.31,0.0,0.0,0.0,0.0,0.0,55.31,0.0,CRNBRUX,BRUXZIR,,,False
PATNIS,4919.68,4919.68,0.0,0.0,350.94,234.83999999999997,1898.55,2786.29,0.0,0.0,0.0,0.0,0.0,0.0,0.0,0.0,0.0,INFCONT,FDA INFECTION CONTROL,,,False
PATNITNA,1093.92,1093.92,0.0,0.0,0.0,1093.92,0.0,0.0,0.0,0.0,0.0,0.0,0.0,0.0,0.0,0.0,0.0,DENPROCNM,PROCESS NAME,,,False
PATPAROL,1506.88,1506.88,0.0,0.0,0.0,0.0,306.88,1200.0,0.0,0.0,0.0,0.0,0.0,0.0,0.0,0.0,0.0,CSSCONSULT,IN OFFICE CONVERSION,,,False
PATPINNA,14616.03,14616.03,0.0,0.0,2886.45,0.0,8305.86,6310.17,0.0,96.47,0.0,0.0,0.0,0.0,0.0,96.47,0.0,CRNDTD,Doctor Trim Dies,,,False
PATPINNV,8704.81,8704.81,0.0,276.54,3758.72,0.0,1446.51,6981.76,276.54,70.58,0.0,0.0,35.29,0.0,0.0,70.58,0.0,CRAHSC,COMFORT H/S BITE SPLINT,,,False
PATPINNVO,3928.52,3928.52,0.0,0.0,1344.4099999999999,0.0,182.09,3746.43,0.0,0.0,0.0,0.0,0.0,0.0,0.0,0.0,0.0,ORTHAWLEY,HAWLEY RETAINER,,,False
PATRAJ,1837.21,1837.21,1134.0,0.0,0.0,0.0,1837.21,0.0,0.0,0.0,0.0,0.0,0.0,0.0,0.0,0.0,0.0,DIGBRUXCRN,DIGITAL BRUXZIR,,,False
PATRAJCH,1105.16,1105.16,0.0,0.0,1105.16,0.0,0.0,1105.16,0.0,0.0,0.0,0.0,0.0,0.0,0.0,0.0,0.0,DIGDWXDWU,DIGITAL DIAGNOSTIC WAXUP,,,False
PATRAJWL,53.1,53.1,0.0,0.0,0.0,0.0,53.1,0.0,0.0,0.0,0.0,0.0,0.0,0.0,0.0,0.0,0.0,DIGDWXDWU,DIGITAL DIAGNOSTIC WAXUP,,,False
PATRICDO,248.94,248.94,0.0,0.0,0.0,248.94,0.0,0.0,0.0,0.0,0.0,0.0,0.0,0.0,0.0,0.0,0.0,INFCONT,FDA INFECTION CONTROL,,,False
PATROH,585.56,585.56,0.0,0.0,0.0,0.0,585.56,0.0,0.0,0.0,0.0,0.0,0.0,0.0,0.0,0.0,0.0,DELIVERY,Shipping Cost,,,False
PATSHEDO,7695.31,7695.31,0.0,0.0,1151.8600000000001,3353.91,1593.57,2747.83,0.0,0.0,0.0,0.0,0.0,0.0,0.0,0.0,0.0,DIGBRUXCRN,DIGITAL BRUXZIR,,,False
PATSHERV,482.84,482.84,0.0,0.0,0.0,482.84,0.0,0.0,0.0,0.0,0.0,0.0,0.0,0.0,0.0,0.0,0.0,INFCONT,FDA INFECTION CONTROL,,,False
PATSHIBV,3904.0,3904.0,0.0,0.0,0.0,1599.0800000000002,843.49,1461.43,0.0,0.0,0.0,0.0,0.0,0.0,0.0,0.0,0.0,DIGEZZCRN,DIGITAL ARTISTIC EZ,,,False
PATTAR,2535.73,2535.73,0.0,0.0,0.0,1461.58,1074.15,0.0,0.0,0.0,0.0,0.0,0.0,0.0,0.0,0.0,0.0,CRNBRUX,BRUXZIR,,,False
PATTARRO,648.5899999999999,648.5899999999999,0.0,91.05,273.14,0.0,0.0,557.54,91.05,0.0,0.0,0.0,0.0,0.0,0.0,0.0,0.0,CRNEZZ,ARTISTIC EZ,,,False
PATUMA,20330.59,20330.59,0.0,0.0,0.0,10399.34,8474.52,1456.73,0.0,140.56,0.0,0.0,0.0,140.56,0.0,0.0,0.0,DIGANALOG,ANALOG DIGITAL IMPRESSION,,,False
PATUMAPH,2283.21,2283.21,0.0,0.0,0.0,1493.05,709.34,80.82,0.0,0.0,0.0,0.0,0.0,0.0,0.0,0.0,0.0,DIGBRUXCRN,DIGITAL BRUXZIR,,,False
PAUMICBL,5222.18,5222.18,0.0,0.0,1574.95,245.95999999999998,2266.8599999999997,2709.36,0.0,0.0,0.0,0.0,0.0,0.0,0.0,0.0,0.0,INFCONT,FDA INFECTION CONTROL,,,False
PECCHA,0.0,0.0,0.0,0.0,0.0,0.0,0.0,0.0,0.0,0.0,0.0,0.0,0.0,0.0,0.0,0.0,0.0,PHOTOZRBASE,PHOTOGRAMMETRY/DIGITAL FINAL ZR W/TI BASE,,,False
PERLUI,30709.2,30709.2,0.0,0.0,364.2,21232.43,7492.139999999999,1984.6299999999999,0.0,80.41999999999999,0.0,0.0,0.0,80.41999999999999,0.0,0.0,0.0,DIGMODCADFIX,DIGITAL PRINTED MODEL FIXED (PER ARCH),,,False
PETCHR,18071.22,18071.22,0.0,86.96,2084.9,5372.79,5471.69,7139.78,86.96,0.0,0.0,0.0,0.0,0.0,0.0,0.0,0.0,DIGBRUXCRN,DIGITAL BRUXZIR,,,False
PETDAV,251.35,251.35,0.0,0.0,0.0,0.0,0.0,251.35,0.0,0.0,0.0,0.0,0.0,0.0,0.0,0.0,0.0,DENREPCOM,COMPLEX REPAIR,,,False
PETRYA,4929.4,4929.4,0.0,0.0,512.39,2684.38,1082.8200000000002,1162.2,0.0,0.0,0.0,0.0,0.0,0.0,0.0,0.0,0.0,DIGANALOG,ANALOG DIGITAL IMPRESSION,,,False
PHIJAC,1381.1,1381.1,0.0,0.0,91.05,1085.46,204.59,91.05,0.0,0.0,0.0,0.0,0.0,0.0,0.0,0.0,0.0,DIGBRUXCRN,DIGITAL BRUXZIR,,,False
PHIJOSCHI,5610.99,5610.99,0.0,0.0,0.0,5381.04,229.95,0.0,0.0,159.59,0.0,0.0,0.0,119.69,39.9,0.0,0.0,DIGEZZCRN,DIGITAL ARTISTIC EZ,,,False
PICGIN,20557.99,20557.99,0.0,107.42,1945.78,9598.99,3753.68,7097.9,107.42,87.25999999999999,0.0,0.0,0.0,0.0,87.25999999999999,0.0,0.0,DIGEZZCRN,DIGITAL ARTISTIC EZ,,,False
PLAROB,4325.46,4325.46,0.0,0.0,0.0,3125.2,788.22,412.03999999999996,0.0,0.0,0.0,0.0,0.0,0.0,0.0,0.0,0.0,INFCONT,FDA INFECTION CONTROL,,,False
POLNIC,13982.85,13982.85,0.0,0.0,1411.11,1569.62,1628.06,10785.17,0.0,0.0,0.0,0.0,0.0,0.0,0.0,0.0,0.0,DENREPCOM,COMPLEX REPAIR,,,False
PONANT,1656.13,1656.13,0.0,0.0,240.73000000000002,1415.4,0.0,240.73000000000002,0.0,0.0,0.0,0.0,0.0,0.0,0.0,0.0,0.0,INFCONT,FDA INFECTION CONTROL,,,False
POPDAN,1112.93,1112.93,0.0,0.0,0.0,0.0,1112.93,0.0,0.0,0.0,0.0,0.0,0.0,0.0,0.0,0.0,0.0,DENAO4ZIRC,ALL ON 4 ZIRC DENTURE FINISH W/ H/S COMFORT GUARD,,,False
POSBRI,4281.79,4281.79,0.0,0.0,318.84000000000003,867.5500000000001,1785.5,1628.74,0.0,0.0,0.0,0.0,0.0,0.0,0.0,0.0,0.0,CRADUAL,DUAL CRA,,,False
POTCHR,9504.92,9504.92,0.0,0.0,1638.92,5861.4400000000005,1948.71,1694.77,0.0,0.0,0.0,0.0,0.0,0.0,0.0,0.0,0.0,DIGMODCADREM,DIGITAL PRINTED MODEL REMOVABLE (PER ARCH),,,False
PPOSTLEO,2996.99,2996.99,0.0,0.0,0.0,2996.99,0.0,0.0,0.0,0.0,0.0,0.0,0.0,0.0,0.0,0.0,0.0,DENAO4ZIRC,ALL ON 4 ZIRC DENTURE FINISH W/ H/S COMFORT GUARD,,,False
PRAMAR,12345.26,12345.26,0.0,171.68,1309.6,3373.96,5106.14,3693.48,171.68,0.0,0.0,0.0,0.0,0.0,0.0,0.0,0.0,INFCONT,FDA INFECTION CONTROL,,,False
PRODON,7412.23,7412.23,0.0,0.0,0.0,2235.5299999999997,3010.81,2165.89,0.0,276.78,0.0,0.0,0.0,0.0,276.78,0.0,0.0,DENPROCNM,PROCESS NAME,,,False
PULJOSMT,1253.16,1253.16,0.0,0.0,0.0,970.8,0.0,282.36,0.0,0.0,0.0,0.0,0.0,0.0,0.0,0.0,0.0,DIGBRUXCRN,DIGITAL BRUXZIR,,,False
PULPETCC,103.47999999999999,103.47999999999999,0.0,0.0,0.0,0.0,0.0,103.47999999999999,0.0,0.0,0.0,0.0,0.0,0.0,0.0,0.0,0.0,CRAHSC,COMFORT H/S BITE SPLINT,,,False
PULPETSEN,581.99,581.99,0.0,0.0,66.48,0.0,0.0,581.99,0.0,0.0,0.0,0.0,0.0,0.0,0.0,0.0,0.0,INFCONT,FDA INFECTION CONTROL,,,False
RAHTAI,3365.05,3365.05,0.0,0.0,0.0,3177.46,187.59,0.0,0.0,0.0,0.0,0.0,0.0,0.0,0.0,0.0,0.0,DENPROC,PROCESS FINISH,,,False
RAICRAOP,0.0,0.0,0.0,0.0,0.0,0.0,0.0,0.0,0.0,0.0,0.0,0.0,0.0,0.0,0.0,0.0,0.0,DIGEMAXL,DIGITAL EMAX LAYERED,,,False
RAIMAN,4001.3,4001.3,0.0,0.0,0.0,2971.4700000000003,1029.83,0.0,0.0,0.0,0.0,0.0,0.0,0.0,0.0,0.0,0.0,DIGANALOG,ANALOG DIGITAL IMPRESSION,,,False
RAIMANNA,6269.8,6269.8,0.0,0.0,0.0,3781.92,1956.12,531.76,0.0,89.99,0.0,0.0,0.0,89.99,0.0,0.0,0.0,ART-EVQC-CLDD,Artistic Call Date Verification,,,False
RAITHO,350.45,350.45,0.0,0.0,0.0,0.0,0.0,350.45,0.0,0.0,0.0,0.0,0.0,0.0,0.0,0.0,0.0,MODC1,PRINTED STUDY MODEL 1 ARCH,,,False
RANMAR,4852.37,4852.37,0.0,0.0,756.3199999999999,2709.73,1256.58,886.06,0.0,0.0,0.0,0.0,0.0,0.0,0.0,0.0,0.0,INFCONT,FDA INFECTION CONTROL,,,False
RANRIC,3072.7599999999998,3072.7599999999998,0.0,0.0,0.0,0.0,0.0,3072.7599999999998,0.0,0.0,0.0,0.0,0.0,0.0,0.0,0.0,0.0,INFCONT,FDA INFECTION CONTROL,,,False
RAOPOO,566.92,566.92,0.0,0.0,0.0,566.92,0.0,0.0,0.0,0.0,0.0,0.0,0.0,0.0,0.0,0.0,0.0,CRNBRUX,BRUXZIR,,,False
RASMOSFL,13127.47,13127.47,0.0,0.0,781.15,7204.87,3828.66,2093.94,0.0,35.29,0.0,0.0,0.0,0.0,0.0,35.29,0.0,DIGCRAHARD,DIGITAL CRA HARD,,,False
RAZLAN,2533.4700000000003,2533.4700000000003,0.0,0.0,0.0,0.0,2533.4700000000003,0.0,0.0,0.0,0.0,0.0,0.0,0.0,0.0,0.0,0.0,INFCONT,FDA INFECTION CONTROL,,,False
REAAND,326.12,326.12,0.0,0.0,0.0,0.0,163.06,163.06,0.0,0.0,0.0,0.0,0.0,0.0,0.0,0.0,0.0,CRADUAL,DUAL CRA,,,False
REDDEB,536.87,536.87,0.0,0.0,0.0,0.0,283.58,253.29,0.0,0.0,0.0,0.0,0.0,0.0,0.0,0.0,0.0,CRNBRUX,BRUXZIR,,,False
REMTHO,15202.69,15202.69,0.0,0.0,631.48,5453.26,7061.87,2687.56,0.0,0.0,0.0,0.0,0.0,0.0,0.0,0.0,0.0,INFCONT,FDA INFECTION CONTROL,,,False
RESVER,9743.03,9743.03,0.0,0.0,1643.4099999999999,2323.9700000000003,4238.34,3180.72,0.0,64.5,0.0,0.0,0.0,64.5,0.0,0.0,0.0,DIGLAYCRN,DIGITAL LAYERED ZIRC,,,False
REZSEMNV,262.47,262.47,0.0,0.0,0.0,262.47,0.0,0.0,0.0,0.0,0.0,0.0,0.0,0.0,0.0,0.0,0.0,INFCONT,FDA INFECTION CONTROL,,,False
RHICAT,25864.63,25864.63,954.0,0.0,2997.02,9469.48,8203.58,8191.57,0.0,380.94,0.0,0.0,0.0,94.5,0.0,286.44,0.0,CRNBRUX,BRUXZIR,,,False
RHIDEB,180.22,180.22,28.0,0.0,180.22,0.0,0.0,180.22,0.0,0.0,0.0,0.0,0.0,0.0,0.0,0.0,0.0,SGBARPROC,BARIUM PROCESSED STENT,,,False
RINJOH,1111.5,1111.5,0.0,0.0,0.0,0.0,0.0,1111.5,0.0,0.0,0.0,0.0,0.0,0.0,0.0,0.0,0.0,CSSCONSULT,IN OFFICE CONVERSION,,,False
RIYTARCHI,21686.18,21686.18,0.0,0.0,1892.15,502.17,12049.25,9134.76,0.0,0.0,0.0,0.0,0.0,0.0,0.0,0.0,0.0,MEGTIABUT,MEGAGEN GENUINE TI-ABUTMENT,,,False
RODJOR,280.40999999999997,280.40999999999997,0.0,0.0,0.0,0.0,212.42,67.99,0.0,0.0,0.0,0.0,0.0,0.0,0.0,0.0,0.0,CRNSTLEXPT,STL FILE EXPORT,,,False
RODOSM,2910.7599999999998,2910.7599999999998,0.0,0.0,0.0,1071.41,0.0,1839.35,0.0,0.0,0.0,0.0,0.0,0.0,0.0,0.0,0.0,CSPHOTO1,PHOTOGRAMMETRY PACKAGE 1,,,False
ROEAND,12083.37,12083.37,0.0,0.0,0.0,850.0,11233.37,0.0,0.0,0.0,0.0,0.0,0.0,0.0,0.0,0.0,0.0,DENREPCOM,COMPLEX REPAIR,,,False
ROGNIC,241.17000000000002,241.17000000000002,0.0,0.0,0.0,241.17000000000002,0.0,0.0,0.0,0.0,0.0,0.0,0.0,0.0,0.0,0.0,0.0,DENREPCOM,COMPLEX REPAIR,,,False
ROONAT,2596.99,2596.99,0.0,0.0,0.0,2596.99,0.0,0.0,0.0,0.0,0.0,0.0,0.0,0.0,0.0,0.0,0.0,INFCONT,FDA INFECTION CONTROL,,,False
ROSMELCH,478.53999999999996,478.53999999999996,0.0,0.0,234.68,0.0,243.85999999999999,234.68,0.0,0.0,0.0,0.0,0.0,0.0,0.0,0.0,0.0,DENCLASP,CLASP METAL,,,False
ROUBRA,1075.93,1075.93,0.0,0.0,163.85,282.85,137.68,655.4,0.0,0.0,0.0,0.0,0.0,0.0,0.0,0.0,0.0,DELIVERY,Shipping Cost,,,False
RUDOLIBA,863.35,863.35,0.0,0.0,0.0,0.0,604.0699999999999,259.28,0.0,0.0,0.0,0.0,0.0,0.0,0.0,0.0,0.0,CRAHSC,COMFORT H/S BITE SPLINT,,,False
RUTLOU,2732.76,2732.76,0.0,0.0,449.0,0.0,2283.76,449.0,0.0,0.0,0.0,0.0,0.0,0.0,0.0,0.0,0.0,CSSAO4REP,ALL ON 4 REPAIR,,,False
RYASEA,15793.36,15793.36,0.0,91.05,949.5799999999999,6763.43,4373.85,4565.03,91.05,314.52,0.0,0.0,0.0,314.52,0.0,0.0,0.0,DIGEZZCRN,DIGITAL ARTISTIC EZ,,,False
RYATHOHO,329.98,329.98,0.0,0.0,0.0,0.0,329.98,0.0,0.0,0.0,0.0,0.0,0.0,0.0,0.0,0.0,0.0,INFCONT,FDA INFECTION CONTROL,,,False
RYCJUAFL,9176.23,9176.23,0.0,0.0,494.13,2932.21,4634.78,1609.24,0.0,0.0,0.0,0.0,0.0,0.0,0.0,0.0,0.0,DIGBRUXCRN,DIGITAL BRUXZIR,,,False
RYCJUANL,386.96999999999997,386.96999999999997,0.0,0.0,129.74,0.0,257.23,129.74,0.0,0.0,0.0,0.0,0.0,0.0,0.0,0.0,0.0,CRNEZZ,ARTISTIC EZ,,,False
SABANA,1977.04,1977.04,0.0,0.0,195.54,1145.77,532.25,299.02,0.0,0.0,0.0,0.0,0.0,0.0,0.0,0.0,0.0,DIGMODCADREM,DIGITAL PRINTED MODEL REMOVABLE (PER ARCH),,,False
SABANARO,3736.76,3736.76,0.0,0.0,0.0,1629.1,2004.51,103.14999999999999,0.0,0.0,0.0,0.0,0.0,0.0,0.0,0.0,0.0,CRNEZZ,ARTISTIC EZ,,,False
SABTRURO,474.76000000000005,474.76000000000005,0.0,0.0,0.0,0.0,198.22,276.54,0.0,0.0,0.0,0.0,0.0,0.0,0.0,0.0,0.0,DENMESHREI,PERMAMESH REINFORCEMENT,,,False
SACELI,2636.04,2636.04,0.0,0.0,327.7,300.89,592.26,1742.8899999999999,0.0,0.0,0.0,0.0,0.0,0.0,0.0,0.0,0.0,DIGMODCADREM,DIGITAL PRINTED MODEL REMOVABLE (PER ARCH),,,False
SAFHAY,2619.7599999999998,2619.7599999999998,0.0,182.09,91.05,910.48,1071.94,455.25,182.09,0.0,0.0,0.0,0.0,0.0,0.0,0.0,0.0,DIGBRUXCRN,DIGITAL BRUXZIR,,,False
SAFTAR,6534.5599999999995,6534.5599999999995,0.0,0.0,131.44,2286.99,2675.97,1571.6,0.0,0.0,0.0,0.0,0.0,0.0,0.0,0.0,0.0,DIGMODCADREM,DIGITAL PRINTED MODEL REMOVABLE (PER ARCH),,,False
SAFTARMU,229.72,229.72,0.0,0.0,0.0,229.72,0.0,0.0,0.0,0.0,0.0,0.0,0.0,0.0,0.0,0.0,0.0,MODSTOREM,STONE MODEL REMOVABLE(PER ARCH),,,False
SALCHACH,232.47,232.47,0.0,0.0,0.0,232.47,0.0,0.0,0.0,0.0,0.0,0.0,0.0,0.0,0.0,0.0,0.0,INFCONT,FDA INFECTION CONTROL,,,False
SALMICOP,251.24,251.24,0.0,0.0,0.0,251.24,0.0,0.0,0.0,0.0,0.0,0.0,0.0,0.0,0.0,0.0,0.0,DENEVALREM,Eval Removable case,,,False
SALNICLAW,5479.0599999999995,5479.0599999999995,0.0,0.0,332.21999999999997,1945.66,2532.73,1000.67,0.0,239.53,0.0,0.0,0.0,67.5,84.99,87.03999999999999,0.0,DIGCRAHARD,DIGITAL CRA HARD,,,False
SAMAND,9827.7,9827.7,0.0,0.0,600.0,0.0,8681.11,1146.59,0.0,0.0,0.0,0.0,0.0,0.0,0.0,0.0,0.0,CSSCONSULT,IN OFFICE CONVERSION,,,False
SAMJACSTC,41291.73,41291.73,55.0,127.88,5048.2300000000005,13131.66,14247.87,13784.32,127.88,96.9,0.0,0.0,0.0,57.0,39.9,0.0,0.0,DIGCRAHARD,DIGITAL CRA HARD,,,False
SANBRA,4281.99,4281.99,0.0,0.0,1123.25,1098.0,2060.74,1123.25,0.0,0.0,0.0,0.0,0.0,0.0,0.0,0.0,0.0,DENAO4,Digital A04 With Surgical Guide,,,False
SANHAZ,239.38,239.38,0.0,0.0,0.0,0.0,239.38,0.0,0.0,0.0,0.0,0.0,0.0,0.0,0.0,0.0,0.0,DIGBRUXCRN,DIGITAL BRUXZIR,,,False
SANJAM,8070.23,8070.23,0.0,0.0,631.48,1889.99,2985.51,3194.73,0.0,0.0,0.0,0.0,0.0,0.0,0.0,0.0,0.0,DIGEZZCRN,DIGITAL ARTISTIC EZ,,,False
SANMAR,1800.89,1800.89,0.0,0.0,1800.89,0.0,0.0,1800.89,0.0,0.0,0.0,0.0,0.0,0.0,0.0,0.0,0.0,CRNEZZ,ARTISTIC EZ,,,False
SARDEMRI,37882.32,37882.32,0.0,0.0,3474.9599999999996,17861.46,11986.22,8034.64,0.0,0.0,0.0,0.0,0.0,0.0,0.0,0.0,0.0,DENAO4HYT,ALL ON 4 HYBRID DENTURE TRY IN,,,False
SARNIL,781.5,781.5,0.0,0.0,0.0,781.5,0.0,0.0,0.0,0.0,0.0,0.0,0.0,0.0,0.0,0.0,0.0,CRNZAD,ZIRC ADJUST,,,False
SATHAR,1387.33,1387.33,0.0,0.0,185.32,639.96,164.07,583.3,0.0,0.0,0.0,0.0,0.0,0.0,0.0,0.0,0.0,CRA,CRA,,,False
SATHARNA,5644.5,5644.5,0.0,0.0,103.47999999999999,2259.62,3281.4,103.47999999999999,0.0,159.98,0.0,0.0,0.0,159.98,0.0,0.0,0.0,DIGMODCADREM,DIGITAL PRINTED MODEL REMOVABLE (PER ARCH),,,False
SCARAN,2728.36,2728.36,0.0,0.0,607.0799999999999,230.94,970.38,1527.04,0.0,0.0,0.0,0.0,0.0,0.0,0.0,0.0,0.0,PARTIALDUR,FLEXI PARTIAL W/ PINK CLASPS,,,False
SCHCONBE,0.0,0.0,0.0,0.0,0.0,0.0,0.0,0.0,0.0,0.0,0.0,0.0,0.0,0.0,0.0,0.0,0.0,CRNZILAYA,LAYERED ZIRC,,,False
SCHJAC,2296.81,2296.81,0.0,0.0,0.0,0.0,2296.81,0.0,0.0,0.0,0.0,0.0,0.0,0.0,0.0,0.0,0.0,CSSCONSULT,IN OFFICE CONVERSION,,,False
SCHJEF,1011.54,1011.54,0.0,0.0,322.6,185.32,185.32,640.9,0.0,0.0,0.0,0.0,0.0,0.0,0.0,0.0,0.0,DIGCRAHARD,DIGITAL CRA HARD,,,False
SCHJEFOV,130.69,130.69,0.0,0.0,0.0,0.0,130.69,0.0,0.0,0.0,0.0,0.0,0.0,0.0,0.0,0.0,0.0,DIGANALOG,ANALOG DIGITAL IMPRESSION,,,False
SCHJON,4014.86,4014.86,0.0,0.0,0.0,1950.05,2064.81,0.0,0.0,0.0,0.0,0.0,0.0,0.0,0.0,0.0,0.0,DENAO4ZIRC,ALL ON 4 ZIRC DENTURE FINISH W/ H/S COMFORT GUARD,,,False
SCHLAWOH,139.0,139.0,0.0,0.0,0.0,139.0,0.0,0.0,0.0,0.0,0.0,0.0,0.0,0.0,0.0,0.0,0.0,DIGMODCADREM,DIGITAL PRINTED MODEL REMOVABLE (PER ARCH),,,False
SCHMICAO4,1947.0,1947.0,0.0,0.0,0.0,1947.0,0.0,0.0,0.0,0.0,0.0,0.0,0.0,0.0,0.0,0.0,0.0,CSIOSSCAN,CHAIRSIDE IOS SCAN,,,False
SEERAN,4646.85,4646.85,0.0,0.0,1061.34,314.21999999999997,1748.22,2584.41,0.0,179.01,0.0,0.0,0.0,0.0,0.0,179.01,0.0,INFCONT,FDA INFECTION CONTROL,,,False
SEERANNV,1020.28,1020.28,318.0,0.0,92.06,467.91999999999996,368.24,184.12,0.0,0.0,0.0,0.0,0.0,0.0,0.0,0.0,0.0,DIGBRUXCRN,DIGITAL BRUXZIR,,,False
SEFDAV,4836.3,4836.3,0.0,0.0,0.0,2996.99,1694.29,145.02,0.0,0.0,0.0,0.0,0.0,0.0,0.0,0.0,0.0,IMPLPARTS,Implant Parts,,,False
SEHSTE,7774.17,7774.17,0.0,0.0,323.28,4854.35,1933.62,986.1999999999999,0.0,40.41,0.0,0.0,0.0,40.41,0.0,0.0,0.0,DIGBRUXCRN,DIGITAL BRUXZIR,,,False
SEKKAT,53.1,53.1,0.0,0.0,0.0,0.0,0.0,53.1,0.0,0.0,0.0,0.0,0.0,0.0,0.0,0.0,0.0,MODC1,PRINTED STUDY MODEL 1 ARCH,,,False
SENWILL,2437.98,2437.98,0.0,0.0,0.0,516.97,1680.28,240.73000000000002,0.0,0.0,0.0,0.0,0.0,0.0,0.0,0.0,0.0,DENREPCOM,COMPLEX REPAIR,,,False
SEROSA,1546.73,1546.73,0.0,0.0,319.16,0.0,249.61,1297.1200000000001,0.0,0.0,0.0,0.0,0.0,0.0,0.0,0.0,0.0,DIGBRUXCRN,DIGITAL BRUXZIR,,,False
SEROSANV,825.5400000000001,825.5400000000001,0.0,0.0,421.47,0.0,239.37,586.1700000000001,0.0,0.0,0.0,0.0,0.0,0.0,0.0,0.0,0.0,DIGBRUXCRN,DIGITAL BRUXZIR,,,False
SEYHAR,132.6,132.6,0.0,0.0,0.0,0.0,132.6,0.0,0.0,0.0,0.0,0.0,0.0,0.0,0.0,0.0,0.0,ORDERPARTS,ORDER PARTS,,,False
SHAAMI,933.7099999999999,933.7099999999999,0.0,0.0,649.0899999999999,0.0,0.0,933.7099999999999,0.0,35.29,0.0,0.0,35.29,0.0,0.0,35.29,0.0,ART-EVQC-CLSCN,Artistic Call - Scan Quality Review,,,False
SHAATI,6427.29,6427.29,0.0,0.0,310.44,1446.13,1232.54,3748.62,0.0,0.0,0.0,0.0,0.0,0.0,0.0,0.0,0.0,CRAHSC,COMFORT H/S BITE SPLINT,,,False
SHADHALA,875.0,875.0,0.0,0.0,0.0,169.0,706.0,0.0,0.0,0.0,0.0,0.0,0.0,0.0,0.0,0.0,0.0,INFCONT,FDA INFECTION CONTROL,,,False
SHAFAR,344.19,344.19,0.0,0.0,0.0,0.0,0.0,344.19,0.0,0.0,0.0,0.0,0.0,0.0,0.0,0.0,0.0,GINGIVGUIDE,GINGIVECTOMY GUIDE,,,False
SHASYE,367.59000000000003,367.59000000000003,0.0,0.0,0.0,262.84000000000003,104.75,0.0,0.0,0.0,0.0,0.0,0.0,0.0,0.0,0.0,0.0,DTARTICP1,HERAEUS ARTIC POSTERIOR 1 TOOTH,,,False
SHEATM,2341.94,2341.94,0.0,0.0,0.0,838.13,1503.81,0.0,0.0,0.0,0.0,0.0,0.0,0.0,0.0,0.0,0.0,PARTIALDUR,FLEXI PARTIAL W/ PINK CLASPS,,,False
SHECAR,3073.24,3073.24,0.0,0.0,548.65,986.46,1204.48,882.3,0.0,0.0,0.0,0.0,0.0,0.0,0.0,0.0,0.0,PARTIALUNI,UNILATERAL FLEXI PARTIAL,,,False
SHERAY,159.99,159.99,0.0,0.0,0.0,159.99,0.0,0.0,0.0,0.0,0.0,0.0,0.0,0.0,0.0,0.0,0.0,CRA,CRA,,,False
SHESAB,5015.17,5015.17,0.0,0.0,0.0,3817.77,886.96,310.44,0.0,142.97,0.0,0.0,0.0,142.97,0.0,0.0,0.0,CRAHSC,COMFORT H/S BITE SPLINT,,,False
SHESABRV,2388.31,2388.31,0.0,0.0,0.0,1097.62,1290.69,0.0,0.0,46.78,0.0,0.0,0.0,46.78,0.0,0.0,0.0,DIGEZZCRN,DIGITAL ARTISTIC EZ,,,False
SHRRAJ,80.82,80.82,0.0,0.0,80.82,0.0,0.0,80.82,0.0,0.0,0.0,0.0,0.0,0.0,0.0,0.0,0.0,CRNBRUX,BRUXZIR,,,False
SIETOM,15111.32,15111.32,0.0,0.0,1091.3899999999999,6236.57,4221.57,4653.18,0.0,0.0,0.0,0.0,0.0,0.0,0.0,0.0,0.0,DIGBRUXCRN,DIGITAL BRUXZIR,,,False
SIGRIC,1064.15,1064.15,0.0,368.62,163.85,163.06,0.0,532.47,368.62,0.0,0.0,0.0,0.0,0.0,0.0,0.0,0.0,CRADUAL,DUAL CRA,,,False
SILJEN,822.94,822.94,0.0,0.0,0.0,399.0,0.0,423.94,0.0,0.0,0.0,0.0,0.0,0.0,0.0,0.0,0.0,SMARTPARTS,SMART CONVERSION PARTS,,,False
SINJAS,127.49,127.49,0.0,0.0,0.0,127.49,0.0,0.0,0.0,0.0,0.0,0.0,0.0,0.0,0.0,0.0,0.0,CRNCS,CUSTOM SHADING,,,False
SINMAN,19568.19,19568.19,0.0,0.0,1288.8400000000001,8004.23,8166.01,3397.9500000000003,0.0,0.0,0.0,0.0,0.0,0.0,0.0,0.0,0.0,DIGBRUXCRN,DIGITAL BRUXZIR,,,False
SINPAU,18019.56,18019.56,109.0,0.0,1635.0700000000002,7856.1,5073.92,5089.54,0.0,0.0,0.0,0.0,0.0,0.0,0.0,0.0,0.0,CRNBRUX,BRUXZIR,,,False
SINPAUNV,53.1,53.1,0.0,0.0,0.0,0.0,53.1,0.0,0.0,0.0,0.0,0.0,0.0,0.0,0.0,0.0,0.0,MODC1,PRINTED STUDY MODEL 1 ARCH,,,False
SINSUN,5679.71,5679.71,0.0,0.0,0.0,1816.82,1982.0700000000002,1880.82,0.0,0.0,0.0,0.0,0.0,0.0,0.0,0.0,0.0,CRNZIRCBR,ZIRC BRIDGE CARVE G/S 2-5,,,False
SKRLEO,10505.699999999999,10505.699999999999,0.0,0.0,1061.61,4201.19,2939.34,3365.17,0.0,0.0,0.0,0.0,0.0,0.0,0.0,0.0,0.0,CRNDRCALLN,Call Doctor NO Die Trim - C&B,,,False
SLAMIC,640.81,640.81,0.0,0.0,0.0,0.0,0.0,640.81,0.0,0.0,0.0,0.0,0.0,0.0,0.0,0.0,0.0,INFCONT,FDA INFECTION CONTROL,,,False
SLAMICCS,647.02,647.02,0.0,0.0,0.0,0.0,299.12,347.9,0.0,0.0,0.0,0.0,0.0,0.0,0.0,0.0,0.0,MODSTOREM,STONE MODEL REMOVABLE(PER ARCH),,,False
SLAMICDYE,2006.89,2006.89,0.0,0.0,0.0,1021.96,200.0,784.9300000000001,0.0,0.0,0.0,0.0,0.0,0.0,0.0,0.0,0.0,SGSTNTBSKY,CO-DIAGNOSTIX SURGICAL GUIDE,,,False
SLAMICHOM,1788.59,1788.59,0.0,0.0,0.0,231.36,1453.75,103.47999999999999,0.0,0.0,0.0,0.0,0.0,0.0,0.0,0.0,0.0,CRAHSC,COMFORT H/S BITE SPLINT,,,False
SLAMICJOL,11249.36,11249.36,0.0,0.0,222.92000000000002,5459.8099999999995,2760.52,3029.0299999999997,0.0,0.0,0.0,0.0,0.0,0.0,0.0,0.0,0.0,MODSTOREM,STONE MODEL REMOVABLE(PER ARCH),,,False
SMYEMI,528.0,528.0,0.0,0.0,0.0,528.0,0.0,0.0,0.0,0.0,0.0,0.0,0.0,0.0,0.0,0.0,0.0,SMARTADDSITE,SMART CONVERSION ADD SITE,,,False
SOHMUHCP,1293.52,1293.52,0.0,0.0,400.0,638.53,0.0,654.99,0.0,0.0,0.0,0.0,0.0,0.0,0.0,0.0,0.0,SGSTNTBSKY,CO-DIAGNOSTIX SURGICAL GUIDE,,,False
SOHMUHHW,4556.14,4556.14,0.0,0.0,2464.34,0.0,1511.8799999999999,3044.26,0.0,0.0,0.0,0.0,0.0,0.0,0.0,0.0,0.0,SGSTNTBSKY,CO-DIAGNOSTIX SURGICAL GUIDE,,,False
SOHMUHLA,1669.29,1669.29,0.0,0.0,0.0,826.77,842.52,0.0,0.0,0.0,0.0,0.0,0.0,0.0,0.0,0.0,0.0,DENFLIP1-4,FLIPPER 1-4 TEETH,,,False
SOHMUHLAK,3643.12,3643.12,0.0,0.0,563.4300000000001,180.24,1000.3,2462.58,0.0,0.0,0.0,0.0,0.0,0.0,0.0,0.0,0.0,SGADDSITE,SURGICAL GUIDE ADDITIONAL SITE,,,False
SOLLUK,1579.5,1579.5,0.0,240.73000000000002,0.0,6.99,0.0,1331.78,240.73000000000002,0.0,0.0,0.0,0.0,0.0,0.0,0.0,0.0,INFCONT,FDA INFECTION CONTROL,,,False
SOMMEDAU,1344.22,1344.22,0.0,292.54,204.22,847.46,0.0,204.22,292.54,0.0,0.0,0.0,0.0,0.0,0.0,0.0,0.0,ART-EVQC-CLSCN,Artistic Call - Scan Quality Review,,,False
SONSEO,2221.7599999999998,2221.7599999999998,0.0,0.0,954.11,702.94,352.94,1165.8799999999999,0.0,0.0,0.0,0.0,0.0,0.0,0.0,0.0,0.0,DIGBRUXCRN,DIGITAL BRUXZIR,,,False
SOOANUHE,26356.02,26356.02,0.0,0.0,1918.82,8395.19,10542.119999999999,7418.71,0.0,184.12,0.0,0.0,0.0,0.0,184.12,0.0,0.0,CRNBRUX,BRUXZIR,,,False
SPRTOD,284.21,284.21,0.0,0.0,0.0,0.0,284.21,0.0,0.0,0.0,0.0,0.0,0.0,0.0,0.0,0.0,0.0,DENREPCOM,COMPLEX REPAIR,,,False
STAKENCR,1280.3799999999999,1280.3799999999999,0.0,0.0,0.0,876.28,404.09999999999997,0.0,0.0,0.0,0.0,0.0,0.0,0.0,0.0,0.0,0.0,CRNBRUX,BRUXZIR,,,False
STEROK,1667.18,1667.18,0.0,0.0,0.0,818.17,849.01,0.0,0.0,46.02,0.0,0.0,0.0,46.02,0.0,0.0,0.0,DIGBRUXCRN,DIGITAL BRUXZIR,,,False
STODAV,890.0,890.0,0.0,0.0,0.0,890.0,0.0,0.0,0.0,0.0,0.0,0.0,0.0,0.0,0.0,0.0,0.0,DIGBRUXCRN,DIGITAL BRUXZIR,,,False
STOELZ,3611.0,3611.0,0.0,0.0,0.0,2030.93,1023.94,556.13,0.0,0.0,0.0,0.0,0.0,0.0,0.0,0.0,0.0,DENREPCOM,COMPLEX REPAIR,,,False
STOMAR,1564.51,1564.51,0.0,0.0,0.0,1564.51,0.0,0.0,0.0,0.0,0.0,0.0,0.0,0.0,0.0,0.0,0.0,DENAO4ZIRC,ALL ON 4 ZIRC DENTURE FINISH W/ H/S COMFORT GUARD,,,False
STOMARC,10853.3,10853.3,0.0,0.0,0.0,8045.88,2807.42,0.0,0.0,260.83000000000004,0.0,0.0,0.0,214.81,46.02,0.0,0.0,INFCONT,FDA INFECTION CONTROL,,,False
STOSAL,1543.39,1543.39,0.0,0.0,0.0,1543.39,0.0,0.0,0.0,0.0,0.0,0.0,0.0,0.0,0.0,0.0,0.0,DENREPCOM,COMPLEX REPAIR,,,False
STRPET,457.17,457.17,0.0,0.0,457.17,0.0,0.0,457.17,0.0,0.0,0.0,0.0,0.0,0.0,0.0,0.0,0.0,MODSTOREM,STONE MODEL REMOVABLE(PER ARCH),,,False
SUDAMINAP,4472.08,4472.08,0.0,0.0,0.0,2252.31,1147.02,1072.75,0.0,0.0,0.0,0.0,0.0,0.0,0.0,0.0,0.0,DIGEZZCRN,DIGITAL ARTISTIC EZ,,,False
SUHINE,14176.939999999999,14176.939999999999,0.0,168.62,2350.7799999999997,877.17,5894.129999999999,7237.0199999999995,168.62,0.0,0.0,0.0,0.0,0.0,0.0,0.0,0.0,CRNBRUX,BRUXZIR,,,False
SUKGHA,703.52,703.52,0.0,0.0,119.50999999999999,119.94999999999999,0.0,583.57,0.0,0.0,0.0,0.0,0.0,0.0,0.0,0.0,0.0,CRNBRUX,BRUXZIR,,,False
SUKMAJ,7451.3,7451.3,0.0,0.0,0.0,3236.66,2883.73,1330.91,0.0,0.0,0.0,0.0,0.0,0.0,0.0,0.0,0.0,INFCONT,FDA INFECTION CONTROL,,,False
SULKHAFL,37470.96,37470.96,0.0,0.0,3015.77,16590.7,12543.33,8336.93,0.0,38.78,0.0,0.0,0.0,0.0,0.0,38.78,0.0,CSSAO4REP,ALL ON 4 REPAIR,,,False
SUNJOO,7258.650000000001,7258.650000000001,0.0,0.0,0.0,6955.91,302.74,0.0,0.0,0.0,0.0,0.0,0.0,0.0,0.0,0.0,0.0,CRNBRUX,BRUXZIR,,,False
SWEMAT,2300.39,2300.39,0.0,0.0,0.0,770.5799999999999,931.37,598.44,0.0,0.0,0.0,0.0,0.0,0.0,0.0,0.0,0.0,DIGEMAXL,DIGITAL EMAX LAYERED,,,False
SYEMAZ,2620.9,2620.9,0.0,0.0,1175.43,0.0,1310.45,1310.45,0.0,0.0,0.0,0.0,0.0,0.0,0.0,0.0,0.0,CSPHOTO2,PHOTOGRAMMETRY PACKAGE 2,,,False
SYLCOLBL,23813.2,23813.2,0.0,130.14,6545.59,6577.58,6681.23,10424.25,130.14,0.0,0.0,0.0,0.0,0.0,0.0,0.0,0.0,CRNBRUX,BRUXZIR,,,False
SZASCO,6410.05,6410.05,0.0,0.0,0.0,0.0,919.68,5490.370000000001,0.0,0.0,0.0,0.0,0.0,0.0,0.0,0.0,0.0,PARTLESS PROTOYPE,PARTLESS PROTOTYPE,,,False
TADSIM,50428.33,50428.33,0.0,0.0,2775.0,20638.81,15332.890000000001,14456.630000000001,0.0,207.22,0.0,0.0,0.0,39.0,168.22,0.0,0.0,DIGCRAHARD,DIGITAL CRA HARD,,,False
TADSIMFL,1708.8500000000001,1708.8500000000001,0.0,0.0,0.0,1708.8500000000001,0.0,0.0,0.0,0.0,0.0,0.0,0.0,0.0,0.0,0.0,0.0,DIGMODCADFIX,DIGITAL PRINTED MODEL FIXED (PER ARCH),,,False
TANFRA,442.71,442.71,0.0,0.0,0.0,312.96999999999997,129.74,0.0,0.0,0.0,0.0,0.0,0.0,0.0,0.0,0.0,0.0,CRNEZZ,ARTISTIC EZ,,,False
TAPGAR,30557.5,30557.5,0.0,119.50999999999999,1792.15,8843.54,10480.3,11114.15,119.50999999999999,0.0,0.0,0.0,0.0,0.0,0.0,0.0,0.0,CRNBRUX,BRUXZIR,,,False
TEPBER,1084.3600000000001,1084.3600000000001,0.0,0.0,0.0,0.0,312.38,771.98,0.0,0.0,0.0,0.0,0.0,0.0,0.0,0.0,0.0,DIGANALOG,ANALOG DIGITAL IMPRESSION,,,False
TESTDANN,0.0,0.0,0.0,0.0,0.0,0.0,0.0,0.0,0.0,0.0,0.0,0.0,0.0,0.0,0.0,0.0,0.0,DIGBRUXCRN,DIGITAL BRUXZIR,,,False
THADEVHOM,1778.66,1778.66,65.0,0.0,277.90999999999997,227.49,200.23000000000002,1350.94,0.0,0.0,0.0,0.0,0.0,0.0,0.0,0.0,0.0,INFCONT,FDA INFECTION CONTROL,,,False
THADEVJOL,969.06,969.06,0.0,0.0,0.0,746.14,0.0,222.92000000000002,0.0,0.0,0.0,0.0,0.0,0.0,0.0,0.0,0.0,SGSTNTBSKY,CO-DIAGNOSTIX SURGICAL GUIDE,,,False
THADEVOL,445.84000000000003,445.84000000000003,0.0,0.0,222.92000000000002,0.0,222.92000000000002,222.92000000000002,0.0,0.0,0.0,0.0,0.0,0.0,0.0,0.0,0.0,INFCONT,FDA INFECTION CONTROL,,,False
THADEVOP,2698.5,2698.5,0.0,0.0,277.90999999999997,802.26,784.6,1111.64,0.0,0.0,0.0,0.0,0.0,0.0,0.0,0.0,0.0,INFCONT,FDA INFECTION CONTROL,,,False
THASAMWE,509.85,509.85,0.0,0.0,0.0,509.85,0.0,0.0,0.0,0.0,0.0,0.0,0.0,0.0,0.0,0.0,0.0,IMPSCRDES,SCREWMENTABLE CASE,,,False
THOJAM,21822.5,21822.5,0.0,0.0,4422.76,4214.96,9648.83,7958.71,0.0,255.22000000000003,0.0,0.0,0.0,0.0,0.0,255.22000000000003,0.0,DIGPFMCRN,DIGITAL PFM,,,False
TIETER,2847.94,2847.94,0.0,0.0,119.50999999999999,692.85,697.56,1457.53,0.0,0.0,0.0,0.0,0.0,0.0,0.0,0.0,0.0,CRNBRUX,BRUXZIR,,,False
TOKNIC,27467.219999999998,27467.219999999998,0.0,119.50999999999999,3405.12,8034.21,8276.58,11036.92,119.50999999999999,0.0,0.0,0.0,0.0,0.0,0.0,0.0,0.0,CRNBRUX,BRUXZIR,,,False
TOLLAW,1103.83,1103.83,0.0,0.0,0.0,333.79,690.25,79.79,0.0,0.0,0.0,0.0,0.0,0.0,0.0,0.0,0.0,DIGBRUXCRN,DIGITAL BRUXZIR,,,False
TOUKIK,2795.13,2795.13,0.0,0.0,1023.94,0.0,590.27,2204.86,0.0,0.0,0.0,0.0,0.0,0.0,0.0,0.0,0.0,CSSCONSULT,IN OFFICE CONVERSION,,,False
TOWERI,1724.5900000000001,1724.5900000000001,0.0,0.0,844.35,0.0,0.0,1724.5900000000001,0.0,0.0,0.0,0.0,0.0,0.0,0.0,0.0,0.0,DENREPSDAY,SAME DAY COMPLEX REPAIR,,,False
TRALUA,6420.33,6420.33,0.0,0.0,902.03,642.4300000000001,2594.79,3183.1099999999997,0.0,0.0,0.0,0.0,0.0,0.0,0.0,0.0,0.0,DIGBRUXCRN,DIGITAL BRUXZIR,,,False
TREROBWES,53.11,53.11,0.0,0.0,0.0,0.0,53.11,0.0,0.0,0.0,0.0,0.0,0.0,0.0,0.0,0.0,0.0,IMPSCREW,IMPLANT SCREW,,,False
TUCAAR,4327.0,4327.0,0.0,0.0,1659.06,984.94,1683.0,1659.06,0.0,0.0,0.0,0.0,0.0,0.0,0.0,0.0,0.0,SMARTADDSITE,SMART CONVERSION ADD SITE,,,False
TUCAAROL,5604.06,5604.06,0.0,0.0,1122.0,555.06,2381.06,2667.94,0.0,0.0,0.0,0.0,0.0,0.0,0.0,0.0,0.0,SMARTADDSITE,SMART CONVERSION ADD SITE,,,False
TUCELILV,16304.52,16304.52,0.0,0.0,3800.5699999999997,4890.11,5164.45,6249.96,0.0,0.0,0.0,0.0,0.0,0.0,0.0,0.0,0.0,CRNBRUX,BRUXZIR,,,False
TYSMONLB,16956.63,16956.63,0.0,0.0,1579.56,6905.08,5569.97,4481.58,0.0,204.59,0.0,0.0,204.59,0.0,0.0,204.59,0.0,CRNEMAXL,LAYERED EMAX,,,False
TZAALE,154.05,154.05,0.0,0.0,0.0,0.0,154.05,0.0,0.0,0.0,0.0,0.0,0.0,0.0,0.0,0.0,0.0,DIGMODCADREM,DIGITAL PRINTED MODEL REMOVABLE (PER ARCH),,,False
UICAPP,0.0,0.0,0.0,0.0,0.0,0.0,0.0,0.0,0.0,0.0,0.0,0.0,0.0,0.0,0.0,0.0,0.0,CRNMTLREST,METAL REST,,,False
UTAGAB,1501.99,1501.99,0.0,0.0,0.0,1501.99,0.0,0.0,0.0,0.0,0.0,0.0,0.0,0.0,0.0,0.0,0.0,DENAO4ZIRC,ALL ON 4 ZIRC DENTURE FINISH W/ H/S COMFORT GUARD,,,False
VANLAU,4420.28,4420.28,0.0,0.0,803.31,1436.58,1361.14,1622.56,0.0,0.0,0.0,0.0,0.0,0.0,0.0,0.0,0.0,DIGCRAHARD,DIGITAL CRA HARD,,,False
VANMATCH,155.72,155.72,0.0,0.0,155.72,0.0,0.0,155.72,0.0,0.0,0.0,0.0,0.0,0.0,0.0,0.0,0.0,DENCUSTRAY,CUSTOM TRAY,,,False
VANMATWS,5383.57,5383.57,35.0,0.0,377.47,2136.12,2869.98,377.47,0.0,0.0,0.0,0.0,0.0,0.0,0.0,0.0,0.0,DIGEMAXL,DIGITAL EMAX LAYERED,,,False
VARDAN,1140.8799999999999,1140.8799999999999,0.0,0.0,561.63,0.0,0.0,1140.8799999999999,0.0,0.0,0.0,0.0,0.0,0.0,0.0,0.0,0.0,DENAO4,Digital A04 With Surgical Guide,,,False
VAUKRI,0.0,0.0,0.0,0.0,0.0,0.0,0.0,0.0,0.0,0.0,0.0,0.0,0.0,0.0,0.0,0.0,0.0,DENREPSIM,SIMPLE REPAIR,,,False
VAVROBRM,7153.99,7153.99,0.0,0.0,0.0,7153.99,0.0,0.0,0.0,0.0,0.0,0.0,0.0,0.0,0.0,0.0,0.0,DENAO4HYF,ALL ON 4 HYBRID FINISH W/ H/S COMFORT GUARD,,,False
VERANI,3181.0600000000004,3181.0600000000004,0.0,0.0,0.0,469.91,2529.06,182.09,0.0,0.0,0.0,0.0,0.0,0.0,0.0,0.0,0.0,DIGBRUXCRN,DIGITAL BRUXZIR,,,False
VERVIN,8079.93,8079.93,0.0,0.0,1744.34,2972.11,2302.84,2804.98,0.0,0.0,0.0,0.0,0.0,0.0,0.0,0.0,0.0,MODSTOREM,STONE MODEL REMOVABLE(PER ARCH),,,False
VILCOU,6280.13,6280.13,0.0,0.0,0.0,6273.14,6.99,0.0,0.0,0.0,0.0,0.0,0.0,0.0,0.0,0.0,0.0,INFCONT,FDA INFECTION CONTROL,,,False
VILGILCH,5634.7300000000005,5634.7300000000005,0.0,0.0,0.0,4140.7,705.87,788.1600000000001,0.0,316.99,0.0,0.0,0.0,316.99,0.0,0.0,0.0,INFCONT,FDA INFECTION CONTROL,,,False
VILGILNA,724.75,724.75,0.0,0.0,261.89,0.0,368.76,355.99,0.0,0.0,0.0,0.0,0.0,0.0,0.0,0.0,0.0,INFCONT,FDA INFECTION CONTROL,,,False
VINSHY,2949.66,2949.66,0.0,0.0,0.0,1423.56,951.52,574.58,0.0,0.0,0.0,0.0,0.0,0.0,0.0,0.0,0.0,DELIVERY,Shipping Cost,,,False
VITGAI,313.62,313.62,0.0,0.0,0.0,0.0,313.62,0.0,0.0,0.0,0.0,0.0,0.0,0.0,0.0,0.0,0.0,DIGMODCADREM,DIGITAL PRINTED MODEL REMOVABLE (PER ARCH),,,False
VOHSAF,16684.14,16684.14,0.0,0.0,303.96,3178.19,6357.469999999999,7148.4800000000005,0.0,0.0,0.0,0.0,0.0,0.0,0.0,0.0,0.0,CRNPORREST,PORCELAIN REST,,,False
VOLRIC,944.2,944.2,0.0,343.92,0.0,81.78999999999999,518.49,0.0,343.92,0.0,0.0,0.0,0.0,0.0,0.0,0.0,0.0,DENMESHREI,PERMAMESH REINFORCEMENT,,,False
WADAMY,5948.57,5948.57,0.0,0.0,204.59,1350.13,1576.5900000000001,3021.85,0.0,0.0,0.0,0.0,0.0,0.0,0.0,0.0,0.0,ART-EVQC-CLDR,Artistic Call Doctor Requested Call,,,False
WADSAD,107.42,107.42,0.0,0.0,0.0,0.0,107.42,0.0,0.0,0.0,0.0,0.0,0.0,0.0,0.0,0.0,0.0,DIGEZZCRN,DIGITAL ARTISTIC EZ,,,False
WADTAMPH,270.74,270.74,0.0,0.0,0.0,0.0,263.75,6.99,0.0,0.0,0.0,0.0,0.0,0.0,0.0,0.0,0.0,PARTIALCLEAR,CLEAR FLEXIBLE PARTIAL W/ CLASPS,,,False
WALBRIOP,28882.06,28882.06,0.0,0.0,3557.89,9363.39,8155.45,11363.22,0.0,0.0,0.0,0.0,0.0,0.0,0.0,0.0,0.0,CRNZIRCBR,ZIRC BRIDGE CARVE G/S 2-5,,,False
WALNAIWH,1293.53,1293.53,0.0,0.0,0.0,0.0,1293.53,0.0,0.0,0.0,0.0,0.0,0.0,0.0,0.0,0.0,0.0,DENFULPFIN,FULL DENTURE FINISH PREMIUM TEETH,,,False
WALSCO,2684.0,2684.0,0.0,0.0,0.0,1449.49,604.47,630.04,0.0,0.0,0.0,0.0,0.0,0.0,0.0,0.0,0.0,CRNZAD,ZIRC ADJUST,,,False
WALSTEC,694.61,694.61,0.0,0.0,0.0,0.0,694.61,0.0,0.0,0.0,0.0,0.0,0.0,0.0,0.0,0.0,0.0,CRNMETALOC,METAL OCCLUSION/LINGUAL,,,False
WALTIMBER,538.9,538.9,0.0,0.0,0.0,435.49,0.0,103.41,0.0,0.0,0.0,0.0,0.0,0.0,0.0,0.0,0.0,ORTESSEX,ESSEX APPLIANCE,,,False
WARISR,396.71,396.71,0.0,0.0,103.47999999999999,119.94999999999999,173.28,103.47999999999999,0.0,0.0,0.0,0.0,0.0,0.0,0.0,0.0,0.0,DIGMODCADREM,DIGITAL PRINTED MODEL REMOVABLE (PER ARCH),,,False
WARJUD,166.98000000000002,166.98000000000002,0.0,0.0,0.0,166.98000000000002,0.0,0.0,0.0,0.0,0.0,0.0,0.0,0.0,0.0,0.0,0.0,CRA,CRA,,,False
WATASHMU,2033.8500000000001,2033.8500000000001,0.0,0.0,0.0,1516.73,517.12,0.0,0.0,0.0,0.0,0.0,0.0,0.0,0.0,0.0,0.0,DIGCRATHERM,DIGITAL THERMOPLASTIC CRA,,,False
WEBDEN,967.73,967.73,0.0,0.0,0.0,0.0,276.44,691.29,0.0,0.0,0.0,0.0,0.0,0.0,0.0,0.0,0.0,PARTIALUNI,UNILATERAL FLEXI PARTIAL,,,False
WEITHO,2684.6800000000003,2684.6800000000003,0.0,0.0,0.0,2684.6800000000003,0.0,0.0,0.0,0.0,0.0,0.0,0.0,0.0,0.0,0.0,0.0,DIGANALOG,ANALOG DIGITAL IMPRESSION,,,False
WELPAI,6326.39,6326.39,0.0,0.0,986.98,2975.3,1552.97,1798.1200000000001,0.0,0.0,0.0,0.0,0.0,0.0,0.0,0.0,0.0,DIGBRUXCRN,DIGITAL BRUXZIR,,,False
WELPAIFR,89.0,89.0,0.0,0.0,0.0,89.0,0.0,0.0,0.0,0.0,0.0,0.0,0.0,0.0,0.0,0.0,0.0,CRNBRUX,BRUXZIR,,,False
WERROB,476.86,476.86,0.0,0.0,0.0,304.2,0.0,172.66,0.0,0.0,0.0,0.0,0.0,0.0,0.0,0.0,0.0,IMPSCREW,IMPLANT SCREW,,,False
WILJEN,298.28999999999996,298.28999999999996,0.0,0.0,298.28999999999996,0.0,0.0,298.28999999999996,0.0,0.0,0.0,0.0,0.0,0.0,0.0,0.0,0.0,DIGBRUXCRN,DIGITAL BRUXZIR,,,False
WILJIL,556.16,556.16,0.0,0.0,0.0,556.16,0.0,0.0,0.0,0.0,0.0,0.0,0.0,0.0,0.0,0.0,0.0,RETURN,RETURN,,,False
WILJOS,2580.01,2580.01,0.0,142.6,713.0,1005.27,142.6,1289.54,142.6,0.0,0.0,0.0,0.0,0.0,0.0,0.0,0.0,DIGCRAHARD,DIGITAL CRA HARD,,,False
WISPAUBA,103.47999999999999,103.47999999999999,0.0,0.0,0.0,0.0,103.47999999999999,0.0,0.0,0.0,0.0,0.0,0.0,0.0,0.0,0.0,0.0,CRAHSC,COMFORT H/S BITE SPLINT,,,False
WITLEOMOK1,1319.01,1319.01,0.0,0.0,103.47999999999999,430.59999999999997,486.28000000000003,402.13,0.0,0.0,0.0,0.0,0.0,0.0,0.0,0.0,0.0,DIGMODCADREM,DIGITAL PRINTED MODEL REMOVABLE (PER ARCH),,,False
WITLEOMOKE,82.22999999999999,82.22999999999999,0.0,0.0,0.0,0.0,82.22999999999999,0.0,0.0,0.0,0.0,0.0,0.0,0.0,0.0,0.0,0.0,CRAHSC,COMFORT H/S BITE SPLINT,,,False
WITMAT,7836.9400000000005,7836.9400000000005,0.0,0.0,523.24,4090.9,1453.7,2292.34,0.0,0.0,0.0,0.0,0.0,0.0,0.0,0.0,0.0,MODSTOFIX,STONE MODEL FIXED(PER ARCH),,,False
WONANJ,1163.4,1163.4,0.0,0.0,0.0,201.35,962.0500000000001,0.0,0.0,0.0,0.0,0.0,0.0,0.0,0.0,0.0,0.0,CRATHERM,THERMOPLASTIC CRA,,,False
WOOSARLO,584.8199999999999,584.8199999999999,0.0,0.0,584.8199999999999,0.0,0.0,584.8199999999999,0.0,0.0,0.0,0.0,0.0,0.0,0.0,0.0,0.0,INFCONT,FDA INFECTION CONTROL,,,False
WORJOE,40.67,40.67,0.0,0.0,0.0,0.0,40.67,0.0,0.0,0.0,0.0,0.0,0.0,0.0,0.0,0.0,0.0,IMPSCREW,IMPLANT SCREW,,,False
WYLDUS,25942.79,25942.79,0.0,0.0,3604.69,3713.96,14122.75,8106.08,0.0,0.0,0.0,0.0,0.0,0.0,0.0,0.0,0.0,DENAO4ZPT,ALL ON 4 ZIRC DENTURE PROTOTYPE,,,False
YERPAT,20763.89,20763.89,0.0,0.0,3241.73,5365.38,8512.2,6886.31,0.0,92.06,0.0,0.0,0.0,0.0,92.06,0.0,0.0,DENOVDTWTI,FULL OVERDENTURE WTI,,,False
YEUOMA,1714.89,1714.89,0.0,0.0,0.0,1714.89,0.0,0.0,0.0,0.0,0.0,0.0,0.0,0.0,0.0,0.0,0.0,DENAO4ZIRC,ALL ON 4 ZIRC DENTURE FINISH W/ H/S COMFORT GUARD,,,False
YIANIC,26347.02,26347.02,0.0,91.05,2048.21,7597.04,9335.949999999999,9322.98,91.05,0.0,0.0,0.0,0.0,0.0,0.0,0.0,0.0,DIGBRUXCRN,DIGITAL BRUXZIR,,,False
YOOJIN,630.2,630.2,0.0,0.0,6.99,0.0,104.72,525.48,0.0,0.0,0.0,0.0,0.0,0.0,0.0,0.0,0.0,DENAO4TMP,ALL ON 4 - TEMP DENTURE W/ SURG GUIDE,,,False
YOUEHAALL,565.72,565.72,0.0,0.0,80.82,0.0,0.0,565.72,0.0,0.0,0.0,0.0,0.0,0.0,0.0,0.0,0.0,DIGBRUXCRN,DIGITAL BRUXZIR,,,False
YURMATMO,603.52,603.52,0.0,0.0,0.0,327.94,82.22999999999999,193.35,0.0,0.0,0.0,0.0,0.0,0.0,0.0,0.0,0.0,CRNZIADJUS,PORCELAIN TO ZIRCONIA ADJUST/REGLAZE,,,False
ZAIZAC,4310.75,4310.75,0.0,0.0,0.0,827.04,3483.71,0.0,0.0,0.0,0.0,0.0,0.0,0.0,0.0,0.0,0.0,DENAO4TMP,ALL ON 4 - TEMP DENTURE W/ SURG GUIDE,,,False
ZANMAT,0.0,0.0,0.0,0.0,0.0,0.0,0.0,0.0,0.0,0.0,0.0,0.0,0.0,0.0,0.0,0.0,0.0,PARTLESS PROTOYPE,PARTLESS PROTOTYPE,,,False
ZBOANN,10647.19,10647.19,0.0,0.0,1123.44,4889.05,2638.87,3119.27,0.0,0.0,0.0,0.0,0.0,0.0,0.0,0.0,0.0,DENCUSTRAY,CUSTOM TRAY,,,False
ZHAVIV,3048.86,3048.86,0.0,0.0,0.0,0.0,803.42,2245.4399999999996,0.0,193.35,0.0,0.0,0.0,0.0,0.0,193.35,0.0,CRNZAD,ZIRC ADJUST,,,False
ZIEELI,4464.43,4464.43,0.0,0.0,0.0,1947.51,2011.58,505.34000000000003,0.0,0.0,0.0,0.0,0.0,0.0,0.0,0.0,0.0,DENREPCOM,COMPLEX REPAIR,,,False
ZIEMAR,240.73000000000002,240.73000000000002,0.0,0.0,0.0,0.0,0.0,240.73000000000002,0.0,0.0,0.0,0.0,0.0,0.0,0.0,0.0,0.0,DENREPCOM,COMPLEX REPAIR,,,False
ZIEMAT,929.52,929.52,0.0,0.0,433.65000000000003,495.87,0.0,433.65000000000003,0.0,0.0,0.0,0.0,0.0,0.0,0.0,0.0,0.0,DENRELINEH,HEATCURE RELINE,,,False
ZILSIM,2259.83,2259.83,0.0,0.0,623.08,620.22,460.70000000000005,1178.91,0.0,0.0,0.0,0.0,0.0,0.0,0.0,0.0,0.0,DTARTICA1,HERAEUS ARTIC ANTERIOR 1 TOOTH,,,False
ZIVKRI,561.63,561.63,0.0,0.0,561.63,0.0,0.0,561.63,0.0,0.0,0.0,0.0,0.0,0.0,0.0,0.0,0.0,DENAO4,Digital A04 With Surgical Guide,,,False
ZMEMAG,8861.06,8861.06,0.0,0.0,3087.55,2243.43,3282.86,3334.77,0.0,0.0,0.0,0.0,0.0,0.0,0.0,0.0,0.0,DTMONDA6,HERAEUS MONDIAL ANTERIOR 6 TEETH,,,False
ZOLMAR,14009.56,14009.56,0.0,0.0,0.0,5736.55,6710.34,1562.67,0.0,0.0,0.0,0.0,0.0,0.0,0.0,0.0,0.0,CSSAO4REP,ALL ON 4 REPAIR,,,False
