yearmonth,total,remakes,remake_rate
Q1,1376099.3199999998,83175.95999999999,6.04
Q2,546412.22,30268.9,5.54
Q3,0.0,0.0,0.0
Q4,0.0,0.0,0.0
YTD,1922511.54,113444.86,5.9
