yearmonth,total,remakes,remake_rate
Q1,1376099.3199999998,83175.95999999999,6.04
Q2,682539.87,34492.61,5.05
Q3,0.0,0.0,0.0
Q4,0.0,0.0,0.0
YTD,2058639.19,117668.56999999999,5.72
