yearmonth,total,remakes,remake_rate
Q1,1376099.3199999998,83175.95999999999,6.04
Q2,566743.6,31497.86,5.56
Q3,0.0,0.0,0.0
Q4,0.0,0.0,0.0
YTD,1942842.92,114673.82,5.9
