yearmonth,total,remakes,remake_rate
Q1,1376099.32,83175.95999999999,6.04
Q2,663299.7,33685.42,5.08
Q3,0.0,0.0,0.0
Q4,0.0,0.0,0.0
YTD,2039399.02,116861.37999999999,5.73
