yearmonth,total,remakes,remake_rate
Q1,74065.46999999999,5955.85,8.04
Q2,27466.5,2734.7200000000003,9.96
Q3,0.0,0.0,0.0
Q4,0.0,0.0,0.0
YTD,101531.97,8690.57,8.56
