yearmonth,total,remakes,remake_rate
Q1,1376099.3199999998,83175.96,6.04
Q2,699165.1499999999,35737.53,5.11
Q3,0.0,0.0,0.0
Q4,0.0,0.0,0.0
YTD,2075264.47,118913.48999999999,5.73
