yearmonth,total,remakes,remake_rate
Q1,1376099.3199999998,83175.95999999999,6.04
Q2,440887.69,20550.6,4.66
Q3,0.0,0.0,0.0
Q4,0.0,0.0,0.0
YTD,1816987.01,103726.56,5.71
