yearmonth,total,remakes,remake_rate
Q1,1376099.32,83175.95999999999,6.04
Q2,612254.54,32665.259999999995,5.34
Q3,0.0,0.0,0.0
Q4,0.0,0.0,0.0
YTD,1988353.8599999999,115841.22,5.83
