yearmonth,total,remakes,remake_rate
Q1,1376099.3199999998,83175.95999999999,6.04
Q2,589751.0599999999,32309.300000000003,5.48
Q3,0.0,0.0,0.0
Q4,0.0,0.0,0.0
YTD,1965850.38,115485.26000000001,5.87
