status,value,count
In Production,146576.13999999998,525
On Hold,17151.88,103
Outsourced,3174.2000000000003,11
Sent for TryIn,60.0,53
Submitted,0.0,32
